pair_index,sep,left_chunk_id,right_chunk_id,left_rendered_tokens,right_rendered_tokens,joined_tokens,sep_incremental_tokens
0,\n,CRM:p1:0,CRM:p2:0,202,319,522,1
1,\n,CRM:p2:0,CRM:p2:1,319,263,583,1
2,\n,CRM:p2:1,CRM:p2:2,263,287,551,1
3,\n,CRM:p2:2,CRM:p2:3,287,102,390,1
4,\n,CRM:p2:3,CRM:p4:0,102,94,197,1
5,\n,CRM:p4:0,CRM:p4:1,94,123,218,1
6,\n,CRM:p4:1,CRM:p4:2,123,133,257,1
7,\n,CRM:p4:2,CRM:p4:3,133,127,261,1
8,\n,CRM:p4:3,CRM:p4:4,127,104,232,1
9,\n,CRM:p4:4,CRM:p5:0,104,178,283,1
10,\n,CRM:p5:0,CRM:p6:0,178,279,458,1
11,\n,CRM:p6:0,CRM:p6:1,279,132,412,1
12,\n,CRM:p6:1,CRM:p7:0,132,155,288,1
13,\n,CRM:p7:0,CRM:p7:1,155,147,303,1
14,\n,CRM:p7:1,CRM:p8:0,147,65,213,1
15,\n,CRM:p8:0,CRM:p8:1,65,172,237,0
16,\n,CRM:p8:1,CRM:p8:2,172,104,277,1
17,\n,CRM:p8:2,CRM:p9:0,104,163,267,0
18,\n,CRM:p9:0,CRM:p9:1,163,122,286,1
19,\n,CRM:p9:1,CRM:p10:0,122,53,176,1
20,\n,CRM:p10:0,CRM:p10:1,53,173,226,0
21,\n,CRM:p10:1,CRM:p10:2,173,177,350,0
22,\n,CRM:p10:2,CRM:p10:3,177,193,371,1
23,\n,CRM:p10:3,CRM:p11:0,193,197,391,1
24,\n,CRM:p11:0,CRM:p11:1,197,177,374,0
25,\n,CRM:p11:1,CRM:p11:2,177,38,215,0
26,\n,CRM:p11:2,CRM:p12:0,38,67,106,1
27,\n,CRM:p12:0,CRM:p12:1,67,157,224,0
28,\n,CRM:p12:1,CRM:p12:2,157,199,356,0
29,\n,CRM:p12:2,CRM:p13:0,199,56,255,0
30,\n,CRM:p13:0,CRM:p13:1,56,139,195,0
31,\n,CRM:p13:1,CRM:p13:2,139,76,216,1
32,\n,CRM:p13:2,CRM:p13:3,76,137,213,0
33,\n,CRM:p13:3,CRM:p13:4,137,137,274,0
34,\n,CRM:p13:4,CRM:p14:0,137,146,284,1
35,\n,CRM:p14:0,CRM:p14:1,146,137,284,1
36,\n,CRM:p14:1,CRM:p14:2,137,131,269,1
37,\n,CRM:p14:2,CRM:p14:3,131,143,275,1
38,\n,CRM:p14:3,CRM:p15:0,143,46,190,1
39,\n,CRM:p15:0,CRM:p15:1,46,140,187,1
40,\n,CRM:p15:1,CRM:p15:2,140,111,252,1
41,\n,CRM:p15:2,CRM:p16:0,111,113,224,0
42,\n,CRM:p16:0,CRM:p16:1,113,99,213,1
43,\n,CRM:p16:1,CRM:p17:0,99,155,255,1
44,\n,CRM:p17:0,CRM:p17:1,155,144,300,1
45,\n,CRM:p17:1,CRM:p17:2,144,130,274,0
46,\n,CRM:p17:2,CRM:p17:3,130,103,234,1
47,\n,CRM:p17:3,CRM:p18:0,103,167,270,0
48,\n,CRM:p18:0,CRM:p18:1,167,84,252,1
49,\n,CRM:p18:1,CRM:p19:0,84,172,257,1
50,\n,CRM:p19:0,CRM:p19:1,172,167,339,0
51,\n,CRM:p19:1,CRM:p20:0,167,146,314,1
52,\n,CRM:p20:0,CRM:p20:1,146,148,295,1
53,\n,CRM:p20:1,CRM:p21:0,148,80,229,1
54,\n,CRM:p21:0,CRM:p21:1,80,104,185,1
55,\n,CRM:p21:1,CRM:p21:2,104,23,128,1
56,\n,CRM:p21:2,CRM:p22:0,23,287,311,1
57,\n,CRM:p22:0,CRM:p22:1,287,205,492,0
58,\n,CRM:p22:1,CRM:p24:0,205,226,432,1
59,\n,CRM:p24:0,CRM:p24:1,226,251,477,0
60,\n,CRM:p24:1,CRM:p25:0,251,287,538,0
61,\n,CRM:p25:0,CRM:p25:1,287,108,395,0
62,\n,CRM:p25:1,CRM:p26:0,108,222,331,1
63,\n,CRM:p26:0,CRM:p27:0,222,107,329,0
64,\n,CRM:p27:0,CRM:p28:0,107,200,308,1
65,\n,CRM:p28:0,CRM:p29:0,200,84,285,1
66,\n,CRM:p29:0,CRM:p29:1,84,131,216,1
67,\n,CRM:p29:1,CRM:p29:2,131,95,227,1
68,\n,CRM:p29:2,CRM:p30:0,95,299,395,1
69,\n,CRM:p30:0,CRM:p30:1,299,191,491,1
70,\n,CRM:p30:1,CRM:p31:0,191,181,372,0
71,\n,CRM:p31:0,CRM:p32:0,181,161,343,1
72,\n,CRM:p32:0,CRM:p33:0,161,184,346,1
73,\n,CRM:p33:0,CRM:p34:0,184,243,428,1
74,\n,CRM:p34:0,CRM:p35:0,243,132,376,1
75,\n,CRM:p35:0,CRM:p36:0,132,157,290,1
76,\n,CRM:p36:0,CRM:p37:0,157,109,267,1
77,\n,CRM:p37:0,CRM:p38:0,109,113,223,1
78,\n,CRM:p38:0,CRM:p39:0,113,125,239,1
79,\n,CRM:p39:0,CRM:p40:0,125,186,312,1
80,\n,CRM:p40:0,CRM:p41:0,186,109,296,1
81,\n,CRM:p41:0,CRM:p42:0,109,83,193,1
82,\n,CRM:p42:0,CRM:p43:0,83,51,135,1
83,\n,CRM:p43:0,CRM:p44:0,51,82,134,1
84,\n,CRM:p44:0,CRM:p44:1,82,63,146,1
85,\n,CRM:p44:1,CRM:p45:0,63,294,358,1
86,\n,CRM:p45:0,CRM:p45:1,294,180,474,0
87,\n,CRM:p45:1,CRM:p46:0,180,217,398,1
88,\n,CRM:p46:0,CRM:p47:0,217,126,344,1
89,\n,CRM:p47:0,CRM:p48:0,126,205,331,0
90,\n,CRM:p48:0,CRM:p48:1,205,87,293,1
91,\n,CRM:p48:1,CRM:p48:2,87,172,259,0
92,\n,CRM:p48:2,CRM:p49:0,172,49,222,1
93,\n,CRM:p49:0,CRM:p49:1,49,163,213,1
94,\n,CRM:p49:1,CRM:p49:2,163,80,244,1
95,\n,CRM:p49:2,CRM:p49:3,80,290,371,1
96,\n,CRM:p49:3,CRM:p49:4,290,279,570,1
97,\n,CRM:p49:4,CRM:p49:5,279,40,320,1
98,\n,CRM:p49:5,CRM:p50:0,40,61,102,1
99,\n,CRM:p50:0,CRM:p51:0,61,86,148,1
100,\n,CRM:p51:0,CRM:p51:1,86,113,200,1
101,\n,CRM:p51:1,CRM:p51:2,113,90,204,1
102,\n,CRM:p51:2,CRM:p52:0,90,280,371,1
103,\n,CRM:p52:0,CRM:p52:1,280,96,376,0
104,\n,CRM:p52:1,CRM:p52:2,96,131,228,1
105,\n,CRM:p52:2,CRM:p52:3,131,75,207,1
106,\n,CRM:p52:3,CRM:p53:0,75,259,335,1
107,\n,CRM:p53:0,CRM:p53:1,259,156,415,0
108,\n,CRM:p53:1,CRM:p54:0,156,212,369,1
109,\n,CRM:p54:0,CRM:p54:1,212,237,449,0
110,\n,CRM:p54:1,CRM:p55:0,237,205,442,0
111,\n,CRM:p55:0,CRM:p55:1,205,187,392,0
112,\n,CRM:p55:1,CRM:p56:0,187,305,492,0
113,\n,CRM:p56:0,CRM:p56:1,305,70,375,0
114,\n,CRM:p56:1,CRM:p57:0,70,216,287,1
115,\n,CRM:p57:0,CRM:p57:1,216,127,343,0
116,\n,CRM:p57:1,CRM:p58:0,127,212,339,0
117,\n,CRM:p58:0,CRM:p58:1,212,67,280,1
118,\n,CRM:p58:1,CRM:p59:0,67,136,203,0
119,\n,CRM:p59:0,CRM:p59:1,136,121,257,0
120,\n,CRM:p59:1,CRM:p59:2,121,87,208,0
121,\n,CRM:p59:2,CRM:p60:0,87,98,186,1
122,\n,CRM:p60:0,CRM:p61:0,98,79,178,1
123,\n,CRM:p61:0,CRM:p61:1,79,86,166,1
124,\n,CRM:p61:1,CRM:p62:0,86,256,343,1
125,\n,CRM:p62:0,CRM:p62:1,256,175,431,0
126,\n,CRM:p62:1,CRM:p63:0,175,213,389,1
127,\n,CRM:p63:0,CRM:p63:1,213,127,340,0
128,\n,CRM:p63:1,CRM:p64:0,127,237,364,0
129,\n,CRM:p64:0,CRM:p65:0,237,79,317,1
130,\n,CRM:p65:0,CRM:p65:1,79,107,187,1
131,\n,CRM:p65:1,CRM:p65:2,107,33,141,1
132,\n,CRM:p65:2,CRM:p66:0,33,273,307,1
133,\n,CRM:p66:0,CRM:p66:1,273,193,467,1
134,\n,CRM:p66:1,CRM:p68:0,193,57,250,0
135,\n,CRM:p68:0,CRM:p69:0,57,269,326,0
136,\n,CRM:p69:0,CRM:p69:1,269,280,549,0
137,\n,CRM:p69:1,CRM:p69:2,280,89,370,1
138,\n,CRM:p69:2,CRM:p70:0,89,236,325,0
139,\n,CRM:p70:0,CRM:p71:0,236,82,319,1
140,\n,CRM:p71:0,CRM:p71:1,82,78,160,0
141,\n,CRM:p71:1,CRM:p71:2,78,134,213,1
142,\n,CRM:p71:2,CRM:p71:3,134,115,250,1
143,\n,CRM:p71:3,CRM:p71:4,115,111,227,1
144,\n,CRM:p71:4,CRM:p71:5,111,113,225,1
145,\n,CRM:p71:5,CRM:p71:6,113,126,240,1
146,\n,CRM:p71:6,CRM:p71:7,126,123,250,1
147,\n,CRM:p71:7,CRM:p71:8,123,135,258,0
148,\n,CRM:p71:8,CRM:p71:9,135,109,244,0
149,\n,CRM:p71:9,CRM:p71:10,109,104,214,1
150,\n,CRM:p71:10,CRM:p72:0,104,206,311,1
151,\n,CRM:p72:0,CRM:p72:1,206,199,406,1
152,\n,CRM:p72:1,CRM:p72:2,199,181,381,1
153,\n,CRM:p72:2,CRM:p72:3,181,220,402,1
154,\n,CRM:p72:3,CRM:p72:4,220,197,418,1
155,\n,CRM:p72:4,CRM:p72:5,197,60,258,1
156,\n,CRM:p72:5,CRM:p73:0,60,137,198,1
157,\n,CRM:p73:0,CRM:p73:1,137,126,263,0
158,\n,CRM:p73:1,CRM:p75:0,126,99,226,1
159,\n,CRM:p75:0,CRM:p75:1,99,34,134,1
160,\n,CRM:p75:1,CRM:p75:2,34,97,131,0
161,\n,CRM:p75:2,CRM:p75:3,97,95,193,1
162,\n,CRM:p75:3,CRM:p75:4,95,27,123,1
163,\n,CRM:p75:4,CRM:p75:5,27,89,117,1
164,\n,CRM:p75:5,CRM:p75:6,89,26,116,1
165,\n,CRM:p75:6,CRM:p75:7,26,102,129,1
166,\n,CRM:p75:7,CRM:p75:8,102,119,222,1
167,\n,CRM:p75:8,CRM:p75:9,119,70,190,1
168,\n,CRM:p75:9,CRM:p75:10,70,121,191,0
169,\n,CRM:p75:10,CRM:p75:11,121,55,177,1
170,\n,CRM:p75:11,CRM:p75:12,55,99,155,1
171,\n,CRM:p75:12,CRM:p75:13,99,30,130,1
172,\n,CRM:p75:13,CRM:p75:14,30,86,117,1
173,\n,CRM:p75:14,CRM:p75:15,86,100,187,1
174,\n,CRM:p75:15,CRM:p75:16,100,116,217,1
175,\n,CRM:p75:16,CRM:p75:17,116,46,163,1
176,\n,CRM:p75:17,CRM:p75:18,46,90,137,1
177,\n,CRM:p75:18,CRM:p75:19,90,103,194,1
178,\n,CRM:p75:19,CRM:p75:20,103,37,141,1
179,\n,CRM:p75:20,CRM:p75:21,37,101,139,1
180,\n,CRM:p75:21,CRM:p75:22,101,85,187,1
181,\n,CRM:p75:22,CRM:p75:23,85,28,114,1
182,\n,CRM:p75:23,CRM:p75:24,28,100,129,1
183,\n,CRM:p75:24,CRM:p75:25,100,95,196,1
184,\n,CRM:p75:25,CRM:p75:26,95,28,124,1
185,\n,CRM:p75:26,CRM:p75:27,28,88,117,1
186,\n,CRM:p75:27,CRM:p75:28,88,28,117,1
187,\n,CRM:p75:28,CRM:p75:29,28,83,112,1
188,\n,CRM:p75:29,CRM:p75:30,83,90,174,1
189,\n,CRM:p75:30,CRM:p75:31,90,28,119,1
190,\n,CRM:p75:31,CRM:p75:32,28,113,142,1
191,\n,CRM:p75:32,CRM:p75:33,113,39,153,1
192,\n,CRM:p75:33,CRM:p75:34,39,99,139,1
193,\n,CRM:p75:34,CRM:p75:35,99,112,212,1
194,\n,CRM:p75:35,CRM:p75:36,112,25,138,1
195,\n,CRM:p75:36,CRM:p75:37,25,80,106,1
196,\n,CRM:p75:37,CRM:p75:38,80,89,170,1
197,\n,CRM:p75:38,CRM:p75:39,89,92,182,1
198,\n,CRM:p75:39,CRM:p75:40,92,95,188,1
199,\n,CRM:p75:40,CRM:p75:41,95,80,176,1
200,\n,CRM:p75:41,CRM:p75:42,80,85,166,1
201,\n,CRM:p75:42,CRM:p75:43,85,90,176,1
202,\n,CRM:p75:43,CRM:p75:44,90,86,177,1
203,\n,CRM:p75:44,CRM:p75:45,86,106,193,1
204,\n,CRM:p75:45,CRM:p75:46,106,89,196,1
205,\n,CRM:p75:46,CRM:p75:47,89,172,262,1
206,\n,CRM:p75:47,CRM:p75:48,172,177,350,1
207,\n,CRM:p75:48,CRM:p75:49,177,100,278,1
208,\n,CRM:p75:49,CRM:p75:50,100,89,190,1
209,\n,CRM:p75:50,CRM:p75:51,89,87,177,1
210,\n,CRM:p75:51,CRM:p75:52,87,88,176,1
211,\n,CRM:p75:52,CRM:p76:0,88,239,328,1
212,\n,CRM:p76:0,CRM:p76:1,239,212,452,1
213,\n,CRM:p76:1,CRM:p76:2,212,184,397,1
214,\n,CRM:p76:2,CRM:p78:0,184,65,250,1
215,\n,CRM:p78:0,CRM:p79:0,65,167,233,1
216,\n,CRM:p79:0,CRM:p80:0,167,180,348,1
217,\n,CRM:p80:0,CRM:p80:1,180,234,414,0
218,\n,CRM:p80:1,CRM:p80:2,234,192,426,0
219,\n,CRM:p80:2,CRM:p80:3,192,164,356,0
220,\n,CRM:p80:3,CRM:p81:0,164,161,326,1
221,\n,CRM:p81:0,CRM:p82:0,161,157,318,0
222,\n,CRM:p82:0,CRM:p83:0,157,284,442,1
223,\n,CRM:p83:0,CRM:p83:1,284,35,320,1
224,\n,CRM:p83:1,CRM:p84:0,35,84,120,1
225,\n,CRM:p84:0,CRM:p84:1,84,130,215,1
226,\n,CRM:p84:1,CRM:p85:0,130,259,390,1
227,\n,CRM:p85:0,CRM:p85:1,259,120,380,1
228,\n,CRM:p85:1,CRM:p86:0,120,242,363,1
229,\n,CRM:p86:0,CRM:p86:1,242,241,483,0
230,\n,CRM:p86:1,CRM:p87:0,241,147,389,1
231,\n,CRM:p87:0,CRM:p88:0,147,202,350,1
232,\n,CRM:p88:0,CRM:p89:0,202,104,306,0
233,\n,CRM:p89:0,CRM:p90:0,104,56,161,1
234,\n,CRM:p90:0,CRM:p91:0,56,81,138,1
235,\n,CRM:p91:0,CRM:p92:0,81,264,346,1
236,\n,CRM:p92:0,CRM:p92:1,264,81,346,1
237,\n,CRM:p92:1,CRM:p93:0,81,73,155,1
238,\n,CRM:p93:0,CRM:p93:1,73,153,227,1
239,\n,CRM:p93:1,CRM:p93:2,153,111,265,1
240,\n,CRM:p93:2,CRM:p94:0,111,187,299,1
241,\n,CRM:p94:0,CRM:p94:1,187,133,321,1
242,\n,CRM:p94:1,CRM:p94:2,133,45,179,1
243,\n,CRM:p94:2,CRM:p95:0,45,80,126,1
244,\n,CRM:p95:0,CRM:p95:1,80,87,168,1
245,\n,CRM:p95:1,CRM:p96:0,87,277,365,1
246,\n,CRM:p96:0,CRM:p96:1,277,133,411,1
247,\n,CRM:p96:1,CRM:p97:0,133,362,496,1
248,\n,CRM:p97:0,CRM:p98:0,362,296,659,1
249,\n,CRM:p98:0,CRM:p98:1,296,86,382,0
250,\n,CRM:p98:1,CRM:p99:0,86,240,326,0
251,\n,CRM:p99:0,CRM:p99:1,240,280,520,0
252,\n,CRM:p99:1,CRM:p100:0,280,310,591,1
253,\n,CRM:p100:0,CRM:p100:1,310,280,590,0
254,\n,CRM:p100:1,CRM:p100:2,280,93,373,0
255,\n,CRM:p100:2,CMM:p2:0,93,314,408,1
256,\n,CMM:p2:0,CMM:p2:1,314,373,688,1
257,\n,CMM:p2:1,CMM:p2:2,373,79,453,1
258,\n,CMM:p2:2,CMM:p3:0,79,404,484,1
259,\n,CMM:p3:0,CMM:p3:1,404,241,646,1
260,\n,CMM:p3:1,CMM:p4:0,241,150,392,1
261,\n,CMM:p4:0,CMM:p4:1,150,194,345,1
262,\n,CMM:p4:1,CMM:p4:2,194,185,380,1
263,\n,CMM:p4:2,CMM:p4:3,185,128,314,1
264,\n,CMM:p4:3,CMM:p5:0,128,166,295,1
265,\n,CMM:p5:0,CMM:p5:1,166,219,386,1
266,\n,CMM:p5:1,CMM:p5:2,219,204,424,1
267,\n,CMM:p5:2,CMM:p5:3,204,123,328,1
268,\n,CMM:p5:3,CMM:p6:0,123,172,296,1
269,\n,CMM:p6:0,CMM:p6:1,172,213,386,1
270,\n,CMM:p6:1,CMM:p6:2,213,222,436,1
271,\n,CMM:p6:2,CMM:p6:3,222,91,314,1
272,\n,CMM:p6:3,CMM:p7:0,91,125,217,1
273,\n,CMM:p7:0,CMM:p7:1,125,96,222,1
274,\n,CMM:p7:1,CMM:p7:2,96,112,209,1
275,\n,CMM:p7:2,CMM:p7:3,112,98,211,1
276,\n,CMM:p7:3,CMM:p8:0,98,206,305,1
277,\n,CMM:p8:0,CMM:p8:1,206,162,369,1
278,\n,CMM:p8:1,CMM:p8:2,162,34,197,1
279,\n,CMM:p8:2,CMM:p9:0,34,233,268,1
280,\n,CMM:p9:0,CMM:p10:0,233,351,584,0
281,\n,CMM:p10:0,CMM:p10:1,351,66,418,1
282,\n,CMM:p10:1,CMM:p11:0,66,271,338,1
283,\n,CMM:p11:0,CMM:p12:0,271,264,535,0
284,\n,CMM:p12:0,CMM:p12:1,264,261,525,0
285,\n,CMM:p12:1,CMM:p12:2,261,67,328,0
286,\n,CMM:p12:2,CMM:p13:0,67,290,357,0
287,\n,CMM:p13:0,CMM:p13:1,290,117,408,1
288,\n,CMM:p13:1,CMM:p13:2,117,258,375,0
289,\n,CMM:p13:2,CMM:p13:3,258,207,465,0
290,\n,CMM:p13:3,CMM:p14:0,207,237,445,1
291,\n,CMM:p14:0,CMM:p14:1,237,152,389,0
292,\n,CMM:p14:1,CMM:p14:2,152,157,309,0
293,\n,CMM:p14:2,CMM:p14:3,157,153,311,1
294,\n,CMM:p14:3,CMM:p15:0,153,250,403,0
295,\n,CMM:p15:0,CMM:p15:1,250,202,452,0
296,\n,CMM:p15:1,CMM:p15:2,202,151,353,0
297,\n,CMM:p15:2,CMM:p16:0,151,234,385,0
298,\n,CMM:p16:0,CMM:p16:1,234,240,474,0
299,\n,CMM:p16:1,CMM:p16:2,240,262,502,0
300,\n,CMM:p16:2,CMM:p17:0,262,192,454,0
301,\n,CMM:p17:0,CMM:p17:1,192,250,443,1
302,\n,CMM:p17:1,CMM:p17:2,250,236,487,1
303,\n,CMM:p17:2,CMM:p18:0,236,257,493,0
304,\n,CMM:p18:0,CMM:p18:1,257,282,539,0
305,\n,CMM:p18:1,CMM:p18:2,282,154,436,0
306,\n,CMM:p18:2,CMM:p19:0,154,266,420,0
307,\n,CMM:p19:0,CMM:p19:1,266,86,352,0
308,\n,CMM:p19:1,CMM:p20:0,86,181,267,0
309,\n,CMM:p20:0,CMM:p20:1,181,312,494,1
310,\n,CMM:p20:1,CMM:p20:2,312,309,622,1
311,\n,CMM:p20:2,CMM:p20:3,309,124,434,1
312,\n,CMM:p20:3,CMM:p21:0,124,310,435,1
313,\n,CMM:p21:0,CMM:p21:1,310,276,586,0
314,\n,CMM:p21:1,CMM:p21:2,276,68,344,0
315,\n,CMM:p21:2,CMM:p22:0,68,290,358,0
316,\n,CMM:p22:0,CMM:p23:0,290,277,568,1
317,\n,CMM:p23:0,CMM:p23:1,277,125,402,0
318,\n,CMM:p23:1,CMM:p23:2,125,177,303,1
319,\n,CMM:p23:2,CMM:p23:3,177,169,346,0
320,\n,CMM:p23:3,CMM:p24:0,169,92,261,0
321,\n,CMM:p24:0,CMM:p24:1,92,219,312,1
322,\n,CMM:p24:1,CMM:p24:2,219,228,448,1
323,\n,CMM:p24:2,CMM:p24:3,228,27,256,1
324,\n,CMM:p24:3,CMM:p25:0,27,129,157,1
325,\n,CMM:p25:0,CMM:p26:0,129,131,260,0
326,\n,CMM:p26:0,CMM:p27:0,131,86,217,0
327,\n,CMM:p27:0,CMM:p27:1,86,280,366,0
328,\n,CMM:p27:1,CMM:p27:2,280,77,358,1
329,\n,CMM:p27:2,CMM:p27:3,77,188,265,0
330,\n,CMM:p27:3,CMM:p27:4,188,290,478,0
331,\n,CMM:p27:4,CMM:p28:0,290,310,601,1
332,\n,CMM:p28:0,CMM:p28:1,310,138,449,1
333,\n,CMM:p28:1,CMM:p28:2,138,263,402,1
334,\n,CMM:p28:2,CMM:p29:0,263,89,353,1
335,\n,CMM:p29:0,CMM:p29:1,89,317,406,0
336,\n,CMM:p29:1,CMM:p29:2,317,174,491,0
337,\n,CMM:p29:2,CMM:p29:3,174,193,367,0
338,\n,CMM:p29:3,CMM:p30:0,193,192,385,0
339,\n,CMM:p30:0,CMM:p30:1,192,328,520,0
340,\n,CMM:p30:1,CMM:p30:2,328,149,478,1
341,\n,CMM:p30:2,CMM:p30:3,149,269,418,0
342,\n,CMM:p30:3,CMM:p31:0,269,344,613,0
343,\n,CMM:p31:0,CMM:p31:1,344,322,666,0
344,\n,CMM:p31:1,CMM:p31:2,322,72,395,1
345,\n,CMM:p31:2,CMM:p31:3,72,221,294,1
346,\n,CMM:p31:3,CMM:p32:0,221,259,480,0
347,\n,CMM:p32:0,CMM:p32:1,259,305,564,0
348,\n,CMM:p32:1,CMM:p32:2,305,143,448,0
349,\n,CMM:p32:2,CMM:p33:0,143,333,476,0
350,\n,CMM:p33:0,CMM:p33:1,333,326,659,0
351,\n,CMM:p33:1,CMM:p33:2,326,179,505,0
352,\n,CMM:p33:2,CMM:p34:0,179,311,490,0
353,\n,CMM:p34:0,CMM:p34:1,311,87,398,0
354,\n,CMM:p34:1,CMM:p34:2,87,281,368,0
355,\n,CMM:p34:2,CMM:p34:3,281,52,333,0
356,\n,CMM:p34:3,CMM:p34:4,52,168,220,0
357,\n,CMM:p34:4,CMM:p35:0,168,266,434,0
358,\n,CMM:p35:0,CMM:p35:1,266,263,529,0
359,\n,CMM:p35:1,CMM:p35:2,263,310,573,0
360,\n,CMM:p35:2,CMM:p35:3,310,44,354,0
361,\n,CMM:p35:3,CMM:p36:0,44,271,315,0
362,\n,CMM:p36:0,CMM:p36:1,271,150,421,0
363,\n,CMM:p36:1,CMM:p36:2,150,223,373,0
364,\n,CMM:p36:2,CMM:p36:3,223,149,373,1
365,\n,CMM:p36:3,CMM:p37:0,149,209,359,1
366,\n,CMM:p37:0,CMM:p37:1,209,216,426,1
367,\n,CMM:p37:1,CMM:p37:2,216,222,438,0
368,\n,CMM:p37:2,CMM:p38:0,222,231,453,0
369,\n,CMM:p38:0,CMM:p39:0,231,186,418,1
370,\n,CMM:p39:0,CMM:p39:1,186,134,320,0
371,\n,CMM:p39:1,CMM:p39:2,134,171,305,0
372,\n,CMM:p39:2,CMM:p39:3,171,230,401,0
373,\n,CMM:p39:3,CMM:p40:0,230,285,516,1
374,\n,CMM:p40:0,CMM:p40:1,285,254,539,0
375,\n,CMM:p40:1,CMM:p40:2,254,238,492,0
376,\n,CMM:p40:2,CMM:p41:0,238,226,464,0
377,\n,CMM:p41:0,CMM:p41:1,226,100,326,0
378,\n,CMM:p41:1,CMM:p41:2,100,258,358,0
379,\n,CMM:p41:2,CMM:p41:3,258,137,396,1
380,\n,CMM:p41:3,CMM:p42:0,137,279,416,0
381,\n,CMM:p42:0,CMM:p42:1,279,272,552,1
382,\n,CMM:p42:1,CMM:p42:2,272,148,421,1
383,\n,CMM:p42:2,CMM:p43:0,148,304,452,0
384,\n,CMM:p43:0,CMM:p43:1,304,54,359,1
385,\n,CMM:p43:1,CMM:p43:2,54,153,207,0
386,\n,CMM:p43:2,CMM:p43:3,153,188,341,0
387,\n,CMM:p43:3,CMM:p43:4,188,147,335,0
388,\n,CMM:p43:4,CMM:p44:0,147,146,293,0
389,\n,CMM:p44:0,CMM:p44:1,146,320,467,1
390,\n,CMM:p44:1,CMM:p44:2,320,90,410,0
391,\n,CMM:p44:2,CMM:p44:3,90,92,183,1
392,\n,CMM:p44:3,CMM:p45:0,92,300,392,0
393,\n,CMM:p45:0,CMM:p45:1,300,59,359,0
394,\n,CMM:p45:1,CMM:p45:2,59,291,350,0
395,\n,CMM:p45:2,CMM:p45:3,291,222,513,0
396,\n,CMM:p45:3,CMM:p46:0,222,158,380,0
397,\n,CMM:p46:0,CMM:p46:1,158,265,423,0
398,\n,CMM:p46:1,CMM:p46:2,265,271,536,0
399,\n,CMM:p46:2,CMM:p46:3,271,134,405,0
400,\n,CMM:p46:3,CMM:p47:0,134,153,287,0
401,\n,CMM:p47:0,CMM:p47:1,153,296,450,1
402,\n,CMM:p47:1,CMM:p47:2,296,44,341,1
403,\n,CMM:p47:2,CMM:p48:0,44,140,184,0
404,\n,CMM:p48:0,CMM:p48:1,140,300,441,1
405,\n,CMM:p48:1,CMM:p48:2,300,114,415,1
406,\n,CMM:p48:2,CMM:p49:0,114,263,377,0
407,\n,CMM:p49:0,CMM:p49:1,263,125,388,0
408,\n,CMM:p49:1,CMM:p49:2,125,252,377,0
409,\n,CMM:p49:2,CMM:p49:3,252,277,529,0
410,\n,CMM:p49:3,CMM:p50:0,277,201,478,0
411,\n,CMM:p50:0,CMM:p50:1,201,282,483,0
412,\n,CMM:p50:1,CMM:p50:2,282,90,373,1
413,\n,CMM:p50:2,CMM:p50:3,90,228,318,0
414,\n,CMM:p50:3,CMM:p51:0,228,297,525,0
415,\n,CMM:p51:0,CMM:p51:1,297,268,566,1
416,\n,CMM:p51:1,CMM:p51:2,268,252,521,1
417,\n,CMM:p51:2,CMM:p51:3,252,45,298,1
418,\n,CMM:p51:3,CMM:p52:0,45,107,152,0
419,\n,CMM:p52:0,CMM:p52:1,107,262,369,0
420,\n,CMM:p52:1,CMM:p52:2,262,164,426,0
421,\n,CMM:p52:2,CMM:p53:0,164,329,493,0
422,\n,CMM:p53:0,CMM:p53:1,329,299,629,1
423,\n,CMM:p53:1,CMM:p53:2,299,223,522,0
424,\n,CMM:p53:2,CMM:p54:0,223,325,548,0
425,\n,CMM:p54:0,CMM:p54:1,325,192,517,0
426,\n,CMM:p54:1,CMM:p54:2,192,318,510,0
427,\n,CMM:p54:2,CMM:p54:3,318,49,368,1
428,\n,CMM:p54:3,CMM:p55:0,49,284,333,0
429,\n,CMM:p55:0,CMM:p55:1,284,109,394,1
430,\n,CMM:p55:1,CMM:p55:2,109,242,351,0
431,\n,CMM:p55:2,CMM:p55:3,242,277,519,0
432,\n,CMM:p55:3,CMM:p56:0,277,236,514,1
433,\n,CMM:p56:0,CMM:p56:1,236,232,468,0
434,\n,CMM:p56:1,CMM:p56:2,232,281,514,1
435,\n,CMM:p56:2,CMM:p57:0,281,351,632,0
436,\n,CMM:p57:0,CMM:p57:1,351,316,667,0
437,\n,CMM:p57:1,CMM:p57:2,316,184,500,0
438,\n,CMM:p57:2,CMM:p57:3,184,111,295,0
439,\n,CMM:p57:3,CMM:p58:0,111,212,323,0
440,\n,CMM:p58:0,CMM:p58:1,212,278,490,0
441,\n,CMM:p58:1,CMM:p58:2,278,323,601,0
442,\n,CMM:p58:2,CMM:p58:3,323,84,408,1
443,\n,CMM:p58:3,CMM:p59:0,84,298,382,0
444,\n,CMM:p59:0,CMM:p59:1,298,232,530,0
445,\n,CMM:p59:1,CMM:p60:0,232,226,458,0
446,\n,CMM:p60:0,CMM:p60:1,226,238,464,0
447,\n,CMM:p60:1,CMM:p60:2,238,51,289,0
448,\n,CMM:p60:2,CMM:p61:0,51,225,276,0
449,\n,CMM:p61:0,CMM:p61:1,225,244,469,0
450,\n,CMM:p61:1,CMM:p61:2,244,231,475,0
451,\n,CMM:p61:2,CMM:p62:0,231,236,467,0
452,\n,CMM:p62:0,CMM:p63:0,236,274,510,0
453,\n,CMM:p63:0,CMM:p63:1,274,233,507,0
454,\n,CMM:p63:1,CMM:p63:2,233,229,462,0
455,\n,CMM:p63:2,CMM:p64:0,229,175,404,0
456,\n,CMM:p64:0,CMM:p64:1,175,193,369,1
457,\n,CMM:p64:1,CMM:p64:2,193,103,296,0
458,\n,CMM:p64:2,CMM:p65:0,103,212,316,1
459,\n,CMM:p65:0,CMM:p65:1,212,74,286,0
460,\n,CMM:p65:1,CMM:p65:2,74,268,342,0
461,\n,CMM:p65:2,CMM:p65:3,268,100,368,0
462,\n,CMM:p65:3,CMM:p66:0,100,185,285,0
463,\n,CMM:p66:0,CMM:p66:1,185,175,361,1
464,\n,CMM:p66:1,CMM:p66:2,175,117,292,0
465,\n,CMM:p66:2,CMM:p67:0,117,206,324,1
466,\n,CMM:p67:0,CMM:p67:1,206,88,294,0
467,\n,CMM:p67:1,CMM:p67:2,88,158,247,1
468,\n,CMM:p67:2,CMM:p68:0,158,277,436,1
469,\n,CMM:p68:0,CMM:p68:1,277,237,515,1
470,\n,CMM:p68:1,CMM:p69:0,237,246,483,0
471,\n,CMM:p69:0,CMM:p69:1,246,298,545,1
472,\n,CMM:p69:1,CMM:p69:2,298,160,459,1
473,\n,CMM:p69:2,CMM:p70:0,160,302,462,0
474,\n,CMM:p70:0,CMM:p70:1,302,259,561,0
475,\n,CMM:p70:1,CMM:p70:2,259,280,539,0
476,\n,CMM:p70:2,CMM:p70:3,280,43,323,0
477,\n,CMM:p70:3,CMM:p71:0,43,233,276,0
478,\n,CMM:p71:0,CMM:p71:1,233,136,369,0
479,\n,CMM:p71:1,CMM:p72:0,136,313,449,0
480,\n,CMM:p72:0,CMM:p72:1,313,260,573,0
481,\n,CMM:p72:1,CMM:p72:2,260,132,392,0
482,\n,CMM:p72:2,CMM:p73:0,132,173,305,0
483,\n,CMM:p73:0,CMM:p74:0,173,95,269,1
484,\n,CMM:p74:0,CMM:p74:1,95,276,371,0
485,\n,CMM:p74:1,CMM:p74:2,276,192,468,0
486,\n,CMM:p74:2,CMM:p74:3,192,182,374,0
487,\n,CMM:p74:3,CMM:p75:0,182,285,467,0
488,\n,CMM:p75:0,CMM:p75:1,285,250,536,1
489,\n,CMM:p75:1,CMM:p75:2,250,249,499,0
490,\n,CMM:p75:2,CMM:p75:3,249,68,317,0
491,\n,CMM:p75:3,CMM:p76:0,68,261,329,0
492,\n,CMM:p76:0,CMM:p76:1,261,273,535,1
493,\n,CMM:p76:1,CMM:p76:2,273,272,545,0
494,\n,CMM:p76:2,CMM:p76:3,272,70,342,0
495,\n,CMM:p76:3,CMM:p77:0,70,78,148,0
496,\n,CMM:p77:0,CMM:p77:1,78,246,324,0
497,\n,CMM:p77:1,CMM:p77:2,246,232,478,0
498,\n,CMM:p77:2,CMM:p77:3,232,257,489,0
499,\n,CMM:p77:3,CMM:p78:0,257,242,500,1
500,\n,CMM:p78:0,CMM:p78:1,242,270,513,1
501,\n,CMM:p78:1,CMM:p78:2,270,175,445,0
502,\n,CMM:p78:2,CMM:p78:3,175,113,288,0
503,\n,CMM:p78:3,CMM:p79:0,113,254,367,0
504,\n,CMM:p79:0,CMM:p79:1,254,257,511,0
505,\n,CMM:p79:1,CMM:p79:2,257,270,528,1
506,\n,CMM:p79:2,CMM:p80:0,270,269,539,0
507,\n,CMM:p80:0,CMM:p80:1,269,243,513,1
508,\n,CMM:p80:1,CMM:p80:2,243,189,432,0
509,\n,CMM:p80:2,CMM:p81:0,189,199,388,0
510,\n,CMM:p81:0,CMM:p81:1,199,242,441,0
511,\n,CMM:p81:1,CMM:p81:2,242,242,484,0
512,\n,CMM:p81:2,CMM:p81:3,242,116,358,0
513,\n,CMM:p81:3,CMM:p82:0,116,273,390,1
514,\n,CMM:p82:0,CMM:p82:1,273,242,515,0
515,\n,CMM:p82:1,CMM:p82:2,242,149,391,0
516,\n,CMM:p82:2,CMM:p83:0,149,252,402,1
517,\n,CMM:p83:0,CMM:p83:1,252,236,488,0
518,\n,CMM:p83:1,CMM:p83:2,236,221,458,1
519,\n,CMM:p83:2,CMM:p83:3,221,128,349,0
520,\n,CMM:p83:3,CMM:p84:0,128,264,392,0
521,\n,CMM:p84:0,CMM:p84:1,264,249,513,0
522,\n,CMM:p84:1,CMM:p84:2,249,273,522,0
523,\n,CMM:p84:2,CMM:p85:0,273,279,553,1
524,\n,CMM:p85:0,CMM:p85:1,279,270,549,0
525,\n,CMM:p85:1,CMM:p85:2,270,73,344,1
526,\n,CMM:p85:2,CMM:p86:0,73,242,315,0
527,\n,CMM:p86:0,CMM:p86:1,242,258,500,0
528,\n,CMM:p86:1,CMM:p86:2,258,202,460,0
529,\n,CMM:p86:2,CMM:p87:0,202,112,314,0
530,\n,CMM:p87:0,CMM:p87:1,112,252,364,0
531,\n,CMM:p87:1,CMM:p87:2,252,234,487,1
532,\n,CMM:p87:2,CMM:p87:3,234,151,385,0
533,\n,CMM:p87:3,CMM:p88:0,151,246,397,0
534,\n,CMM:p88:0,CMM:p88:1,246,134,381,1
535,\n,CMM:p88:1,CMM:p88:2,134,94,228,0
536,\n,CMM:p88:2,CMM:p88:3,94,260,354,0
537,\n,CMM:p88:3,CMM:p88:4,260,165,426,1
538,\n,CMM:p88:4,CMM:p89:0,165,280,445,0
539,\n,CMM:p89:0,CMM:p89:1,280,299,580,1
540,\n,CMM:p89:1,CMM:p89:2,299,241,541,1
541,\n,CMM:p89:2,CMM:p89:3,241,65,307,1
542,\n,CMM:p89:3,CMM:p90:0,65,220,285,0
543,\n,CMM:p90:0,CMM:p90:1,220,45,265,0
544,\n,CMM:p90:1,CMM:p90:2,45,263,308,0
545,\n,CMM:p90:2,CMM:p90:3,263,219,483,1
546,\n,CMM:p90:3,CMM:p91:0,219,236,455,0
547,\n,CMM:p91:0,CMM:p91:1,236,253,490,1
548,\n,CMM:p91:1,CMM:p91:2,253,145,398,0
549,\n,CMM:p91:2,CMM:p92:0,145,226,371,0
550,\n,CMM:p92:0,CMM:p92:1,226,253,480,1
551,\n,CMM:p92:1,CMM:p92:2,253,241,495,1
552,\n,CMM:p92:2,CMM:p92:3,241,89,331,1
553,\n,CMM:p92:3,CMM:p93:0,89,112,202,1
554,\n,CMM:p93:0,CMM:p93:1,112,248,360,0
555,\n,CMM:p93:1,CMM:p93:2,248,182,430,0
556,\n,CMM:p93:2,CMM:p93:3,182,291,473,0
557,\n,CMM:p93:3,CMM:p94:0,291,236,527,0
558,\n,CMM:p94:0,CMM:p94:1,236,266,502,0
559,\n,CMM:p94:1,CMM:p94:2,266,258,525,1
560,\n,CMM:p94:2,CMM:p94:3,258,135,394,1
561,\n,CMM:p94:3,CMM:p95:0,135,268,403,0
562,\n,CMM:p95:0,CMM:p95:1,268,283,551,0
563,\n,CMM:p95:1,CMM:p95:2,283,290,573,0
564,\n,CMM:p95:2,CMM:p95:3,290,70,361,1
565,\n,CMM:p95:3,CMM:p96:0,70,93,163,0
566,\n,CMM:p96:0,CMM:p96:1,93,243,336,0
567,\n,CMM:p96:1,CMM:p96:2,243,270,513,0
568,\n,CMM:p96:2,CMM:p96:3,270,239,509,0
569,\n,CMM:p96:3,CMM:p97:0,239,289,528,0
570,\n,CMM:p97:0,CMM:p97:1,289,120,410,1
571,\n,CMM:p97:1,CMM:p97:2,120,299,419,0
572,\n,CMM:p97:2,CMM:p97:3,299,99,398,0
573,\n,CMM:p97:3,CMM:p98:0,99,214,313,0
574,\n,CMM:p98:0,CMM:p98:1,214,132,347,1
575,\n,CMM:p98:1,CMM:p98:2,132,242,374,0
576,\n,CMM:p98:2,CMM:p98:3,242,165,407,0
577,\n,CMM:p98:3,CMM:p99:0,165,169,334,0
578,\n,CMM:p99:0,CMM:p99:1,169,249,418,0
579,\n,CMM:p99:1,CMM:p99:2,249,273,522,0
580,\n,CMM:p99:2,CMM:p99:3,273,120,394,1
581,\n,CMM:p99:3,CMM:p99:4,120,67,187,0
582,\n,CMM:p99:4,CMM:p100:0,67,141,208,0
583,\n,CMM:p100:0,CMM:p100:1,141,253,394,0
584,\n,CMM:p100:1,CMM:p100:2,253,234,488,1
585,\n,CMM:p100:2,CMM:p100:3,234,51,286,1
586,\n,CMM:p100:3,CMM:p100:4,51,119,170,0
587,\n,CMM:p100:4,CMM:p101:0,119,266,385,0
588,\n,CMM:p101:0,CMM:p101:1,266,109,375,0
589,\n,CMM:p101:1,CMM:p101:2,109,251,360,0
590,\n,CMM:p101:2,CMM:p101:3,251,147,398,0
591,\n,CMM:p101:3,CMM:p102:0,147,260,407,0
592,\n,CMM:p102:0,CMM:p102:1,260,189,449,0
593,\n,CMM:p102:1,CMM:p103:0,189,373,562,0
594,\n,CMM:p103:0,CMM:p103:1,373,76,450,1
595,\n,CMM:p103:1,CMM:p104:0,76,427,504,1
596,\n,CMM:p104:0,CMM:p105:0,427,479,907,1
597,\n,CMM:p105:0,CMM:p106:0,479,495,975,1
598,\n,CMM:p106:0,CMM:p107:0,495,324,820,1
599,\n,CMM:p107:0,CMM:p108:0,324,432,757,1
600,\n,CMM:p108:0,CMM:p109:0,432,514,947,1
601,\n,CMM:p109:0,CMM:p110:0,514,295,810,1
602,\n,CMM:p110:0,CMM:p111:0,295,128,424,1
603,\n,CMM:p111:0,CMM:p112:0,128,38,166,0
604,\n,CMM:p112:0,CMM:p113:0,38,325,364,1
605,\n,CMM:p113:0,CMM:p113:1,325,329,655,1
606,\n,CMM:p113:1,CMM:p113:2,329,301,631,1
607,\n,CMM:p113:2,CMM:p113:3,301,102,404,1
608,\n,CMM:p113:3,CMM:p114:0,102,324,427,1
609,\n,CMM:p114:0,CMM:p114:1,324,325,650,1
610,\n,CMM:p114:1,CMM:p114:2,325,302,628,1
611,\n,CMM:p114:2,CMM:p114:3,302,123,426,1
612,\n,CMM:p114:3,CMM:p115:0,123,311,435,1
613,\n,CMM:p115:0,CMM:p115:1,311,279,591,1
614,\n,CMM:p115:1,CMM:p115:2,279,232,512,1
615,\n,CMM:p115:2,CMM:p116:0,232,319,552,1
616,\n,CMM:p116:0,CMM:p116:1,319,317,637,1
617,\n,CMM:p116:1,CMM:p116:2,317,293,611,1
618,\n,CMM:p116:2,CMM:p116:3,293,112,406,1
619,\n,CMM:p116:3,CMM:p117:0,112,35,148,1
620,\n,CMM:p117:0,CMM:p118:0,35,299,335,1
621,\n,CMM:p118:0,CMM:p118:1,299,293,593,1
622,\n,CMM:p118:1,CMM:p118:2,293,163,457,1
623,\n,CMM:p118:2,CMM:p119:0,163,327,491,1
624,\n,CMM:p119:0,CMM:p119:1,327,306,633,0
625,\n,CMM:p119:1,CMM:p119:2,306,284,591,1
626,\n,CMM:p119:2,CMM:p119:3,284,34,318,0
627,\n,CMM:p119:3,CMM:p120:0,34,136,171,1
628,\n,CMM:p120:0,CMM:p121:0,136,111,248,1
629,\n,CMM:p121:0,CMM:p122:0,111,36,148,1
630,\n,CMM:p122:0,CMM:p123:0,36,138,175,1
631,\n,CMM:p123:0,CMM:p123:1,138,67,206,1
632,\n,CMM:p123:1,CMM:p124:0,67,116,184,1
633,\n,CMM:p124:0,CMM:p124:1,116,81,198,1
634,\n,CMM:p124:1,CMM:p125:0,81,126,207,0
635,\n,CMM:p125:0,CMM:p126:0,126,113,240,1
636,\n,CMM:p126:0,CMM:p126:1,113,30,144,1
637,\n,CMM:p126:1,CMM:p127:0,30,162,193,1
638,\n,CMM:p127:0,CMM:p128:0,162,92,255,1
639,\n,CMM:p128:0,CMM:p129:0,92,96,189,1
640,\n,CMM:p129:0,CMM:p130:0,96,322,419,1
641,\n,CMM:p130:0,CMM:p131:0,322,294,617,1
642,\n,CMM:p131:0,CMM:p131:1,294,248,543,1
643,\n,CMM:p131:1,CMM:p132:0,248,346,595,1
644,\n,CMM:p132:0,CMM:p132:1,346,231,578,1
645,\n,CMM:p132:1,CMM:p133:0,231,251,483,1
646,\n,CMM:p133:0,EMM:p2:0,251,266,518,1
647,\n,EMM:p2:0,EMM:p2:1,266,262,529,1
648,\n,EMM:p2:1,EMM:p2:2,262,260,522,0
649,\n,EMM:p2:2,EMM:p2:3,260,221,482,1
650,\n,EMM:p2:3,EMM:p3:0,221,140,362,1
651,\n,EMM:p3:0,EMM:p3:1,140,283,424,1
652,\n,EMM:p3:1,EMM:p4:0,283,200,484,1
653,\n,EMM:p4:0,EMM:p4:1,200,313,514,1
654,\n,EMM:p4:1,EMM:p5:0,313,201,515,1
655,\n,EMM:p5:0,EMM:p5:1,201,287,489,1
656,\n,EMM:p5:1,EMM:p6:0,287,290,578,1
657,\n,EMM:p6:0,EMM:p6:1,290,118,409,1
658,\n,EMM:p6:1,EMM:p7:0,118,147,266,1
659,\n,EMM:p7:0,EMM:p7:1,147,344,492,1
660,\n,EMM:p7:1,EMM:p8:0,344,273,618,1
661,\n,EMM:p8:0,EMM:p9:0,273,325,599,1
662,\n,EMM:p9:0,EMM:p9:1,325,91,417,1
663,\n,EMM:p9:1,EMM:p10:0,91,204,296,1
664,\n,EMM:p10:0,EMM:p10:1,204,366,571,1
665,\n,EMM:p10:1,EMM:p10:2,366,71,437,0
666,\n,EMM:p10:2,EMM:p11:0,71,350,422,1
667,\n,EMM:p11:0,EMM:p11:1,350,145,496,1
668,\n,EMM:p11:1,EMM:p12:0,145,236,382,1
669,\n,EMM:p12:0,EMM:p12:1,236,257,494,1
670,\n,EMM:p12:1,EMM:p12:2,257,166,424,1
671,\n,EMM:p12:2,EMM:p13:0,166,363,530,1
672,\n,EMM:p13:0,EMM:p13:1,363,207,571,1
673,\n,EMM:p13:1,EMM:p14:0,207,240,447,0
674,\n,EMM:p14:0,EMM:p14:1,240,181,421,0
675,\n,EMM:p14:1,EMM:p15:0,181,236,418,1
676,\n,EMM:p15:0,EMM:p15:1,236,175,412,1
677,\n,EMM:p15:1,EMM:p16:0,175,212,387,0
678,\n,EMM:p16:0,EMM:p16:1,212,153,366,1
679,\n,EMM:p16:1,EMM:p17:0,153,268,421,0
680,\n,EMM:p17:0,EMM:p18:0,268,123,391,0
681,\n,EMM:p18:0,EMM:p18:1,123,253,377,1
682,\n,EMM:p18:1,EMM:p19:0,253,115,368,0
683,\n,EMM:p19:0,EMM:p20:0,115,303,419,1
684,\n,EMM:p20:0,EMM:p20:1,303,121,424,0
685,\n,EMM:p20:1,EMM:p21:0,121,246,368,1
686,\n,EMM:p21:0,EMM:p22:0,246,147,393,0
687,\n,EMM:p22:0,EMM:p22:1,147,308,455,0
688,\n,EMM:p22:1,EMM:p22:2,308,98,407,1
689,\n,EMM:p22:2,EMM:p23:0,98,115,213,0
690,\n,EMM:p23:0,EMM:p23:1,115,282,397,0
691,\n,EMM:p23:1,EMM:p23:2,282,60,343,1
692,\n,EMM:p23:2,EMM:p23:3,60,252,312,0
693,\n,EMM:p23:3,EMM:p24:0,252,140,392,0
694,\n,EMM:p24:0,EMM:p24:1,140,300,440,0
695,\n,EMM:p24:1,EMM:p24:2,300,51,351,0
696,\n,EMM:p24:2,EMM:p25:0,51,242,293,0
697,\n,EMM:p25:0,EMM:p25:1,242,297,539,0
698,\n,EMM:p25:1,EMM:p26:0,297,179,476,0
699,\n,EMM:p26:0,EMM:p27:0,179,199,378,0
700,\n,EMM:p27:0,EMM:p27:1,199,193,393,1
701,\n,EMM:p27:1,EMM:p27:2,193,152,345,0
702,\n,EMM:p27:2,EMM:p28:0,152,191,343,0
703,\n,EMM:p28:0,EMM:p28:1,191,187,378,0
704,\n,EMM:p28:1,EMM:p29:0,187,244,431,0
705,\n,EMM:p29:0,EMM:p29:1,244,199,443,0
706,\n,EMM:p29:1,EMM:p29:2,199,159,358,0
707,\n,EMM:p29:2,EMM:p30:0,159,213,373,1
708,\n,EMM:p30:0,EMM:p30:1,213,226,439,0
709,\n,EMM:p30:1,EMM:p30:2,226,148,374,0
710,\n,EMM:p30:2,EMM:p31:0,148,152,300,0
711,\n,EMM:p31:0,EMM:p31:1,152,188,340,0
712,\n,EMM:p31:1,EMM:p31:2,188,81,270,1
713,\n,EMM:p31:2,EMM:p32:0,81,253,334,0
714,\n,EMM:p32:0,EMM:p32:1,253,255,508,0
715,\n,EMM:p32:1,EMM:p32:2,255,54,309,0
716,\n,EMM:p32:2,EMM:p33:0,54,308,362,0
717,\n,EMM:p33:0,EMM:p33:1,308,77,385,0
718,\n,EMM:p33:1,EMM:p34:0,77,243,320,0
719,\n,EMM:p34:0,EMM:p34:1,243,138,381,0
720,\n,EMM:p34:1,EMM:p35:0,138,169,307,0
721,\n,EMM:p35:0,EMM:p35:1,169,200,370,1
722,\n,EMM:p35:1,EMM:p35:2,200,160,361,1
723,\n,EMM:p35:2,EMM:p35:3,160,93,254,1
724,\n,EMM:p35:3,EMM:p36:0,93,155,248,0
725,\n,EMM:p36:0,EMM:p36:1,155,149,305,1
726,\n,EMM:p36:1,EMM:p36:2,149,130,280,1
727,\n,EMM:p36:2,EMM:p36:3,130,111,242,1
728,\n,EMM:p36:3,EMM:p37:0,111,182,293,0
729,\n,EMM:p37:0,EMM:p37:1,182,145,328,1
730,\n,EMM:p37:1,EMM:p37:2,145,156,301,0
731,\n,EMM:p37:2,EMM:p37:3,156,161,317,0
732,\n,EMM:p37:3,EMM:p38:0,161,197,358,0
733,\n,EMM:p38:0,EMM:p38:1,197,156,354,1
734,\n,EMM:p38:1,EMM:p38:2,156,145,301,0
735,\n,EMM:p38:2,EMM:p39:0,145,217,362,0
736,\n,EMM:p39:0,EMM:p39:1,217,223,440,0
737,\n,EMM:p39:1,EMM:p39:2,223,128,352,1
738,\n,EMM:p39:2,EMM:p40:0,128,233,362,1
739,\n,EMM:p40:0,EMM:p40:1,233,277,510,0
740,\n,EMM:p40:1,EMM:p41:0,277,188,466,1
741,\n,EMM:p41:0,EMM:p42:0,188,220,408,0
742,\n,EMM:p42:0,EMM:p42:1,220,167,388,1
743,\n,EMM:p42:1,EMM:p43:0,167,220,387,0
744,\n,EMM:p43:0,EMM:p43:1,220,199,419,0
745,\n,EMM:p43:1,EMM:p43:2,199,70,270,1
746,\n,EMM:p43:2,EMM:p44:0,70,298,368,0
747,\n,EMM:p44:0,EMM:p45:0,298,305,603,0
748,\n,EMM:p45:0,EMM:p46:0,305,240,545,0
749,\n,EMM:p46:0,EMM:p46:1,240,174,414,0
750,\n,EMM:p46:1,EMM:p46:2,174,38,212,0
751,\n,EMM:p46:2,EMM:p47:0,38,238,276,0
752,\n,EMM:p47:0,EMM:p47:1,238,44,283,1
753,\n,EMM:p47:1,EMM:p48:0,44,78,122,0
754,\n,EMM:p48:0,EMM:p49:0,78,184,262,0
755,\n,EMM:p49:0,EMM:p49:1,184,245,429,0
756,\n,EMM:p49:1,EMM:p50:0,245,220,465,0
757,\n,EMM:p50:0,EMM:p51:0,220,258,478,0
758,\n,EMM:p51:0,EMM:p51:1,258,237,495,0
759,\n,EMM:p51:1,EMM:p52:0,237,188,425,0
760,\n,EMM:p52:0,EMM:p52:1,188,290,478,0
761,\n,EMM:p52:1,EMM:p53:0,290,274,564,0
762,\n,EMM:p53:0,EMM:p53:1,274,219,493,0
763,\n,EMM:p53:1,EMM:p53:2,219,140,360,1
764,\n,EMM:p53:2,EMM:p54:0,140,263,403,0
765,\n,EMM:p54:0,EMM:p54:1,263,276,539,0
766,\n,EMM:p54:1,EMM:p55:0,276,153,430,1
767,\n,EMM:p55:0,EMM:p56:0,153,107,260,0
768,\n,EMM:p56:0,EMM:p56:1,107,254,361,0
769,\n,EMM:p56:1,EMM:p56:2,254,302,557,1
770,\n,EMM:p56:2,EMM:p57:0,302,219,521,0
771,\n,EMM:p57:0,EMM:p57:1,219,291,510,0
772,\n,EMM:p57:1,EMM:p58:0,291,213,504,0
773,\n,EMM:p58:0,EMM:p58:1,213,261,474,0
774,\n,EMM:p58:1,EMM:p59:0,261,91,352,0
775,\n,EMM:p59:0,EMM:p59:1,91,222,313,0
776,\n,EMM:p59:1,EMM:p59:2,222,181,403,0
777,\n,EMM:p59:2,EMM:p60:0,181,237,418,0
778,\n,EMM:p60:0,EMM:p60:1,237,157,394,0
779,\n,EMM:p60:1,EMM:p61:0,157,172,329,0
780,\n,EMM:p61:0,EMM:p61:1,172,271,443,0
781,\n,EMM:p61:1,EMM:p61:2,271,36,307,0
782,\n,EMM:p61:2,EMM:p62:0,36,211,247,0
783,\n,EMM:p62:0,EMM:p62:1,211,250,462,1
784,\n,EMM:p62:1,EMM:p63:0,250,267,517,0
785,\n,EMM:p63:0,EMM:p63:1,267,215,482,0
786,\n,EMM:p63:1,EMM:p64:0,215,258,474,1
787,\n,EMM:p64:0,EMM:p64:1,258,131,389,0
788,\n,EMM:p64:1,EMM:p65:0,131,283,414,0
789,\n,EMM:p65:0,EMM:p65:1,283,31,314,0
790,\n,EMM:p65:1,EMM:p66:0,31,221,252,0
791,\n,EMM:p66:0,EMM:p66:1,221,225,446,0
792,\n,EMM:p66:1,EMM:p67:0,225,111,336,0
793,\n,EMM:p67:0,EMM:p68:0,111,244,356,1
794,\n,EMM:p68:0,EMM:p68:1,244,250,494,0
795,\n,EMM:p68:1,EMM:p69:0,250,164,414,0
796,\n,EMM:p69:0,EMM:p69:1,164,127,291,0
797,\n,EMM:p69:1,EMM:p69:2,127,46,173,0
798,\n,EMM:p69:2,EMM:p69:3,46,194,240,0
799,\n,EMM:p69:3,EMM:p70:0,194,288,482,0
800,\n,EMM:p70:0,EMM:p70:1,288,185,473,0
801,\n,EMM:p70:1,EMM:p71:0,185,300,485,0
802,\n,EMM:p71:0,EMM:p72:0,300,264,564,0
803,\n,EMM:p72:0,EMM:p72:1,264,230,494,0
804,\n,EMM:p72:1,EMM:p72:2,230,43,274,1
805,\n,EMM:p72:2,EMM:p73:0,43,327,370,0
806,\n,EMM:p73:0,EMM:p74:0,327,185,513,1
807,\n,EMM:p74:0,EMM:p74:1,185,142,327,0
808,\n,EMM:p74:1,EMM:p75:0,142,268,410,0
809,\n,EMM:p75:0,EMM:p76:0,268,201,470,1
810,\n,EMM:p76:0,EMM:p77:0,201,269,470,0
811,\n,EMM:p77:0,EMM:p77:1,269,178,447,0
812,\n,EMM:p77:1,EMM:p77:2,178,38,217,1
813,\n,EMM:p77:2,EMM:p78:0,38,254,292,0
814,\n,EMM:p78:0,EMM:p78:1,254,248,502,0
815,\n,EMM:p78:1,EMM:p79:0,248,202,450,0
816,\n,EMM:p79:0,EMM:p79:1,202,80,282,0
817,\n,EMM:p79:1,EMM:p79:2,80,220,300,0
818,\n,EMM:p79:2,EMM:p80:0,220,242,462,0
819,\n,EMM:p80:0,EMM:p80:1,242,145,388,1
820,\n,EMM:p80:1,EMM:p81:0,145,186,331,0
821,\n,EMM:p81:0,EMM:p82:0,186,179,365,0
822,\n,EMM:p82:0,EMM:p83:0,179,217,396,0
823,\n,EMM:p83:0,EMM:p83:1,217,81,298,0
824,\n,EMM:p83:1,EMM:p83:2,81,204,285,0
825,\n,EMM:p83:2,EMM:p83:3,204,50,254,0
826,\n,EMM:p83:3,EMM:p84:0,50,272,322,0
827,\n,EMM:p84:0,EMM:p84:1,272,101,373,0
828,\n,EMM:p84:1,EMM:p85:0,101,174,275,0
829,\n,EMM:p85:0,EMM:p86:0,174,245,419,0
830,\n,EMM:p86:0,EMM:p86:1,245,112,358,1
831,\n,EMM:p86:1,EMM:p87:0,112,169,281,0
832,\n,EMM:p87:0,EMM:p88:0,169,131,300,0
833,\n,EMM:p88:0,EMM:p88:1,131,115,247,1
834,\n,EMM:p88:1,EMM:p88:2,115,122,238,1
835,\n,EMM:p88:2,EMM:p89:0,122,189,311,0
836,\n,EMM:p89:0,EMM:p89:1,189,209,398,0
837,\n,EMM:p89:1,EMM:p90:0,209,280,489,0
838,\n,EMM:p90:0,EMM:p90:1,280,87,367,0
839,\n,EMM:p90:1,EMM:p91:0,87,154,241,0
840,\n,EMM:p91:0,EMM:p91:1,154,197,351,0
841,\n,EMM:p91:1,EMM:p91:2,197,73,270,0
842,\n,EMM:p91:2,EMM:p92:0,73,276,349,0
843,\n,EMM:p92:0,EMM:p92:1,276,137,413,0
844,\n,EMM:p92:1,EMM:p93:0,137,311,448,0
845,\n,EMM:p93:0,EMM:p93:1,311,127,439,1
846,\n,EMM:p93:1,EMM:p94:0,127,240,367,0
847,\n,EMM:p94:0,EMM:p94:1,240,146,386,0
848,\n,EMM:p94:1,EMM:p95:0,146,271,417,0
849,\n,EMM:p95:0,EMM:p96:0,271,266,538,1
850,\n,EMM:p96:0,EMM:p96:1,266,89,355,0
851,\n,EMM:p96:1,EMM:p97:0,89,222,311,0
852,\n,EMM:p97:0,EMM:p97:1,222,274,496,0
853,\n,EMM:p97:1,EMM:p97:2,274,59,333,0
854,\n,EMM:p97:2,EMM:p98:0,59,199,258,0
855,\n,EMM:p98:0,EMM:p98:1,199,191,390,0
856,\n,EMM:p98:1,EMM:p98:2,191,60,251,0
857,\n,EMM:p98:2,EMM:p99:0,60,226,286,0
858,\n,EMM:p99:0,EMM:p99:1,226,127,354,1
859,\n,EMM:p99:1,EMM:p100:0,127,289,416,0
860,\n,EMM:p100:0,EMM:p100:1,289,110,400,1
861,\n,EMM:p100:1,EMM:p101:0,110,254,365,1
862,\n,EMM:p101:0,EMM:p101:1,254,237,491,0
863,\n,EMM:p101:1,EMM:p102:0,237,225,462,0
864,\n,EMM:p102:0,EMM:p102:1,225,168,394,1
865,\n,EMM:p102:1,EMM:p102:2,168,62,231,1
866,\n,EMM:p102:2,EMM:p102:3,62,95,157,0
867,\n,EMM:p102:3,EMM:p104:0,95,162,257,0
868,\n,EMM:p104:0,EMM:p105:0,162,306,468,0
869,\n,EMM:p105:0,EMM:p106:0,306,268,574,0
870,\n,EMM:p106:0,EMM:p106:1,268,173,442,1
871,\n,EMM:p106:1,EMM:p107:0,173,229,402,0
872,\n,EMM:p107:0,EMM:p107:1,229,171,400,0
873,\n,EMM:p107:1,EMM:p107:2,171,94,266,1
874,\n,EMM:p107:2,EMM:p108:0,94,222,316,0
875,\n,EMM:p108:0,EMM:p108:1,222,184,407,1
876,\n,EMM:p108:1,EMM:p109:0,184,184,368,0
877,\n,EMM:p109:0,EMM:p110:0,184,90,274,0
878,\n,EMM:p110:0,EMM:p111:0,90,211,301,0
879,\n,EMM:p111:0,EMM:p112:0,211,52,263,0
880,\n,EMM:p112:0,EMM:p114:0,52,108,161,1
881,\n,EMM:p114:0,EMM:p115:0,108,168,277,1
882,\n,EMM:p115:0,EMM:p116:0,168,145,313,0
883,\n,EMM:p116:0,EMM:p117:0,145,313,458,0
884,\n,EMM:p117:0,EMM:p118:0,313,138,451,0
885,\n,EMM:p118:0,EMM:p119:0,138,222,361,1
886,\n,EMM:p119:0,EMM:p120:0,222,108,331,1
887,\n,EMM:p120:0,EMM:p121:0,108,77,186,1
888,\n,EMM:p121:0,EMM:p121:1,77,159,237,1
889,\n,EMM:p121:1,EMM:p121:2,159,52,211,0
890,\n,EMM:p121:2,EMM:p121:3,52,208,260,0
891,\n,EMM:p121:3,EMM:p122:0,208,281,489,0
892,\n,EMM:p122:0,EMM:p123:0,281,105,386,0
893,\n,EMM:p123:0,EMM:p123:1,105,206,312,1
894,\n,EMM:p123:1,EMM:p123:2,206,66,273,1
895,\n,EMM:p123:2,EMM:p124:0,66,104,170,0
896,\n,EMM:p124:0,EMM:p125:0,104,252,356,0
897,\n,EMM:p125:0,EMM:p125:1,252,114,366,0
898,\n,EMM:p125:1,EMM:p126:0,114,285,399,0
899,\n,EMM:p126:0,EMM:p126:1,285,153,438,0
900,\n,EMM:p126:1,EMM:p127:0,153,262,416,1
901,\n,EMM:p127:0,EMM:p128:0,262,67,329,0
902,\n,EMM:p128:0,EMM:p128:1,67,307,374,0
903,\n,EMM:p128:1,EMM:p128:2,307,302,610,1
904,\n,EMM:p128:2,EMM:p128:3,302,86,388,0
905,\n,EMM:p128:3,EMM:p129:0,86,251,337,0
906,\n,EMM:p129:0,EMM:p130:0,251,274,525,0
907,\n,EMM:p130:0,EMM:p130:1,274,133,407,0
908,\n,EMM:p130:1,EMM:p131:0,133,200,333,0
909,\n,EMM:p131:0,EMM:p131:1,200,335,535,0
910,\n,EMM:p131:1,EMM:p132:0,335,221,556,0
911,\n,EMM:p132:0,EMM:p132:1,221,112,334,1
912,\n,EMM:p132:1,EMM:p133:0,112,294,406,0
913,\n,EMM:p133:0,EMM:p133:1,294,75,370,1
914,\n,EMM:p133:1,EMM:p134:0,75,275,350,0
915,\n,EMM:p134:0,EMM:p134:1,275,61,336,0
916,\n,EMM:p134:1,EMM:p134:2,61,120,181,0
917,\n,EMM:p134:2,EMM:p135:0,120,269,389,0
918,\n,EMM:p135:0,EMM:p135:1,269,236,506,1
919,\n,EMM:p135:1,EMM:p136:0,236,303,539,0
920,\n,EMM:p136:0,EMM:p136:1,303,156,460,1
921,\n,EMM:p136:1,EMM:p137:0,156,288,444,0
922,\n,EMM:p137:0,EMM:p137:1,288,173,461,0
923,\n,EMM:p137:1,EMM:p138:0,173,299,472,0
924,\n,EMM:p138:0,EMM:p138:1,299,264,563,0
925,\n,EMM:p138:1,EMM:p139:0,264,240,504,0
926,\n,EMM:p139:0,EMM:p139:1,240,239,479,0
927,\n,EMM:p139:1,EMM:p140:0,239,300,540,1
928,\n,EMM:p140:0,EMM:p140:1,300,80,381,1
929,\n,EMM:p140:1,EMM:p141:0,80,238,318,0
930,\n,EMM:p141:0,EMM:p142:0,238,289,527,0
931,\n,EMM:p142:0,EMM:p142:1,289,88,377,0
932,\n,EMM:p142:1,EMM:p143:0,88,144,232,0
933,\n,EMM:p143:0,EMM:p144:0,144,47,191,0
934,\n,EMM:p144:0,EMM:p145:0,47,281,329,1
935,\n,EMM:p145:0,EMM:p145:1,281,89,370,0
936,\n,EMM:p145:1,EMM:p146:0,89,279,368,0
937,\n,EMM:p146:0,EMM:p146:1,279,87,366,0
938,\n,EMM:p146:1,EMM:p147:0,87,289,376,0
939,\n,EMM:p147:0,EMM:p147:1,289,96,386,1
940,\n,EMM:p147:1,EMM:p148:0,96,131,228,1
941,\n,EMM:p148:0,EMM:p149:0,131,34,165,0
942,\n,EMM:p149:0,EMM:p149:1,34,151,185,0
943,\n,EMM:p149:1,EMM:p149:2,151,75,226,0
944,\n,EMM:p149:2,EMM:p149:3,75,107,182,0
945,\n,EMM:p149:3,EMM:p150:0,107,175,282,0
946,\n,EMM:p150:0,EMM:p150:1,175,224,399,0
947,\n,EMM:p150:1,EMM:p150:2,224,83,308,1
948,\n,EMM:p150:2,EMM:p151:0,83,252,335,0
949,\n,EMM:p151:0,EMM:p151:1,252,91,343,0
950,\n,EMM:p151:1,EMM:p152:0,91,270,361,0
951,\n,EMM:p152:0,EMM:p152:1,270,229,500,1
952,\n,EMM:p152:1,EMM:p153:0,229,232,461,0
953,\n,EMM:p153:0,EMM:p153:1,232,251,483,0
954,\n,EMM:p153:1,EMM:p154:0,251,215,466,0
955,\n,EMM:p154:0,EMM:p155:0,215,262,477,0
956,\n,EMM:p155:0,EMM:p155:1,262,220,482,0
957,\n,EMM:p155:1,EMM:p156:0,220,67,287,0
958,\n,EMM:p156:0,EMM:p156:1,67,324,391,0
959,\n,EMM:p156:1,EMM:p156:2,324,187,511,0
960,\n,EMM:p156:2,EMM:p157:0,187,289,476,0
961,\n,EMM:p157:0,EMM:p157:1,289,175,465,1
962,\n,EMM:p157:1,EMM:p158:0,175,189,365,1
963,\n,EMM:p158:0,EMM:p159:0,189,311,500,0
964,\n,EMM:p159:0,EMM:p160:0,311,298,609,0
965,\n,EMM:p160:0,EMM:p160:1,298,192,490,0
966,\n,EMM:p160:1,EMM:p161:0,192,263,455,0
967,\n,EMM:p161:0,EMM:p161:1,263,183,446,0
968,\n,EMM:p161:1,EMM:p162:0,183,208,391,0
969,\n,EMM:p162:0,EMM:p162:1,208,297,505,0
970,\n,EMM:p162:1,EMM:p163:0,297,286,583,0
971,\n,EMM:p163:0,EMM:p163:1,286,266,552,0
972,\n,EMM:p163:1,EMM:p164:0,266,305,571,0
973,\n,EMM:p164:0,EMM:p164:1,305,191,497,1
974,\n,EMM:p164:1,EMM:p165:0,191,273,464,0
975,\n,EMM:p165:0,EMM:p165:1,273,215,488,0
976,\n,EMM:p165:1,EMM:p166:0,215,173,388,0
977,\n,EMM:p166:0,EMM:p166:1,173,341,515,1
978,\n,EMM:p166:1,EMM:p167:0,341,280,621,0
979,\n,EMM:p167:0,EMM:p167:1,280,215,495,0
980,\n,EMM:p167:1,EMM:p168:0,215,283,498,0
981,\n,EMM:p168:0,EMM:p168:1,283,39,322,0
982,\n,EMM:p168:1,EMM:p169:0,39,279,318,0
983,\n,EMM:p169:0,EMM:p169:1,279,153,433,1
984,\n,EMM:p169:1,EMM:p170:0,153,185,338,0
985,\n,EMM:p170:0,EMM:p170:1,185,149,334,0
986,\n,EMM:p170:1,EMM:p171:0,149,227,377,1
987,\n,EMM:p171:0,EMM:p172:0,227,203,430,0
988,\n,EMM:p172:0,EMM:p173:0,203,253,456,0
989,\n,EMM:p173:0,EMM:p173:1,253,48,302,1
990,\n,EMM:p173:1,ERM:p1:0,48,344,393,1
991,\n,ERM:p1:0,ERM:p1:1,344,65,410,1
992,\n,ERM:p1:1,ERM:p2:0,65,370,436,1
993,\n,ERM:p2:0,ERM:p2:1,370,91,462,1
994,\n,ERM:p2:1,ERM:p3:0,91,369,461,1
995,\n,ERM:p3:0,ERM:p3:1,369,73,443,1
996,\n,ERM:p3:1,ERM:p4:0,73,358,432,1
997,\n,ERM:p4:0,ERM:p4:1,358,170,529,1
998,\n,ERM:p4:1,ERM:p5:0,170,388,559,1
999,\n,ERM:p5:0,ERM:p5:1,388,96,485,1
1000,\n,ERM:p5:1,ERM:p6:0,96,389,485,0
1001,\n,ERM:p6:0,ERM:p7:0,389,324,714,1
1002,\n,ERM:p7:0,ERM:p7:1,324,319,644,1
1003,\n,ERM:p7:1,ERM:p7:2,319,255,575,1
1004,\n,ERM:p7:2,ERM:p7:3,255,168,424,1
1005,\n,ERM:p7:3,ERM:p8:0,168,266,435,1
1006,\n,ERM:p8:0,ERM:p8:1,266,53,320,1
1007,\n,ERM:p8:1,ERM:p9:0,53,266,320,1
1008,\n,ERM:p9:0,ERM:p9:1,266,105,371,0
1009,\n,ERM:p9:1,ERM:p10:0,105,41,146,0
1010,\n,ERM:p10:0,ERM:p10:1,41,296,338,1
1011,\n,ERM:p10:1,ERM:p10:2,296,100,397,1
1012,\n,ERM:p10:2,ERM:p10:3,100,107,207,0
1013,\n,ERM:p10:3,ERM:p11:0,107,145,252,0
1014,\n,ERM:p11:0,ERM:p12:0,145,248,393,0
1015,\n,ERM:p12:0,ERM:p12:1,248,268,516,0
1016,\n,ERM:p12:1,ERM:p13:0,268,255,523,0
1017,\n,ERM:p13:0,ERM:p13:1,255,95,351,1
1018,\n,ERM:p13:1,ERM:p13:2,95,95,191,1
1019,\n,ERM:p13:2,ERM:p14:0,95,303,398,0
1020,\n,ERM:p14:0,ERM:p14:1,303,173,476,0
1021,\n,ERM:p14:1,ERM:p15:0,173,46,219,0
1022,\n,ERM:p15:0,ERM:p16:0,46,85,132,1
1023,\n,ERM:p16:0,ERM:p17:0,85,296,382,1
1024,\n,ERM:p17:0,ERM:p17:1,296,227,524,1
1025,\n,ERM:p17:1,ERM:p18:0,227,285,512,0
1026,\n,ERM:p18:0,ERM:p18:1,285,153,438,0
1027,\n,ERM:p18:1,ERM:p19:0,153,78,232,1
1028,\n,ERM:p19:0,ERM:p19:1,78,108,187,1
1029,\n,ERM:p19:1,ERM:p19:2,108,246,355,1
1030,\n,ERM:p19:2,ERM:p19:3,246,200,447,1
1031,\n,ERM:p19:3,ERM:p19:4,200,242,443,1
1032,\n,ERM:p19:4,ERM:p19:5,242,160,403,1
1033,\n,ERM:p19:5,ERM:p20:0,160,179,340,1
1034,\n,ERM:p20:0,ERM:p20:1,179,144,324,1
1035,\n,ERM:p20:1,ERM:p20:2,144,71,216,1
1036,\n,ERM:p20:2,ERM:p20:3,71,36,108,1
1037,\n,ERM:p20:3,ERM:p20:4,36,176,213,1
1038,\n,ERM:p20:4,ERM:p20:5,176,75,252,1
1039,\n,ERM:p20:5,ERM:p20:6,75,38,113,0
1040,\n,ERM:p20:6,ERM:p21:0,38,205,243,0
1041,\n,ERM:p21:0,ERM:p21:1,205,267,473,1
1042,\n,ERM:p21:1,ERM:p21:2,267,80,347,0
1043,\n,ERM:p21:2,ERM:p22:0,80,111,191,0
1044,\n,ERM:p22:0,ERM:p22:1,111,222,333,0
1045,\n,ERM:p22:1,ERM:p22:2,222,237,460,1
1046,\n,ERM:p22:2,ERM:p22:3,237,192,430,1
1047,\n,ERM:p22:3,ERM:p23:0,192,212,404,0
1048,\n,ERM:p23:0,ERM:p24:0,212,182,394,0
1049,\n,ERM:p24:0,ERM:p25:0,182,263,445,0
1050,\n,ERM:p25:0,ERM:p25:1,263,239,502,0
1051,\n,ERM:p25:1,ERM:p25:2,239,110,349,0
1052,\n,ERM:p25:2,ERM:p26:0,110,267,377,0
1053,\n,ERM:p26:0,ERM:p26:1,267,88,355,0
1054,\n,ERM:p26:1,ERM:p27:0,88,216,304,0
1055,\n,ERM:p27:0,ERM:p28:0,216,245,461,0
1056,\n,ERM:p28:0,ERM:p29:0,245,260,505,0
1057,\n,ERM:p29:0,ERM:p29:1,260,155,415,0
1058,\n,ERM:p29:1,ERM:p30:0,155,229,384,0
1059,\n,ERM:p30:0,ERM:p30:1,229,256,485,0
1060,\n,ERM:p30:1,ERM:p30:2,256,203,459,0
1061,\n,ERM:p30:2,ERM:p31:0,203,235,438,0
1062,\n,ERM:p31:0,ERM:p31:1,235,93,328,0
1063,\n,ERM:p31:1,ERM:p32:0,93,245,338,0
1064,\n,ERM:p32:0,ERM:p32:1,245,228,474,1
1065,\n,ERM:p32:1,ERM:p32:2,228,134,363,1
1066,\n,ERM:p32:2,ERM:p32:3,134,171,305,0
1067,\n,ERM:p32:3,ERM:p33:0,171,284,455,0
1068,\n,ERM:p33:0,ERM:p33:1,284,298,583,1
1069,\n,ERM:p33:1,ERM:p34:0,298,78,377,1
1070,\n,ERM:p34:0,ERM:p34:1,78,180,258,0
1071,\n,ERM:p34:1,ERM:p34:2,180,179,359,0
1072,\n,ERM:p34:2,ERM:p34:3,179,178,357,0
1073,\n,ERM:p34:3,ERM:p35:0,178,165,344,1
1074,\n,ERM:p35:0,ERM:p35:1,165,130,296,1
1075,\n,ERM:p35:1,ERM:p35:2,130,105,235,0
1076,\n,ERM:p35:2,ERM:p36:0,105,193,299,1
1077,\n,ERM:p36:0,ERM:p37:0,193,147,341,1
1078,\n,ERM:p37:0,ERM:p37:1,147,178,326,1
1079,\n,ERM:p37:1,ERM:p37:2,178,119,298,1
1080,\n,ERM:p37:2,ERM:p37:3,119,125,245,1
1081,\n,ERM:p37:3,ERM:p37:4,125,137,263,1
1082,\n,ERM:p37:4,ERM:p38:0,137,146,284,1
1083,\n,ERM:p38:0,ERM:p38:1,146,139,286,1
1084,\n,ERM:p38:1,ERM:p38:2,139,150,290,1
1085,\n,ERM:p38:2,ERM:p38:3,150,163,314,1
1086,\n,ERM:p38:3,ERM:p38:4,163,100,264,1
1087,\n,ERM:p38:4,ERM:p39:0,100,134,235,1
1088,\n,ERM:p39:0,ERM:p39:1,134,151,285,0
1089,\n,ERM:p39:1,ERM:p39:2,151,153,305,1
1090,\n,ERM:p39:2,ERM:p39:3,153,142,295,0
1091,\n,ERM:p39:3,ERM:p39:4,142,62,204,0
1092,\n,ERM:p39:4,ERM:p40:0,62,153,216,1
1093,\n,ERM:p40:0,ERM:p40:1,153,130,284,1
1094,\n,ERM:p40:1,ERM:p40:2,130,92,223,1
1095,\n,ERM:p40:2,ERM:p41:0,92,276,369,1
1096,\n,ERM:p41:0,ERM:p41:1,276,240,517,1
1097,\n,ERM:p41:1,ERM:p42:0,240,265,506,1
1098,\n,ERM:p42:0,ERM:p42:1,265,239,504,0
1099,\n,ERM:p42:1,ERM:p43:0,239,334,574,1
1100,\n,ERM:p43:0,ERM:p43:1,334,253,587,0
1101,\n,ERM:p43:1,ERM:p43:2,253,67,320,0
1102,\n,ERM:p43:2,ERM:p44:0,67,313,381,1
1103,\n,ERM:p44:0,ERM:p44:1,313,260,573,0
1104,\n,ERM:p44:1,ERM:p45:0,260,297,557,0
1105,\n,ERM:p45:0,ERM:p45:1,297,284,582,1
1106,\n,ERM:p45:1,ERM:p46:0,284,290,574,0
1107,\n,ERM:p46:0,ERM:p46:1,290,184,474,0
1108,\n,ERM:p46:1,ERM:p47:0,184,184,368,0
1109,\n,ERM:p47:0,ERM:p47:1,184,289,473,0
1110,\n,ERM:p47:1,ERM:p48:0,289,251,540,0
1111,\n,ERM:p48:0,ERM:p48:1,251,251,503,1
1112,\n,ERM:p48:1,ERM:p49:0,251,207,458,0
1113,\n,ERM:p49:0,ERM:p50:0,207,274,481,0
1114,\n,ERM:p50:0,ERM:p50:1,274,67,341,0
1115,\n,ERM:p50:1,ERM:p51:0,67,298,366,1
1116,\n,ERM:p51:0,ERM:p52:0,298,283,581,0
1117,\n,ERM:p52:0,ERM:p52:1,283,174,457,0
1118,\n,ERM:p52:1,ERM:p52:2,174,190,364,0
1119,\n,ERM:p52:2,ERM:p53:0,190,281,471,0
1120,\n,ERM:p53:0,ERM:p53:1,281,291,572,0
1121,\n,ERM:p53:1,ERM:p53:2,291,44,335,0
1122,\n,ERM:p53:2,ERM:p54:0,44,292,336,0
1123,\n,ERM:p54:0,ERM:p54:1,292,134,426,0
1124,\n,ERM:p54:1,ERM:p54:2,134,247,381,0
1125,\n,ERM:p54:2,ERM:p54:3,247,79,327,1
1126,\n,ERM:p54:3,ERM:p55:0,79,284,363,0
1127,\n,ERM:p55:0,ERM:p55:1,284,130,414,0
1128,\n,ERM:p55:1,ERM:p56:0,130,247,377,0
1129,\n,ERM:p56:0,ERM:p56:1,247,208,455,0
1130,\n,ERM:p56:1,ERM:p57:0,208,148,356,0
1131,\n,ERM:p57:0,ERM:p57:1,148,229,377,0
1132,\n,ERM:p57:1,ERM:p58:0,229,295,524,0
1133,\n,ERM:p58:0,ERM:p58:1,295,153,448,0
1134,\n,ERM:p58:1,ERM:p59:0,153,268,421,0
1135,\n,ERM:p59:0,ERM:p59:1,268,317,585,0
1136,\n,ERM:p59:1,ERM:p60:0,317,145,462,0
1137,\n,ERM:p60:0,ERM:p60:1,145,259,405,1
1138,\n,ERM:p60:1,ERM:p60:2,259,164,424,1
1139,\n,ERM:p60:2,ERM:p61:0,164,206,370,0
1140,\n,ERM:p61:0,ERM:p61:1,206,135,342,1
1141,\n,ERM:p61:1,ERM:p61:2,135,301,437,1
1142,\n,ERM:p61:2,ERM:p61:3,301,81,382,0
1143,\n,ERM:p61:3,ERM:p62:0,81,266,347,0
1144,\n,ERM:p62:0,ERM:p62:1,266,66,332,0
1145,\n,ERM:p62:1,ERM:p63:0,66,240,306,0
1146,\n,ERM:p63:0,ERM:p63:1,240,281,522,1
1147,\n,ERM:p63:1,ERM:p63:2,281,80,362,1
1148,\n,ERM:p63:2,ERM:p64:0,80,242,322,0
1149,\n,ERM:p64:0,ERM:p64:1,242,298,540,0
1150,\n,ERM:p64:1,ERM:p64:2,298,110,408,0
1151,\n,ERM:p64:2,ERM:p65:0,110,293,403,0
1152,\n,ERM:p65:0,ERM:p65:1,293,295,588,0
1153,\n,ERM:p65:1,ERM:p65:2,295,170,466,1
1154,\n,ERM:p65:2,ERM:p65:3,170,240,410,0
1155,\n,ERM:p65:3,ERM:p66:0,240,244,484,0
1156,\n,ERM:p66:0,ERM:p66:1,244,299,543,0
1157,\n,ERM:p66:1,ERM:p66:2,299,146,446,1
1158,\n,ERM:p66:2,ERM:p67:0,146,268,414,0
1159,\n,ERM:p67:0,ERM:p67:1,268,262,531,1
1160,\n,ERM:p67:1,ERM:p68:0,262,209,471,0
1161,\n,ERM:p68:0,ERM:p68:1,209,210,420,1
1162,\n,ERM:p68:1,ERM:p68:2,210,223,433,0
1163,\n,ERM:p68:2,ERM:p68:3,223,307,531,1
1164,\n,ERM:p68:3,ERM:p68:4,307,70,378,1
1165,\n,ERM:p68:4,ERM:p69:0,70,29,99,0
1166,\n,ERM:p69:0,ERM:p69:1,29,248,278,1
1167,\n,ERM:p69:1,ERM:p70:0,248,118,366,0
1168,\n,ERM:p70:0,ERM:p70:1,118,137,256,1
1169,\n,ERM:p70:1,ERM:p70:2,137,176,314,1
1170,\n,ERM:p70:2,ERM:p70:3,176,138,315,1
1171,\n,ERM:p70:3,ERM:p71:0,138,292,430,0
1172,\n,ERM:p71:0,ERM:p71:1,292,289,582,1
1173,\n,ERM:p71:1,ERM:p71:2,289,118,408,1
1174,\n,ERM:p71:2,ERM:p72:0,118,267,386,1
1175,\n,ERM:p72:0,ERM:p72:1,267,346,614,1
1176,\n,ERM:p72:1,ERM:p73:0,346,434,781,1
1177,\n,ERM:p73:0,ERM:p74:0,434,436,871,1
1178,\n,ERM:p74:0,ERM:p74:1,436,87,524,1
1179,\n,ERM:p74:1,ERM:p75:0,87,387,475,1
1180,\n,ERM:p75:0,ERM:p76:0,387,270,658,1
1181,\n,ERM:p76:0,ERM:p77:0,270,132,402,0
1182,\n,ERM:p77:0,ERM:p77:1,132,237,369,0
1183,\n,ERM:p77:1,ERM:p77:2,237,145,383,1
1184,\n,ERM:p77:2,ERM:p77:3,145,191,337,1
1185,\n,ERM:p77:3,ERM:p78:0,191,167,358,0
1186,\n,ERM:p78:0,ERM:p78:1,167,101,269,1
1187,\n,ERM:p78:1,ERM:p78:2,101,50,152,1
1188,\n,ERM:p78:2,ERM:p78:3,50,144,195,1
1189,\n,ERM:p78:3,ERM:p79:0,144,306,450,0
1190,\n,ERM:p79:0,ERM:p79:1,306,329,635,0
1191,\n,ERM:p79:1,ERM:p79:2,329,121,450,0
1192,\n,ERM:p79:2,ERM:p80:0,121,200,321,0
1193,\n,ERM:p80:0,ERM:p80:1,200,302,502,0
1194,\n,ERM:p80:1,ERM:p80:2,302,297,599,0
1195,\n,ERM:p80:2,ERM:p81:0,297,105,402,0
1196,\n,ERM:p81:0,ERM:p81:1,105,299,404,0
1197,\n,ERM:p81:1,ERM:p81:2,299,213,512,0
1198,\n,ERM:p81:2,ERM:p82:0,213,38,251,0
1199,\n,ERM:p82:0,ERM:p82:1,38,302,340,0
1200,\n,ERM:p82:1,ERM:p82:2,302,85,387,0
1201,\n,ERM:p82:2,ERM:p82:3,85,211,296,0
1202,\n,ERM:p82:3,ERM:p82:4,211,133,344,0
1203,\n,ERM:p82:4,ERM:p83:0,133,177,310,0
1204,\n,ERM:p83:0,ERM:p83:1,177,202,379,0
1205,\n,ERM:p83:1,ERM:p84:0,202,233,435,0
1206,\n,ERM:p84:0,ERM:p85:0,233,247,480,0
1207,\n,ERM:p85:0,ERM:p86:0,247,39,286,0
1208,\n,ERM:p86:0,ERM:p86:1,39,299,338,0
1209,\n,ERM:p86:1,ERM:p86:2,299,51,350,0
1210,\n,ERM:p86:2,ERM:p86:3,51,300,351,0
1211,\n,ERM:p86:3,ERM:p87:0,300,41,341,0
1212,\n,ERM:p87:0,ERM:p87:1,41,294,335,0
1213,\n,ERM:p87:1,ERM:p87:2,294,268,562,0
1214,\n,ERM:p87:2,ERM:p88:0,268,218,486,0
1215,\n,ERM:p88:0,ERM:p89:0,218,322,540,0
1216,\n,ERM:p89:0,ERM:p89:1,322,184,506,0
1217,\n,ERM:p89:1,ERM:p90:0,184,313,497,0
1218,\n,ERM:p90:0,ERM:p90:1,313,91,404,0
1219,\n,ERM:p90:1,ERM:p90:2,91,314,405,0
1220,\n,ERM:p90:2,ERM:p91:0,314,98,412,0
1221,\n,ERM:p91:0,ERM:p91:1,98,311,409,0
1222,\n,ERM:p91:1,ERM:p91:2,311,43,355,1
1223,\n,ERM:p91:2,ERM:p92:0,43,35,78,0
1224,\n,ERM:p92:0,ERM:p92:1,35,312,347,0
1225,\n,ERM:p92:1,ERM:p92:2,312,51,363,0
1226,\n,ERM:p92:2,ERM:p93:0,51,46,97,0
1227,\n,ERM:p93:0,ERM:p93:1,46,292,338,0
1228,\n,ERM:p93:1,ERM:p93:2,292,89,382,1
1229,\n,ERM:p93:2,ERM:p94:0,89,279,368,0
1230,\n,ERM:p94:0,ERM:p95:0,279,293,572,0
1231,\n,ERM:p95:0,ERM:p96:0,293,232,526,1
1232,\n,ERM:p96:0,ERM:p97:0,232,41,273,0
1233,\n,ERM:p97:0,ERM:p97:1,41,289,330,0
1234,\n,ERM:p97:1,ERM:p97:2,289,81,370,0
1235,\n,ERM:p97:2,ERM:p97:3,81,127,208,0
1236,\n,ERM:p97:3,ERM:p98:0,127,224,351,0
1237,\n,ERM:p98:0,ERM:p99:0,224,81,305,0
1238,\n,ERM:p99:0,ERM:p99:1,81,286,367,0
1239,\n,ERM:p99:1,ERM:p99:2,286,280,566,0
1240,\n,ERM:p99:2,ERM:p99:3,280,118,398,0
1241,\n,ERM:p99:3,ERM:p100:0,118,300,418,0
1242,\n,ERM:p100:0,ERM:p100:1,300,47,348,1
1243,\n,ERM:p100:1,ERM:p101:0,47,157,204,0
1244,\n,ERM:p101:0,ERM:p101:1,157,207,364,0
1245,\n,ERM:p101:1,ERM:p102:0,207,49,256,0
1246,\n,ERM:p102:0,ERM:p102:1,49,284,333,0
1247,\n,ERM:p102:1,ERM:p102:2,284,124,408,0
1248,\n,ERM:p102:2,ERM:p103:0,124,103,227,0
1249,\n,ERM:p103:0,ERM:p103:1,103,301,404,0
1250,\n,ERM:p103:1,ERM:p103:2,301,250,551,0
1251,\n,ERM:p103:2,ERM:p104:0,250,43,293,0
1252,\n,ERM:p104:0,ERM:p104:1,43,291,334,0
1253,\n,ERM:p104:1,ERM:p104:2,291,77,368,0
1254,\n,ERM:p104:2,ERM:p105:0,77,165,242,0
1255,\n,ERM:p105:0,ERM:p105:1,165,282,447,0
1256,\n,ERM:p105:1,ERM:p105:2,282,96,378,0
1257,\n,ERM:p105:2,ERM:p106:0,96,47,143,0
1258,\n,ERM:p106:0,ERM:p106:1,47,290,337,0
1259,\n,ERM:p106:1,ERM:p106:2,290,227,517,0
1260,\n,ERM:p106:2,ERM:p107:0,227,270,497,0
1261,\n,ERM:p107:0,ERM:p108:0,270,114,384,0
1262,\n,ERM:p108:0,ERM:p108:1,114,285,399,0
1263,\n,ERM:p108:1,ERM:p108:2,285,126,411,0
1264,\n,ERM:p108:2,ERM:p109:0,126,194,320,0
1265,\n,ERM:p109:0,ERM:p110:0,194,139,333,0
1266,\n,ERM:p110:0,ERM:p110:1,139,293,432,0
1267,\n,ERM:p110:1,ERM:p111:0,293,215,508,0
1268,\n,ERM:p111:0,ERM:p111:1,215,227,442,0
1269,\n,ERM:p111:1,ERM:p112:0,227,44,271,0
1270,\n,ERM:p112:0,ERM:p112:1,44,269,313,0
1271,\n,ERM:p112:1,ERM:p113:0,269,43,312,0
1272,\n,ERM:p113:0,ERM:p113:1,43,298,341,0
1273,\n,ERM:p113:1,ERM:p113:2,298,71,369,0
1274,\n,ERM:p113:2,ERM:p114:0,71,206,277,0
1275,\n,ERM:p114:0,ERM:p115:0,206,305,511,0
1276,\n,ERM:p115:0,ERM:p115:1,305,265,570,0
1277,\n,ERM:p115:1,ERM:p115:2,265,194,459,0
1278,\n,ERM:p115:2,ERM:p116:0,194,252,446,0
1279,\n,ERM:p116:0,ERM:p116:1,252,298,550,0
1280,\n,ERM:p116:1,ERM:p116:2,298,287,585,0
1281,\n,ERM:p116:2,ERM:p117:0,287,264,551,0
1282,\n,ERM:p117:0,ERM:p117:1,264,301,565,0
1283,\n,ERM:p117:1,ERM:p117:2,301,196,498,1
1284,\n,ERM:p117:2,ERM:p118:0,196,336,532,0
1285,\n,ERM:p118:0,ERM:p118:1,336,282,618,0
1286,\n,ERM:p118:1,ERM:p118:2,282,100,383,1
1287,\n,ERM:p118:2,ERM:p119:0,100,365,465,0
1288,\n,ERM:p119:0,ERM:p120:0,365,115,481,1
1289,\n,ERM:p120:0,ERM:p121:0,115,291,406,0
1290,\n,ERM:p121:0,ERM:p121:1,291,153,444,0
1291,\n,ERM:p121:1,ERM:p122:0,153,134,288,1
1292,\n,ERM:p122:0,ERM:p122:1,134,106,241,1
1293,\n,ERM:p122:1,ERM:p122:2,106,243,350,1
1294,\n,ERM:p122:2,ERM:p122:3,243,216,460,1
1295,\n,ERM:p122:3,ERM:p122:4,216,132,349,1
1296,\n,ERM:p122:4,ERM:p122:5,132,159,292,1
1297,\n,ERM:p122:5,ERM:p123:0,159,213,373,1
1298,\n,ERM:p123:0,ERM:p124:0,213,185,398,0
1299,\n,ERM:p124:0,ERM:p124:1,185,99,284,0
1300,\n,ERM:p124:1,ERM:p124:2,99,175,274,0
1301,\n,ERM:p124:2,ERM:p124:3,175,178,353,0
1302,\n,ERM:p124:3,ERM:p125:0,178,181,359,0
1303,\n,ERM:p125:0,ERM:p125:1,181,130,312,1
1304,\n,ERM:p125:1,ERM:p125:2,130,101,231,0
1305,\n,ERM:p125:2,ERM:p126:0,101,212,313,0
1306,\n,ERM:p126:0,ERM:p127:0,212,106,318,0
1307,\n,ERM:p127:0,ERM:p127:1,106,160,267,1
1308,\n,ERM:p127:1,ERM:p127:2,160,157,318,1
1309,\n,ERM:p127:2,ERM:p127:3,157,106,264,1
1310,\n,ERM:p127:3,ERM:p127:4,106,154,261,1
1311,\n,ERM:p127:4,ERM:p127:5,154,73,227,0
1312,\n,ERM:p127:5,ERM:p128:0,73,100,174,1
1313,\n,ERM:p128:0,ERM:p128:1,100,158,259,1
1314,\n,ERM:p128:1,ERM:p128:2,158,145,304,1
1315,\n,ERM:p128:2,ERM:p128:3,145,171,317,1
1316,\n,ERM:p128:3,ERM:p128:4,171,142,314,1
1317,\n,ERM:p128:4,ERM:p129:0,142,101,244,1
1318,\n,ERM:p129:0,ERM:p129:1,101,144,246,1
1319,\n,ERM:p129:1,ERM:p129:2,144,174,319,1
1320,\n,ERM:p129:2,ERM:p129:3,174,126,301,1
1321,\n,ERM:p129:3,ERM:p129:4,126,111,237,0
1322,\n,ERM:p129:4,ERM:p130:0,111,107,218,0
1323,\n,ERM:p130:0,ERM:p130:1,107,87,195,1
1324,\n,ERM:p130:1,ERM:p130:2,87,132,220,1
1325,\n,ERM:p130:2,ERM:p130:3,132,83,216,1
1326,\n,ERM:p130:3,ERM:p131:0,83,229,312,0
1327,\n,ERM:p131:0,ERM:p131:1,229,213,443,1
1328,\n,ERM:p131:1,ERM:p131:2,213,226,439,0
1329,\n,ERM:p131:2,ERM:p131:3,226,316,543,1
1330,\n,ERM:p131:3,ERM:p131:4,316,70,387,1
1331,\n,ERM:p131:4,ERM:p132:0,70,48,118,0
1332,\n,ERM:p132:0,ERM:p132:1,48,248,297,1
1333,\n,ERM:p132:1,ERM:p133:0,248,137,385,0
1334,\n,ERM:p133:0,ERM:p133:1,137,131,269,1
1335,\n,ERM:p133:1,ERM:p133:2,131,187,318,0
1336,\n,ERM:p133:2,ERM:p133:3,187,139,327,1
1337,\n,ERM:p133:3,ERM:p134:0,139,221,360,0
1338,\n,ERM:p134:0,ERM:p134:1,221,300,521,0
1339,\n,ERM:p134:1,ERM:p135:0,300,188,488,0
1340,\n,ERM:p135:0,ERM:p136:0,188,191,379,0
1341,\n,ERM:p136:0,ERM:p137:0,191,145,336,0
1342,\n,ERM:p137:0,ERM:p138:0,145,264,410,1
1343,\n,ERM:p138:0,ERM:p138:1,264,109,373,0
1344,\n,ERM:p138:1,ERM:p139:0,109,256,365,0
1345,\n,ERM:p139:0,ERM:p139:1,256,45,301,0
1346,\n,ERM:p139:1,ERM:p140:0,45,132,177,0
1347,\n,ERM:p140:0,ERM:p141:0,132,286,418,0
1348,\n,ERM:p141:0,ERM:p142:0,286,106,392,0
1349,\n,ERM:p142:0,ERM:p143:0,106,142,248,0
1350,\n,ERM:p143:0,ERM:p144:0,142,141,283,0
1351,\n,ERM:p144:0,ERM:p145:0,141,107,249,1
1352,\n,ERM:p145:0,ERM:p146:0,107,87,194,0
1353,\n,ERM:p146:0,ERM:p147:0,87,225,312,0
1354,\n,ERM:p147:0,ERM:p147:1,225,277,502,0
1355,\n,ERM:p147:1,ERM:p147:2,277,268,545,0
1356,\n,ERM:p147:2,ERM:p148:0,268,242,511,1
1357,\n,ERM:p148:0,ERM:p148:1,242,250,493,1
1358,\n,ERM:p148:1,ERM:p148:2,250,167,417,0
1359,\n,ERM:p148:2,ERM:p149:0,167,273,441,1
1360,\n,ERM:p149:0,ERM:p149:1,273,263,536,0
1361,\n,ERM:p149:1,ERM:p149:2,263,175,438,0
1362,\n,ERM:p149:2,ERM:p150:0,175,303,479,1
1363,\n,ERM:p150:0,ERM:p150:1,303,194,497,0
1364,\n,ERM:p150:1,ERM:p151:0,194,121,316,1
1365,\n,ERM:p151:0,ERM:p151:1,121,265,387,1
1366,\n,ERM:p151:1,ERM:p151:2,265,237,502,0
1367,\n,ERM:p151:2,FMM:p1:0,237,352,590,1
1368,\n,FMM:p1:0,FMM:p1:1,352,188,541,1
1369,\n,FMM:p1:1,FMM:p2:0,188,373,562,1
1370,\n,FMM:p2:0,FMM:p2:1,373,115,489,1
1371,\n,FMM:p2:1,FMM:p3:0,115,445,561,1
1372,\n,FMM:p3:0,FMM:p3:1,445,238,684,1
1373,\n,FMM:p3:1,FMM:p4:0,238,410,649,1
1374,\n,FMM:p4:0,FMM:p4:1,410,161,572,1
1375,\n,FMM:p4:1,FMM:p5:0,161,334,496,1
1376,\n,FMM:p5:0,FMM:p5:1,334,233,568,1
1377,\n,FMM:p5:1,FMM:p6:0,233,433,667,1
1378,\n,FMM:p6:0,FMM:p6:1,433,173,607,1
1379,\n,FMM:p6:1,FMM:p7:0,173,423,597,1
1380,\n,FMM:p7:0,FMM:p7:1,423,175,599,1
1381,\n,FMM:p7:1,FMM:p8:0,175,421,597,1
1382,\n,FMM:p8:0,FMM:p8:1,421,163,585,1
1383,\n,FMM:p8:1,FMM:p9:0,163,403,567,1
1384,\n,FMM:p9:0,FMM:p9:1,403,181,585,1
1385,\n,FMM:p9:1,FMM:p10:0,181,457,639,1
1386,\n,FMM:p10:0,FMM:p10:1,457,129,587,1
1387,\n,FMM:p10:1,FMM:p11:0,129,118,248,1
1388,\n,FMM:p11:0,FMM:p11:1,118,393,512,1
1389,\n,FMM:p11:1,FMM:p12:0,393,426,820,1
1390,\n,FMM:p12:0,FMM:p12:1,426,82,509,1
1391,\n,FMM:p12:1,FMM:p13:0,82,409,492,1
1392,\n,FMM:p13:0,FMM:p14:0,409,359,769,1
1393,\n,FMM:p14:0,FMM:p14:1,359,124,484,1
1394,\n,FMM:p14:1,FMM:p15:0,124,434,559,1
1395,\n,FMM:p15:0,FMM:p15:1,434,134,569,1
1396,\n,FMM:p15:1,FMM:p16:0,134,353,488,1
1397,\n,FMM:p16:0,FMM:p16:1,353,169,523,1
1398,\n,FMM:p16:1,FMM:p17:0,169,453,623,1
1399,\n,FMM:p17:0,FMM:p17:1,453,199,653,1
1400,\n,FMM:p17:1,FMM:p18:0,199,133,333,1
1401,\n,FMM:p18:0,FMM:p18:1,133,406,540,1
1402,\n,FMM:p18:1,FMM:p18:2,406,96,503,1
1403,\n,FMM:p18:2,FMM:p19:0,96,409,506,1
1404,\n,FMM:p19:0,FMM:p19:1,409,149,559,1
1405,\n,FMM:p19:1,FMM:p20:0,149,391,541,1
1406,\n,FMM:p20:0,FMM:p20:1,391,123,515,1
1407,\n,FMM:p20:1,FMM:p21:0,123,30,154,1
1408,\n,FMM:p21:0,FMM:p22:0,30,290,321,1
1409,\n,FMM:p22:0,FMM:p22:1,290,308,599,1
1410,\n,FMM:p22:1,FMM:p22:2,308,347,656,1
1411,\n,FMM:p22:2,FMM:p22:3,347,288,636,1
1412,\n,FMM:p22:3,FMM:p23:0,288,120,409,1
1413,\n,FMM:p23:0,FMM:p24:0,120,156,277,1
1414,\n,FMM:p24:0,FMM:p25:0,156,253,409,0
1415,\n,FMM:p25:0,FMM:p25:1,253,267,520,0
1416,\n,FMM:p25:1,FMM:p25:2,267,131,399,1
1417,\n,FMM:p25:2,FMM:p26:0,131,264,395,0
1418,\n,FMM:p26:0,FMM:p26:1,264,274,538,0
1419,\n,FMM:p26:1,FMM:p26:2,274,111,385,0
1420,\n,FMM:p26:2,FMM:p27:0,111,301,412,0
1421,\n,FMM:p27:0,FMM:p27:1,301,208,509,0
1422,\n,FMM:p27:1,FMM:p28:0,208,267,475,0
1423,\n,FMM:p28:0,FMM:p28:1,267,301,569,1
1424,\n,FMM:p28:1,FMM:p28:2,301,136,437,0
1425,\n,FMM:p28:2,FMM:p29:0,136,286,422,0
1426,\n,FMM:p29:0,FMM:p29:1,286,223,510,1
1427,\n,FMM:p29:1,FMM:p29:2,223,152,375,0
1428,\n,FMM:p29:2,FMM:p30:0,152,248,400,0
1429,\n,FMM:p30:0,FMM:p30:1,248,274,522,0
1430,\n,FMM:p30:1,FMM:p30:2,274,118,392,0
1431,\n,FMM:p30:2,FMM:p31:0,118,292,410,0
1432,\n,FMM:p31:0,FMM:p32:0,292,270,562,0
1433,\n,FMM:p32:0,FMM:p32:1,270,94,364,0
1434,\n,FMM:p32:1,FMM:p33:0,94,307,401,0
1435,\n,FMM:p33:0,FMM:p33:1,307,285,593,1
1436,\n,FMM:p33:1,FMM:p33:2,285,44,329,0
1437,\n,FMM:p33:2,FMM:p34:0,44,298,342,0
1438,\n,FMM:p34:0,FMM:p34:1,298,86,384,0
1439,\n,FMM:p34:1,FMM:p35:0,86,272,358,0
1440,\n,FMM:p35:0,FMM:p35:1,272,99,371,0
1441,\n,FMM:p35:1,FMM:p36:0,99,294,393,0
1442,\n,FMM:p36:0,FMM:p36:1,294,98,392,0
1443,\n,FMM:p36:1,FMM:p37:0,98,75,173,0
1444,\n,FMM:p37:0,FMM:p37:1,75,252,327,0
1445,\n,FMM:p37:1,FMM:p37:2,252,193,446,1
1446,\n,FMM:p37:2,FMM:p37:3,193,73,266,0
1447,\n,FMM:p37:3,FMM:p38:0,73,235,309,1
1448,\n,FMM:p38:0,FMM:p38:1,235,309,545,1
1449,\n,FMM:p38:1,FMM:p38:2,309,267,576,0
1450,\n,FMM:p38:2,FMM:p38:3,267,225,493,1
1451,\n,FMM:p38:3,FMM:p39:0,225,62,287,0
1452,\n,FMM:p39:0,FMM:p39:1,62,281,344,1
1453,\n,FMM:p39:1,FMM:p39:2,281,214,496,1
1454,\n,FMM:p39:2,FMM:p39:3,214,218,432,0
1455,\n,FMM:p39:3,FMM:p39:4,218,157,376,1
1456,\n,FMM:p39:4,FMM:p40:0,157,203,361,1
1457,\n,FMM:p40:0,FMM:p40:1,203,150,353,0
1458,\n,FMM:p40:1,FMM:p40:2,150,40,190,0
1459,\n,FMM:p40:2,FMM:p40:3,40,238,278,0
1460,\n,FMM:p40:3,FMM:p40:4,238,146,384,0
1461,\n,FMM:p40:4,FMM:p41:0,146,228,374,0
1462,\n,FMM:p41:0,FMM:p42:0,228,256,484,0
1463,\n,FMM:p42:0,FMM:p42:1,256,150,406,0
1464,\n,FMM:p42:1,FMM:p42:2,150,266,416,0
1465,\n,FMM:p42:2,FMM:p42:3,266,224,490,0
1466,\n,FMM:p42:3,FMM:p43:0,224,271,495,0
1467,\n,FMM:p43:0,FMM:p44:0,271,275,546,0
1468,\n,FMM:p44:0,FMM:p44:1,275,225,500,0
1469,\n,FMM:p44:1,FMM:p45:0,225,398,623,0
1470,\n,FMM:p45:0,FMM:p45:1,398,134,532,0
1471,\n,FMM:p45:1,FMM:p46:0,134,376,510,0
1472,\n,FMM:p46:0,FMM:p46:1,376,77,453,0
1473,\n,FMM:p46:1,FMM:p47:0,77,106,184,1
1474,\n,FMM:p47:0,FMM:p47:1,106,286,392,0
1475,\n,FMM:p47:1,FMM:p47:2,286,229,516,1
1476,\n,FMM:p47:2,FMM:p48:0,229,164,393,0
1477,\n,FMM:p48:0,FMM:p49:0,164,229,393,0
1478,\n,FMM:p49:0,FMM:p50:0,229,141,370,0
1479,\n,FMM:p50:0,FMM:p50:1,141,190,331,0
1480,\n,FMM:p50:1,FMM:p51:0,190,303,493,0
1481,\n,FMM:p51:0,FMM:p51:1,303,242,546,1
1482,\n,FMM:p51:1,FMM:p51:2,242,136,378,0
1483,\n,FMM:p51:2,FMM:p52:0,136,234,370,0
1484,\n,FMM:p52:0,FMM:p52:1,234,107,342,1
1485,\n,FMM:p52:1,FMM:p53:0,107,177,284,0
1486,\n,FMM:p53:0,FMM:p53:1,177,99,277,1
1487,\n,FMM:p53:1,FMM:p54:0,99,461,560,0
1488,\n,FMM:p54:0,FMM:p55:0,461,634,1096,1
1489,\n,FMM:p55:0,FMM:p55:1,634,158,793,1
1490,\n,FMM:p55:1,FMM:p56:0,158,454,613,1
1491,\n,FMM:p56:0,FMM:p56:1,454,131,586,1
1492,\n,FMM:p56:1,FMM:p57:0,131,164,296,1
1493,\n,FMM:p57:0,FMM:p57:1,164,244,409,1
1494,\n,FMM:p57:1,FMM:p58:0,244,229,474,1
1495,\n,FMM:p58:0,FMM:p58:1,229,233,463,1
1496,\n,FMM:p58:1,FMM:p58:2,233,208,442,1
1497,\n,FMM:p58:2,FMM:p59:0,208,47,255,0
1498,\n,FMM:p59:0,FMM:p59:1,47,226,274,1
1499,\n,FMM:p59:1,FMM:p59:2,226,38,264,0
1500,\n,FMM:p59:2,FMM:p59:3,38,247,285,0
1501,\n,FMM:p59:3,FMM:p60:0,247,197,445,1
1502,\n,FMM:p60:0,FMM:p60:1,197,261,459,1
1503,\n,FMM:p60:1,FMM:p61:0,261,180,442,1
1504,\n,FMM:p61:0,FMM:p61:1,180,163,344,1
1505,\n,FMM:p61:1,FMM:p61:2,163,193,357,1
1506,\n,FMM:p61:2,FMM:p62:0,193,215,409,1
1507,\n,FMM:p62:0,FMM:p62:1,215,177,393,1
1508,\n,FMM:p62:1,FMM:p62:2,177,178,356,1
1509,\n,FMM:p62:2,FMM:p63:0,178,254,433,1
1510,\n,FMM:p63:0,FMM:p63:1,254,189,444,1
1511,\n,FMM:p63:1,FMM:p63:2,189,181,371,1
1512,\n,FMM:p63:2,FMM:p63:3,181,243,425,1
1513,\n,FMM:p63:3,FMM:p64:0,243,117,361,1
1514,\n,FMM:p64:0,FMM:p64:1,117,221,339,1
1515,\n,FMM:p64:1,FMM:p64:2,221,250,472,1
1516,\n,FMM:p64:2,FMM:p64:3,250,51,301,0
1517,\n,FMM:p64:3,FMM:p65:0,51,18,70,1
1518,\n,FMM:p65:0,FMM:p65:1,18,273,292,1
1519,\n,FMM:p65:1,FMM:p65:2,273,209,483,1
1520,\n,FMM:p65:2,FMM:p65:3,209,80,290,1
1521,\n,FMM:p65:3,FMM:p66:0,80,286,366,0
1522,\n,FMM:p66:0,FMM:p66:1,286,253,540,1
1523,\n,FMM:p66:1,FMM:p67:0,253,49,303,1
1524,\n,FMM:p67:0,FMM:p67:1,49,253,303,1
1525,\n,FMM:p67:1,FMM:p67:2,253,74,327,0
1526,\n,FMM:p67:2,FMM:p67:3,74,285,359,0
1527,\n,FMM:p67:3,FMM:p68:0,285,298,583,0
1528,\n,FMM:p68:0,FMM:p68:1,298,18,317,1
1529,\n,FMM:p68:1,FMM:p68:2,18,258,277,1
1530,\n,FMM:p68:2,FMM:p68:3,258,100,359,1
1531,\n,FMM:p68:3,FMM:p69:0,100,18,119,1
1532,\n,FMM:p69:0,FMM:p69:1,18,237,256,1
1533,\n,FMM:p69:1,FMM:p69:2,237,171,408,0
1534,\n,FMM:p69:2,FMM:p69:3,171,292,463,0
1535,\n,FMM:p69:3,FMM:p70:0,292,279,572,1
1536,\n,FMM:p70:0,FMM:p70:1,279,215,495,1
1537,\n,FMM:p70:1,FMM:p71:0,215,18,234,1
1538,\n,FMM:p71:0,FMM:p71:1,18,261,280,1
1539,\n,FMM:p71:1,FMM:p71:2,261,65,326,0
1540,\n,FMM:p71:2,FMM:p71:3,65,49,114,0
1541,\n,FMM:p71:3,FMM:p71:4,49,275,325,1
1542,\n,FMM:p71:4,FMM:p72:0,275,217,493,1
1543,\n,FMM:p72:0,FMM:p72:1,217,181,399,1
1544,\n,FMM:p72:1,FMM:p72:2,181,189,371,1
1545,\n,FMM:p72:2,FMM:p73:0,189,192,382,1
1546,\n,FMM:p73:0,FMM:p73:1,192,196,389,1
1547,\n,FMM:p73:1,FMM:p73:2,196,161,358,1
1548,\n,FMM:p73:2,FMM:p73:3,161,156,318,1
1549,\n,FMM:p73:3,FMM:p74:0,156,447,603,0
1550,\n,FMM:p74:0,FMM:p75:0,447,279,727,1
1551,\n,FMM:p75:0,FMM:p75:1,279,223,503,1
1552,\n,FMM:p75:1,FMM:p76:0,223,149,373,1
1553,\n,FMM:p76:0,FMM:p76:1,149,168,317,0
1554,\n,FMM:p76:1,FMM:p76:2,168,160,329,1
1555,\n,FMM:p76:2,FMM:p76:3,160,83,243,0
1556,\n,FMM:p76:3,FMM:p77:0,83,221,305,1
1557,\n,FMM:p77:0,FMM:p77:1,221,198,419,0
1558,\n,FMM:p77:1,FMM:p77:2,198,255,453,0
1559,\n,FMM:p77:2,FMM:p78:0,255,296,551,0
1560,\n,FMM:p78:0,FMM:p78:1,296,232,528,0
1561,\n,FMM:p78:1,FMM:p79:0,232,80,313,1
1562,\n,FMM:p79:0,FMM:p79:1,80,224,305,1
1563,\n,FMM:p79:1,FMM:p79:2,224,176,401,1
1564,\n,FMM:p79:2,FMM:p79:3,176,52,229,1
1565,\n,FMM:p79:3,FMM:p80:0,52,227,280,1
1566,\n,FMM:p80:0,FMM:p80:1,227,341,569,1
1567,\n,FMM:p80:1,FMM:p81:0,341,299,640,0
1568,\n,FMM:p81:0,FMM:p81:1,299,99,398,0
1569,\n,FMM:p81:1,FMM:p82:0,99,342,441,0
1570,\n,FMM:p82:0,FMM:p82:1,342,224,566,0
1571,\n,FMM:p82:1,FMM:p82:2,224,67,292,1
1572,\n,FMM:p82:2,FMM:p83:0,67,182,249,0
1573,\n,FMM:p83:0,FMM:p83:1,182,195,378,1
1574,\n,FMM:p83:1,FMM:p83:2,195,100,296,1
1575,\n,FMM:p83:2,FMM:p84:0,100,186,286,0
1576,\n,FMM:p84:0,FMM:p84:1,186,169,355,0
1577,\n,FMM:p84:1,FMM:p85:0,169,563,732,0
1578,\n,FMM:p85:0,FMM:p86:0,563,534,1098,1
1579,\n,FMM:p86:0,FMM:p87:0,534,521,1056,1
1580,\n,FMM:p87:0,FMM:p88:0,521,504,1026,1
1581,\n,FMM:p88:0,FMM:p89:0,504,226,731,1
1582,\n,FMM:p89:0,FMM:p89:1,226,73,299,0
1583,\n,FMM:p89:1,FMM:p89:2,73,292,365,0
1584,\n,FMM:p89:2,FMM:p89:3,292,65,358,1
1585,\n,FMM:p89:3,FMM:p89:4,65,69,134,0
1586,\n,FMM:p89:4,FMM:p90:0,69,163,232,0
1587,\n,FMM:p90:0,FMM:p90:1,163,179,343,1
1588,\n,FMM:p90:1,FMM:p90:2,179,141,321,1
1589,\n,FMM:p90:2,FMM:p91:0,141,220,362,1
1590,\n,FMM:p91:0,FMM:p91:1,220,191,412,1
1591,\n,FMM:p91:1,FMM:p92:0,191,118,310,1
1592,\n,FMM:p92:0,FMM:p92:1,118,97,216,1
1593,\n,FMM:p92:1,FMM:p92:2,97,242,339,0
1594,\n,FMM:p92:2,FMM:p92:3,242,235,477,0
1595,\n,FMM:p92:3,FMM:p93:0,235,197,433,1
1596,\n,FMM:p93:0,FMM:p93:1,197,166,364,1
1597,\n,FMM:p93:1,FMM:p93:2,166,204,371,1
1598,\n,FMM:p93:2,FMM:p94:0,204,173,378,1
1599,\n,FMM:p94:0,FMM:p94:1,173,158,332,1
1600,\n,FMM:p94:1,FMM:p94:2,158,155,314,1
1601,\n,FMM:p94:2,FMM:p94:3,155,129,284,0
1602,\n,FMM:p94:3,FMM:p95:0,129,196,326,1
1603,\n,FMM:p95:0,FMM:p95:1,196,177,374,1
1604,\n,FMM:p95:1,FMM:p95:2,177,64,242,1
1605,\n,FMM:p95:2,FMM:p96:0,64,102,167,1
1606,\n,FMM:p96:0,FMM:p96:1,102,144,247,1
1607,\n,FMM:p96:1,FMM:p96:2,144,54,199,1
1608,\n,FMM:p96:2,FMM:p96:3,54,224,279,1
1609,\n,FMM:p96:3,FMM:p97:0,224,214,439,1
1610,\n,FMM:p97:0,FMM:p97:1,214,29,244,1
1611,\n,FMM:p97:1,FMM:p97:2,29,133,163,1
1612,\n,FMM:p97:2,FMM:p97:3,133,169,303,1
1613,\n,FMM:p97:3,FMM:p97:4,169,79,249,1
1614,\n,FMM:p97:4,FMM:p98:0,79,111,191,1
1615,\n,FMM:p98:0,FMM:p98:1,111,143,255,1
1616,\n,FMM:p98:1,FMM:p98:2,143,50,193,0
1617,\n,FMM:p98:2,FMM:p98:3,50,156,207,1
1618,\n,FMM:p98:3,FMM:p99:0,156,242,399,1
1619,\n,FMM:p99:0,FMM:p99:1,242,290,532,0
1620,\n,FMM:p99:1,FMM:p99:2,290,181,472,1
1621,\n,FMM:p99:2,FMM:p100:0,181,200,382,1
1622,\n,FMM:p100:0,FMM:p100:1,200,203,404,1
1623,\n,FMM:p100:1,FMM:p100:2,203,113,317,1
1624,\n,FMM:p100:2,FMM:p101:0,113,206,319,0
1625,\n,FMM:p101:0,FMM:p101:1,206,217,423,0
1626,\n,FMM:p101:1,FMM:p101:2,217,277,494,0
1627,\n,FMM:p101:2,FMM:p102:0,277,87,365,1
1628,\n,FMM:p102:0,FMM:p102:1,87,247,334,0
1629,\n,FMM:p102:1,FMM:p102:2,247,163,411,1
1630,\n,FMM:p102:2,FMM:p102:3,163,72,235,0
1631,\n,FMM:p102:3,FMM:p103:0,72,204,276,0
1632,\n,FMM:p103:0,FMM:p103:1,204,128,332,0
1633,\n,FMM:p103:1,FMM:p104:0,128,174,302,0
1634,\n,FMM:p104:0,FMM:p104:1,174,293,467,0
1635,\n,FMM:p104:1,FMM:p104:2,293,90,384,1
1636,\n,FMM:p104:2,FMM:p105:0,90,183,273,0
1637,\n,FMM:p105:0,FMM:p105:1,183,205,389,1
1638,\n,FMM:p105:1,FMM:p105:2,205,170,376,1
1639,\n,FMM:p105:2,FMM:p106:0,170,272,442,0
1640,\n,FMM:p106:0,FMM:p106:1,272,175,447,0
1641,\n,FMM:p106:1,FMM:p106:2,175,182,357,0
1642,\n,FMM:p106:2,FMM:p107:0,182,186,368,0
1643,\n,FMM:p107:0,FMM:p107:1,186,198,384,0
1644,\n,FMM:p107:1,FMM:p107:2,198,198,396,0
1645,\n,FMM:p107:2,FMM:p108:0,198,205,404,1
1646,\n,FMM:p108:0,FMM:p108:1,205,146,352,1
1647,\n,FMM:p108:1,FMM:p108:2,146,174,321,1
1648,\n,FMM:p108:2,FMM:p109:0,174,225,400,1
1649,\n,FMM:p109:0,FMM:p109:1,225,152,378,1
1650,\n,FMM:p109:1,FMM:p109:2,152,127,280,1
1651,\n,FMM:p109:2,FMM:p110:0,127,236,363,0
1652,\n,FMM:p110:0,FMM:p110:1,236,216,453,1
1653,\n,FMM:p110:1,FMM:p110:2,216,47,264,1
1654,\n,FMM:p110:2,FMM:p111:0,47,234,282,1
1655,\n,FMM:p111:0,FMM:p111:1,234,112,347,1
1656,\n,FMM:p111:1,FMM:p111:2,112,114,227,1
1657,\n,FMM:p111:2,FMM:p112:0,114,200,315,1
1658,\n,FMM:p112:0,FMM:p112:1,200,39,239,0
1659,\n,FMM:p112:1,FMM:p113:0,39,598,638,1
1660,\n,FMM:p113:0,FMM:p114:0,598,589,1188,1
1661,\n,FMM:p114:0,FMM:p115:0,589,470,1060,1
1662,\n,FMM:p115:0,FMM:p116:0,470,75,546,1
1663,\n,FMM:p116:0,FMM:p116:1,75,232,308,1
1664,\n,FMM:p116:1,FMM:p116:2,232,222,454,0
1665,\n,FMM:p116:2,FMM:p116:3,222,143,365,0
1666,\n,FMM:p116:3,FMM:p117:0,143,175,318,0
1667,\n,FMM:p117:0,FMM:p117:1,175,224,400,1
1668,\n,FMM:p117:1,FMM:p117:2,224,226,451,1
1669,\n,FMM:p117:2,FMM:p118:0,226,143,370,1
1670,\n,FMM:p118:0,FMM:p118:1,143,222,365,0
1671,\n,FMM:p118:1,FMM:p118:2,222,165,388,1
1672,\n,FMM:p118:2,FMM:p119:0,165,105,271,1
1673,\n,FMM:p119:0,FMM:p119:1,105,180,285,0
1674,\n,FMM:p119:1,FMM:p120:0,180,206,386,0
1675,\n,FMM:p120:0,FMM:p120:1,206,263,469,0
1676,\n,FMM:p120:1,FMM:p121:0,263,218,481,0
1677,\n,FMM:p121:0,FMM:p121:1,218,156,374,0
1678,\n,FMM:p121:1,FMM:p122:0,156,181,337,0
1679,\n,FMM:p122:0,FMM:p122:1,181,74,255,0
1680,\n,FMM:p122:1,FMM:p122:2,74,126,200,0
1681,\n,FMM:p122:2,FMM:p122:3,126,187,314,1
1682,\n,FMM:p122:3,FMM:p122:4,187,139,327,1
1683,\n,FMM:p122:4,FMM:p123:0,139,250,390,1
1684,\n,FMM:p123:0,FMM:p123:1,250,62,313,1
1685,\n,FMM:p123:1,FMM:p123:2,62,240,302,0
1686,\n,FMM:p123:2,FMM:p124:0,240,205,446,1
1687,\n,FMM:p124:0,FMM:p124:1,205,275,481,1
1688,\n,FMM:p124:1,FMM:p124:2,275,83,358,0
1689,\n,FMM:p124:2,FMM:p124:3,83,176,259,0
1690,\n,FMM:p124:3,FMM:p125:0,176,175,351,0
1691,\n,FMM:p125:0,FMM:p125:1,175,195,370,0
1692,\n,FMM:p125:1,FMM:p126:0,195,298,494,1
1693,\n,FMM:p126:0,FMM:p126:1,298,288,587,1
1694,\n,FMM:p126:1,FMM:p127:0,288,275,564,1
1695,\n,FMM:p127:0,FMM:p128:0,275,196,472,1
1696,\n,FMM:p128:0,FMM:p128:1,196,170,367,1
1697,\n,FMM:p128:1,FMM:p128:2,170,212,382,0
1698,\n,FMM:p128:2,FMM:p129:0,212,237,450,1
1699,\n,FMM:p129:0,FMM:p129:1,237,241,479,1
1700,\n,FMM:p129:1,FMM:p129:2,241,94,335,0
1701,\n,FMM:p129:2,FMM:p130:0,94,82,176,0
1702,\n,FMM:p130:0,FMM:p130:1,82,236,319,1
1703,\n,FMM:p130:1,FMM:p130:2,236,251,488,1
1704,\n,FMM:p130:2,FMM:p131:0,251,71,323,1
1705,\n,FMM:p131:0,FMM:p131:1,71,218,289,0
1706,\n,FMM:p131:1,FMM:p131:2,218,60,279,1
1707,\n,FMM:p131:2,FMM:p131:3,60,241,302,1
1708,\n,FMM:p131:3,FMM:p131:4,241,202,444,1
1709,\n,FMM:p131:4,FMM:p132:0,202,190,392,0
1710,\n,FMM:p132:0,FMM:p132:1,190,208,399,1
1711,\n,FMM:p132:1,FMM:p132:2,208,198,406,0
1712,\n,FMM:p132:2,FMM:p132:3,198,55,254,1
1713,\n,FMM:p132:3,FMM:p133:0,55,75,131,1
1714,\n,FMM:p133:0,FMM:p133:1,75,233,309,1
1715,\n,FMM:p133:1,FMM:p133:2,233,76,310,1
1716,\n,FMM:p133:2,FMM:p133:3,76,220,297,1
1717,\n,FMM:p133:3,FMM:p133:4,220,148,368,0
1718,\n,FMM:p133:4,FMM:p133:5,148,71,219,0
1719,\n,FMM:p133:5,FMM:p134:0,71,118,190,1
1720,\n,FMM:p134:0,FMM:p134:1,118,234,352,0
1721,\n,FMM:p134:1,FMM:p134:2,234,170,405,1
1722,\n,FMM:p134:2,FMM:p134:3,170,74,245,1
1723,\n,FMM:p134:3,FMM:p134:4,74,130,205,1
1724,\n,FMM:p134:4,FMM:p135:0,130,262,393,1
1725,\n,FMM:p135:0,FMM:p135:1,262,136,398,0
1726,\n,FMM:p135:1,FMM:p135:2,136,113,250,1
1727,\n,FMM:p135:2,FMM:p136:0,113,256,369,0
1728,\n,FMM:p136:0,FMM:p136:1,256,274,530,0
1729,\n,FMM:p136:1,FMM:p136:2,274,236,510,0
1730,\n,FMM:p136:2,FMM:p137:0,236,75,312,1
1731,\n,FMM:p137:0,FMM:p138:0,75,14,90,1
1732,\n,FMM:p138:0,FMM:p138:1,14,252,267,1
1733,\n,FMM:p138:1,FMM:p138:2,252,207,459,0
1734,\n,FMM:p138:2,FMM:p138:3,207,216,423,0
1735,\n,FMM:p138:3,FMM:p138:4,216,124,341,1
1736,\n,FMM:p138:4,FMM:p139:0,124,210,335,1
1737,\n,FMM:p139:0,FMM:p139:1,210,132,343,1
1738,\n,FMM:p139:1,FMM:p139:2,132,124,257,1
1739,\n,FMM:p139:2,FMM:p139:3,124,127,251,0
1740,\n,FMM:p139:3,FMM:p140:0,127,238,365,0
1741,\n,FMM:p140:0,FMM:p140:1,238,235,473,0
1742,\n,FMM:p140:1,FMM:p140:2,235,262,498,1
1743,\n,FMM:p140:2,FMM:p140:3,262,49,311,0
1744,\n,FMM:p140:3,FMM:p140:4,49,41,90,0
1745,\n,FMM:p140:4,FMM:p141:0,41,185,227,1
1746,\n,FMM:p141:0,FMM:p141:1,185,159,344,0
1747,\n,FMM:p141:1,FMM:p141:2,159,136,295,0
1748,\n,FMM:p141:2,FMM:p141:3,136,230,366,0
1749,\n,FMM:p141:3,FMM:p141:4,230,79,309,0
1750,\n,FMM:p141:4,FMM:p142:0,79,68,148,1
1751,\n,FMM:p142:0,FMM:p142:1,68,272,341,1
1752,\n,FMM:p142:1,FMM:p142:2,272,118,391,1
1753,\n,FMM:p142:2,FMM:p142:3,118,223,341,0
1754,\n,FMM:p142:3,FMM:p142:4,223,153,377,1
1755,\n,FMM:p142:4,FMM:p143:0,153,216,369,0
1756,\n,FMM:p143:0,FMM:p143:1,216,224,441,1
1757,\n,FMM:p143:1,FMM:p143:2,224,120,344,0
1758,\n,FMM:p143:2,FMM:p143:3,120,102,223,1
1759,\n,FMM:p143:3,FMM:p144:0,102,69,172,1
1760,\n,FMM:p144:0,FMM:p144:1,69,186,256,1
1761,\n,FMM:p144:1,FMM:p144:2,186,72,259,1
1762,\n,FMM:p144:2,FMM:p144:3,72,64,137,1
1763,\n,FMM:p144:3,FMM:p144:4,64,216,281,1
1764,\n,FMM:p144:4,FMM:p144:5,216,101,317,0
1765,\n,FMM:p144:5,FMM:p145:0,101,173,275,1
1766,\n,FMM:p145:0,FMM:p145:1,173,49,223,1
1767,\n,FMM:p145:1,FMM:p145:2,49,82,131,0
1768,\n,FMM:p145:2,FMM:p145:3,82,150,233,1
1769,\n,FMM:p145:3,FMM:p145:4,150,115,266,1
1770,\n,FMM:p145:4,FMM:p146:0,115,247,363,1
1771,\n,FMM:p146:0,FMM:p146:1,247,149,396,0
1772,\n,FMM:p146:1,FMM:p146:2,149,196,346,1
1773,\n,FMM:p146:2,FMM:p146:3,196,77,274,1
1774,\n,FMM:p146:3,FMM:p147:0,77,213,291,1
1775,\n,FMM:p147:0,FMM:p147:1,213,38,252,1
1776,\n,FMM:p147:1,FMM:p147:2,38,305,343,0
1777,\n,FMM:p147:2,FMM:p147:3,305,139,444,0
1778,\n,FMM:p147:3,FMM:p148:0,139,119,259,1
1779,\n,FMM:p148:0,FMM:p148:1,119,194,314,1
1780,\n,FMM:p148:1,FMM:p148:2,194,40,235,1
1781,\n,FMM:p148:2,FMM:p148:3,40,218,259,1
1782,\n,FMM:p148:3,FMM:p149:0,218,199,417,0
1783,\n,FMM:p149:0,FMM:p149:1,199,98,298,1
1784,\n,FMM:p149:1,FMM:p149:2,98,219,318,1
1785,\n,FMM:p149:2,FMM:p150:0,219,54,273,0
1786,\n,FMM:p150:0,FMM:p150:1,54,223,278,1
1787,\n,FMM:p150:1,FMM:p150:2,223,175,398,0
1788,\n,FMM:p150:2,FMM:p150:3,175,90,265,0
1789,\n,FMM:p150:3,FMM:p150:4,90,260,351,1
1790,\n,FMM:p150:4,FMM:p151:0,260,180,440,0
1791,\n,FMM:p151:0,FMM:p151:1,180,101,282,1
1792,\n,FMM:p151:1,FMM:p151:2,101,229,331,1
1793,\n,FMM:p151:2,FMM:p152:0,229,284,513,0
1794,\n,FMM:p152:0,FMM:p152:1,284,119,403,0
1795,\n,FMM:p152:1,FMM:p153:0,119,198,317,0
1796,\n,FMM:p153:0,FMM:p153:1,198,135,333,0
1797,\n,FMM:p153:1,FMM:p154:0,135,128,264,1
1798,\n,FMM:p154:0,FMM:p154:1,128,264,393,1
1799,\n,FMM:p154:1,FMM:p154:2,264,77,342,1
1800,\n,FMM:p154:2,FMM:p154:3,77,186,263,0
1801,\n,FMM:p154:3,FMM:p155:0,186,211,398,1
1802,\n,FMM:p155:0,FMM:p155:1,211,240,452,1
1803,\n,FMM:p155:1,FMM:p156:0,240,208,449,1
1804,\n,FMM:p156:0,FMM:p156:1,208,229,438,1
1805,\n,FMM:p156:1,FMM:p156:2,229,277,506,0
1806,\n,FMM:p156:2,FMM:p156:3,277,119,396,0
1807,\n,FMM:p156:3,FMM:p157:0,119,218,337,0
1808,\n,FMM:p157:0,FMM:p157:1,218,105,324,1
1809,\n,FMM:p157:1,FMM:p158:0,105,128,233,0
1810,\n,FMM:p158:0,FMM:p158:1,128,264,393,1
1811,\n,FMM:p158:1,FMM:p158:2,264,101,366,1
1812,\n,FMM:p158:2,FMM:p159:0,101,211,313,1
1813,\n,FMM:p159:0,FMM:p159:1,211,265,477,1
1814,\n,FMM:p159:1,FMM:p159:2,265,63,328,0
1815,\n,FMM:p159:2,FMM:p159:3,63,261,324,0
1816,\n,FMM:p159:3,FMM:p160:0,261,154,415,0
1817,\n,FMM:p160:0,FMM:p160:1,154,98,253,1
1818,\n,FMM:p160:1,FMM:p160:2,98,206,305,1
1819,\n,FMM:p160:2,FMM:p160:3,206,100,307,1
1820,\n,FMM:p160:3,FMM:p161:0,100,20,120,0
1821,\n,FMM:p161:0,FMM:p161:1,20,224,245,1
1822,\n,FMM:p161:1,FMM:p161:2,224,236,461,1
1823,\n,FMM:p161:2,FMM:p161:3,236,185,421,0
1824,\n,FMM:p161:3,FMM:p162:0,185,259,444,0
1825,\n,FMM:p162:0,FMM:p162:1,259,231,491,1
1826,\n,FMM:p162:1,FMM:p163:0,231,111,343,1
1827,\n,FMM:p163:0,FMM:p163:1,111,196,307,0
1828,\n,FMM:p163:1,FMM:p163:2,196,245,442,1
1829,\n,FMM:p163:2,FMM:p163:3,245,76,322,1
1830,\n,FMM:p163:3,FMM:p164:0,76,135,211,0
1831,\n,FMM:p164:0,FMM:p164:1,135,227,363,1
1832,\n,FMM:p164:1,FMM:p164:2,227,94,321,0
1833,\n,FMM:p164:2,FMM:p165:0,94,23,117,0
1834,\n,FMM:p165:0,FMM:p165:1,23,257,281,1
1835,\n,FMM:p165:1,FMM:p165:2,257,55,313,1
1836,\n,FMM:p165:2,FMM:p165:3,55,271,326,0
1837,\n,FMM:p165:3,FMM:p165:4,271,63,335,1
1838,\n,FMM:p165:4,FMM:p166:0,63,204,267,0
1839,\n,FMM:p166:0,FMM:p166:1,204,253,458,1
1840,\n,FMM:p166:1,FMM:p166:2,253,68,321,0
1841,\n,FMM:p166:2,FMM:p166:3,68,259,328,1
1842,\n,FMM:p166:3,FMM:p166:4,259,184,443,0
1843,\n,FMM:p166:4,FMM:p167:0,184,216,400,0
1844,\n,FMM:p167:0,FMM:p167:1,216,75,292,1
1845,\n,FMM:p167:1,FMM:p168:0,75,545,621,1
1846,\n,FMM:p168:0,FMM:p168:1,545,72,618,1
1847,\n,FMM:p168:1,FMM:p169:0,72,533,606,1
1848,\n,FMM:p169:0,FMM:p170:0,533,375,909,1
1849,\n,FMM:p170:0,FMM:p170:1,375,103,478,0
1850,\n,FMM:p170:1,FMM:p171:0,103,321,424,0
1851,\n,FMM:p171:0,FMM:p171:1,321,65,387,1
1852,\n,FMM:p171:1,FMM:p171:2,65,236,301,0
1853,\n,FMM:p171:2,FMM:p171:3,236,268,505,1
1854,\n,FMM:p171:3,FMM:p171:4,268,65,333,0
1855,\n,FMM:p171:4,FMM:p172:0,65,275,340,0
1856,\n,FMM:p172:0,FMM:p172:1,275,129,404,0
1857,\n,FMM:p172:1,FMM:p172:2,129,241,370,0
1858,\n,FMM:p172:2,FMM:p173:0,241,231,472,0
1859,\n,FMM:p173:0,FMM:p173:1,231,236,467,0
1860,\n,FMM:p173:1,FMM:p173:2,236,203,440,1
1861,\n,FMM:p173:2,FMM:p174:0,203,208,411,0
1862,\n,FMM:p174:0,FMM:p174:1,208,241,449,0
1863,\n,FMM:p174:1,FMM:p174:2,241,199,441,1
1864,\n,FMM:p174:2,FMM:p175:0,199,262,461,0
1865,\n,FMM:p175:0,FMM:p175:1,262,46,309,1
1866,\n,FMM:p175:1,FMM:p175:2,46,227,273,0
1867,\n,FMM:p175:2,FMM:p176:0,227,289,516,0
1868,\n,FMM:p176:0,FMM:p176:1,289,268,557,0
1869,\n,FMM:p176:1,FMM:p176:2,268,76,344,0
1870,\n,FMM:p176:2,FMM:p177:0,76,318,394,0
1871,\n,FMM:p177:0,FMM:p177:1,318,304,622,0
1872,\n,FMM:p177:1,FMM:p177:2,304,97,401,0
1873,\n,FMM:p177:2,FMM:p178:0,97,279,376,0
1874,\n,FMM:p178:0,FMM:p178:1,279,298,578,1
1875,\n,FMM:p178:1,FMM:p178:2,298,99,397,0
1876,\n,FMM:p178:2,FMM:p178:3,99,278,377,0
1877,\n,FMM:p178:3,FMM:p179:0,278,346,624,0
1878,\n,FMM:p179:0,FMM:p179:1,346,324,670,0
1879,\n,FMM:p179:1,FMM:p180:0,324,244,568,0
1880,\n,FMM:p180:0,FMM:p180:1,244,301,545,0
1881,\n,FMM:p180:1,FMM:p180:2,301,85,387,1
1882,\n,FMM:p180:2,FMM:p181:0,85,157,243,1
1883,\n,FMM:p181:0,FMM:p181:1,157,212,369,0
1884,\n,FMM:p181:1,FMM:p181:2,212,115,328,1
1885,\n,FMM:p181:2,FMM:p181:3,115,182,297,0
1886,\n,FMM:p181:3,FMM:p182:0,182,139,321,0
1887,\n,FMM:p182:0,FMM:p182:1,139,187,327,1
1888,\n,FMM:p182:1,FMM:p182:2,187,221,409,1
1889,\n,FMM:p182:2,FMM:p183:0,221,233,454,0
1890,\n,FMM:p183:0,FMM:p183:1,233,173,406,0
1891,\n,FMM:p183:1,FMM:p183:2,173,49,222,0
1892,\n,FMM:p183:2,FMM:p184:0,49,172,221,0
1893,\n,FMM:p184:0,FMM:p184:1,172,186,359,1
1894,\n,FMM:p184:1,FMM:p184:2,186,272,459,1
1895,\n,FMM:p184:2,FMM:p184:3,272,64,337,1
1896,\n,FMM:p184:3,FMM:p184:4,64,41,105,0
1897,\n,FMM:p184:4,FMM:p185:0,41,167,209,1
1898,\n,FMM:p185:0,FMM:p185:1,167,80,248,1
1899,\n,FMM:p185:1,FMM:p185:2,80,196,277,1
1900,\n,FMM:p185:2,FMM:p186:0,196,136,332,0
1901,\n,FMM:p186:0,FMM:p186:1,136,245,382,1
1902,\n,FMM:p186:1,FMM:p186:2,245,196,442,1
1903,\n,FMM:p186:2,FMM:p186:3,196,289,486,1
1904,\n,FMM:p186:3,FMM:p187:0,289,254,543,0
1905,\n,FMM:p187:0,FMM:p187:1,254,299,554,1
1906,\n,FMM:p187:1,FMM:p188:0,299,289,589,1
1907,\n,FMM:p188:0,FMM:p188:1,289,243,532,0
1908,\n,FMM:p188:1,FMM:p188:2,243,184,428,1
1909,\n,FMM:p188:2,FMM:p189:0,184,266,450,0
1910,\n,FMM:p189:0,FMM:p189:1,266,288,554,0
1911,\n,FMM:p189:1,FMM:p189:2,288,190,479,1
1912,\n,FMM:p189:2,FMM:p190:0,190,205,395,0
1913,\n,FMM:p190:0,FMM:p190:1,205,290,496,1
1914,\n,FMM:p190:1,FMM:p190:2,290,34,324,0
1915,\n,FMM:p190:2,FMM:p190:3,34,244,278,0
1916,\n,FMM:p190:3,FMM:p191:0,244,279,523,0
1917,\n,FMM:p191:0,FMM:p191:1,279,64,344,1
1918,\n,FMM:p191:1,FMM:p191:2,64,303,367,0
1919,\n,FMM:p191:2,FMM:p191:3,303,60,364,1
1920,\n,FMM:p191:3,FMM:p191:4,60,134,194,0
1921,\n,FMM:p191:4,FMM:p192:0,134,268,402,0
1922,\n,FMM:p192:0,FMM:p192:1,268,299,567,0
1923,\n,FMM:p192:1,FMM:p192:2,299,212,511,0
1924,\n,FMM:p192:2,FMM:p193:0,212,277,489,0
1925,\n,FMM:p193:0,FMM:p193:1,277,161,439,1
1926,\n,FMM:p193:1,FMM:p193:2,161,107,269,1
1927,\n,FMM:p193:2,FMM:p194:0,107,182,289,0
1928,\n,FMM:p194:0,FMM:p194:1,182,198,380,0
1929,\n,FMM:p194:1,FMM:p194:2,198,233,432,1
1930,\n,FMM:p194:2,FMM:p195:0,233,203,436,0
1931,\n,FMM:p195:0,FMM:p195:1,203,323,527,1
1932,\n,FMM:p195:1,FMM:p195:2,323,167,490,0
1933,\n,FMM:p195:2,FMM:p196:0,167,265,432,0
1934,\n,FMM:p196:0,FMM:p196:1,265,66,332,1
1935,\n,FMM:p196:1,FMM:p196:2,66,289,355,0
1936,\n,FMM:p196:2,FMM:p196:3,289,227,517,1
1937,\n,FMM:p196:3,FMM:p197:0,227,145,372,0
1938,\n,FMM:p197:0,FMM:p197:1,145,276,421,0
1939,\n,FMM:p197:1,FMM:p197:2,276,319,595,0
1940,\n,FMM:p197:2,FMM:p198:0,319,134,454,1
1941,\n,FMM:p198:0,FMM:p199:0,134,211,345,0
1942,\n,FMM:p199:0,FMM:p199:1,211,210,421,0
1943,\n,FMM:p199:1,FMM:p200:0,210,283,494,1
1944,\n,FMM:p200:0,FMM:p200:1,283,144,427,0
1945,\n,FMM:p200:1,FMM:p201:0,144,436,580,0
1946,\n,FMM:p201:0,FMM:p202:0,436,504,941,1
1947,\n,FMM:p202:0,FMM:p203:0,504,447,952,1
1948,\n,FMM:p203:0,FMM:p204:0,447,197,645,1
1949,\n,FMM:p204:0,FMM:p204:1,197,241,439,1
1950,\n,FMM:p204:1,FMM:p204:2,241,169,411,1
1951,\n,FMM:p204:2,FMM:p205:0,169,22,191,0
1952,\n,FMM:p205:0,FMM:p205:1,22,273,296,1
1953,\n,FMM:p205:1,FMM:p205:2,273,41,315,1
1954,\n,FMM:p205:2,FMM:p205:3,41,55,96,0
1955,\n,FMM:p205:3,FMM:p206:0,55,140,196,1
1956,\n,FMM:p206:0,FMM:p206:1,140,256,397,1
1957,\n,FMM:p206:1,FMM:p206:2,256,153,409,0
1958,\n,FMM:p206:2,FMM:p207:0,153,21,174,0
1959,\n,FMM:p207:0,FMM:p207:1,21,252,274,1
1960,\n,FMM:p207:1,FMM:p207:2,252,62,314,0
1961,\n,FMM:p207:2,FMM:p207:3,62,78,140,0
1962,\n,FMM:p207:3,FMM:p207:4,78,320,398,0
1963,\n,FMM:p207:4,FMM:p207:5,320,142,462,0
1964,\n,FMM:p207:5,FMM:p208:0,142,203,345,0
1965,\n,FMM:p208:0,FMM:p208:1,203,298,502,1
1966,\n,FMM:p208:1,FMM:p208:2,298,143,441,0
1967,\n,FMM:p208:2,FMM:p209:0,143,225,368,0
1968,\n,FMM:p209:0,FMM:p209:1,225,186,412,1
1969,\n,FMM:p209:1,FMM:p209:2,186,249,435,0
1970,\n,FMM:p209:2,FMM:p209:3,249,43,292,0
1971,\n,FMM:p209:3,FMM:p210:0,43,233,276,0
1972,\n,FMM:p210:0,FMM:p210:1,233,133,367,1
1973,\n,FMM:p210:1,FMM:p211:0,133,207,340,0
1974,\n,FMM:p211:0,FMM:p211:1,207,208,416,1
1975,\n,FMM:p211:1,FMM:p211:2,208,109,318,1
1976,\n,FMM:p211:2,FMM:p212:0,109,207,316,0
1977,\n,FMM:p212:0,FMM:p212:1,207,230,438,1
1978,\n,FMM:p212:1,FMM:p212:2,230,284,514,0
1979,\n,FMM:p212:2,FMM:p213:0,284,143,427,0
1980,\n,FMM:p213:0,FMM:p213:1,143,220,363,0
1981,\n,FMM:p213:1,FMM:p213:2,220,186,407,1
1982,\n,FMM:p213:2,FMM:p214:0,186,249,435,0
1983,\n,FMM:p214:0,FMM:p214:1,249,212,461,0
1984,\n,FMM:p214:1,FMM:p214:2,212,182,395,1
1985,\n,FMM:p214:2,FMM:p215:0,182,318,500,0
1986,\n,FMM:p215:0,FMM:p215:1,318,297,615,0
1987,\n,FMM:p215:1,FMM:p216:0,297,181,478,0
1988,\n,FMM:p216:0,FMM:p216:1,181,178,359,0
1989,\n,FMM:p216:1,FMM:p216:2,178,46,225,1
1990,\n,FMM:p216:2,FMM:p216:3,46,306,353,1
1991,\n,FMM:p216:3,FMM:p216:4,306,45,351,0
1992,\n,FMM:p216:4,FMM:p217:0,45,331,376,0
1993,\n,FMM:p217:0,FMM:p217:1,331,279,610,0
1994,\n,FMM:p217:1,FMM:p218:0,279,214,493,0
1995,\n,FMM:p218:0,FMM:p218:1,214,174,389,1
1996,\n,FMM:p218:1,FMM:p218:2,174,171,345,0
1997,\n,FMM:p218:2,FMM:p219:0,171,141,312,0
1998,\n,FMM:p219:0,FMM:p219:1,141,191,333,1
1999,\n,FMM:p219:1,FMM:p219:2,191,81,273,1
2000,\n,FMM:p219:2,FMM:p220:0,81,193,274,0
2001,\n,FMM:p220:0,FMM:p220:1,193,180,374,1
2002,\n,FMM:p220:1,FMM:p220:2,180,139,320,1
2003,\n,FMM:p220:2,FMM:p221:0,139,189,328,0
2004,\n,FMM:p221:0,FMM:p221:1,189,283,473,1
2005,\n,FMM:p221:1,FMM:p221:2,283,113,397,1
2006,\n,FMM:p221:2,FMM:p222:0,113,236,349,0
2007,\n,FMM:p222:0,FMM:p222:1,236,254,491,1
2008,\n,FMM:p222:1,FMM:p222:2,254,127,382,1
2009,\n,FMM:p222:2,FMM:p222:3,127,71,199,1
2010,\n,FMM:p222:3,FMM:p223:0,71,120,192,1
2011,\n,FMM:p223:0,FMM:p223:1,120,115,236,1
2012,\n,FMM:p223:1,FMM:p223:2,115,218,334,1
2013,\n,FMM:p223:2,FMM:p223:3,218,51,270,1
2014,\n,FMM:p223:3,FMM:p224:0,51,189,240,0
2015,\n,FMM:p224:0,FMM:p224:1,189,210,400,1
2016,\n,FMM:p224:1,FMM:p225:0,210,161,372,1
2017,\n,FMM:p225:0,FMM:p225:1,161,220,382,1
2018,\n,FMM:p225:1,FMM:p225:2,220,224,444,0
2019,\n,FMM:p225:2,FMM:p226:0,224,288,512,0
2020,\n,FMM:p226:0,FMM:p226:1,288,91,379,0
2021,\n,FMM:p226:1,FMM:p227:0,91,273,365,1
2022,\n,FMM:p227:0,FMM:p227:1,273,166,440,1
2023,\n,FMM:p227:1,FMM:p227:2,166,177,343,0
2024,\n,FMM:p227:2,FMM:p228:0,177,326,503,0
2025,\n,FMM:p228:0,FMM:p228:1,326,93,420,1
2026,\n,FMM:p228:1,FMM:p229:0,93,267,360,0
2027,\n,FMM:p229:0,FMM:p229:1,267,224,492,1
2028,\n,FMM:p229:1,FMM:p230:0,224,259,483,0
2029,\n,FMM:p230:0,FMM:p230:1,259,147,406,0
2030,\n,FMM:p230:1,FMM:p231:0,147,131,279,1
2031,\n,FMM:p231:0,FMM:p231:1,131,270,402,1
2032,\n,FMM:p231:1,FMM:p231:2,270,124,395,1
2033,\n,FMM:p231:2,FMM:p232:0,124,273,398,1
2034,\n,FMM:p232:0,FMM:p232:1,273,225,499,1
2035,\n,FMM:p232:1,FMM:p233:0,225,265,491,1
2036,\n,FMM:p233:0,FMM:p233:1,265,224,489,0
2037,\n,FMM:p233:1,FMM:p234:0,224,254,479,1
2038,\n,FMM:p234:0,FMM:p234:1,254,186,440,0
2039,\n,FMM:p234:1,FMM:p235:0,186,269,455,0
2040,\n,FMM:p235:0,FMM:p235:1,269,61,331,1
2041,\n,FMM:p235:1,FMM:p236:0,61,174,236,1
2042,\n,FMM:p236:0,FMM:p236:1,174,137,312,1
2043,\n,FMM:p236:1,FMM:p236:2,137,125,263,1
2044,\n,FMM:p236:2,FMM:p237:0,125,180,305,0
2045,\n,FMM:p237:0,FMM:p237:1,180,182,363,1
2046,\n,FMM:p237:1,FMM:p238:0,182,229,412,1
2047,\n,FMM:p238:0,FMM:p238:1,229,162,392,1
2048,\n,FMM:p238:1,FMM:p239:0,162,43,206,1
2049,\n,FMM:p239:0,FMM:p240:0,43,536,580,1
2050,\n,FMM:p240:0,FMM:p240:1,536,139,676,1
2051,\n,FMM:p240:1,FMM:p241:0,139,514,654,1
2052,\n,FMM:p241:0,FMM:p241:1,514,129,643,0
2053,\n,FMM:p241:1,FMM:p242:0,129,461,591,1
2054,\n,FMM:p242:0,FMM:p242:1,461,158,620,1
2055,\n,FMM:p242:1,FMM:p243:0,158,350,509,1
2056,\n,FMM:p243:0,FMM:p244:0,350,266,617,1
2057,\n,FMM:p244:0,FMM:p244:1,266,260,527,1
2058,\n,FMM:p244:1,FMM:p245:0,260,235,495,0
2059,\n,FMM:p245:0,FMM:p245:1,235,66,301,0
2060,\n,FMM:p245:1,FMM:p245:2,66,300,367,1
2061,\n,FMM:p245:2,FMM:p245:3,300,263,563,0
2062,\n,FMM:p245:3,FMM:p245:4,263,35,299,1
2063,\n,FMM:p245:4,FMM:p246:0,35,263,298,0
2064,\n,FMM:p246:0,FMM:p246:1,263,245,509,1
2065,\n,FMM:p246:1,FMM:p247:0,245,223,468,0
2066,\n,FMM:p247:0,FMM:p247:1,223,70,294,1
2067,\n,FMM:p247:1,FMM:p248:0,70,220,290,0
2068,\n,FMM:p248:0,FMM:p248:1,220,183,403,0
2069,\n,FMM:p248:1,FMM:p249:0,183,63,246,0
2070,\n,FMM:p249:0,FMM:p250:0,63,231,295,1
2071,\n,FMM:p250:0,FMM:p250:1,231,239,471,1
2072,\n,FMM:p250:1,FMM:p250:2,239,97,336,0
2073,\n,FMM:p250:2,FMM:p251:0,97,127,224,0
2074,\n,FMM:p251:0,FMM:p252:0,127,252,379,0
2075,\n,FMM:p252:0,FMM:p252:1,252,161,414,1
2076,\n,FMM:p252:1,FMM:p253:0,161,205,366,0
2077,\n,FMM:p253:0,FMM:p254:0,205,180,385,0
2078,\n,FMM:p254:0,FMM:p254:1,180,176,357,1
2079,\n,FMM:p254:1,FMM:p255:0,176,206,383,1
2080,\n,FMM:p255:0,FMM:p255:1,206,239,446,1
2081,\n,FMM:p255:1,FMM:p255:2,239,82,321,0
2082,\n,FMM:p255:2,FMM:p255:3,82,44,126,0
2083,\n,FMM:p255:3,FMM:p256:0,44,214,258,0
2084,\n,FMM:p256:0,FMM:p258:0,214,217,431,0
2085,\n,FMM:p258:0,FMM:p258:1,217,102,320,1
2086,\n,FMM:p258:1,FMM:p259:0,102,103,206,1
2087,\n,FMM:p259:0,FMM:p260:0,103,134,237,0
2088,\n,FMM:p260:0,FMM:p260:1,134,229,363,0
2089,\n,FMM:p260:1,FMM:p260:2,229,158,388,1
2090,\n,FMM:p260:2,FMM:p260:3,158,39,197,0
2091,\n,FMM:p260:3,FMM:p261:0,39,169,208,0
2092,\n,FMM:p261:0,FMM:p262:0,169,234,403,0
2093,\n,FMM:p262:0,FMM:p262:1,234,65,300,1
2094,\n,FMM:p262:1,FMM:p263:0,65,195,260,0
2095,\n,FMM:p263:0,FMM:p263:1,195,217,412,0
2096,\n,FMM:p263:1,FMM:p263:2,217,81,299,1
2097,\n,FMM:p263:2,FMM:p264:0,81,220,301,0
2098,\n,FMM:p264:0,FMM:p264:1,220,180,400,0
2099,\n,FMM:p264:1,FMM:p265:0,180,158,338,0
2100,\n,FMM:p265:0,FMM:p265:1,158,257,415,0
2101,\n,FMM:p265:1,FMM:p265:2,257,70,328,1
2102,\n,FMM:p265:2,FMM:p265:3,70,158,228,0
2103,\n,FMM:p265:3,FMM:p266:0,158,306,464,0
2104,\n,FMM:p266:0,FMM:p266:1,306,66,372,0
2105,\n,FMM:p266:1,FMM:p266:2,66,197,263,0
2106,\n,FMM:p266:2,FMM:p267:0,197,230,427,0
2107,\n,FMM:p267:0,FMM:p267:1,230,277,507,0
2108,\n,FMM:p267:1,FMM:p267:2,277,222,500,1
2109,\n,FMM:p267:2,FMM:p268:0,222,205,427,0
2110,\n,FMM:p268:0,FMM:p268:1,205,39,245,1
2111,\n,FMM:p268:1,FMM:p269:0,39,141,181,1
2112,\n,FMM:p269:0,FMM:p269:1,141,283,424,0
2113,\n,FMM:p269:1,FMM:p269:2,283,288,572,1
2114,\n,FMM:p269:2,FMM:p269:3,288,69,357,0
2115,\n,FMM:p269:3,FMM:p270:0,69,293,362,0
2116,\n,FMM:p270:0,FMM:p270:1,293,270,564,1
2117,\n,FMM:p270:1,FMM:p271:0,270,139,409,0
2118,\n,FMM:p271:0,FMM:p271:1,139,271,410,0
2119,\n,FMM:p271:1,FMM:p272:0,271,252,523,0
2120,\n,FMM:p272:0,FMM:p272:1,252,199,452,1
2121,\n,FMM:p272:1,FMM:p272:2,199,109,308,0
2122,\n,FMM:p272:2,FMM:p273:0,109,186,296,1
2123,\n,FMM:p273:0,FMM:p273:1,186,229,416,1
2124,\n,FMM:p273:1,FMM:p273:2,229,194,424,1
2125,\n,FMM:p273:2,FMM:p273:3,194,91,286,1
2126,\n,FMM:p273:3,FMM:p274:0,91,145,237,1
2127,\n,FMM:p274:0,FMM:p274:1,145,204,350,1
2128,\n,FMM:p274:1,FMM:p274:2,204,136,340,0
2129,\n,FMM:p274:2,FMM:p275:0,136,42,178,0
2130,\n,FMM:p275:0,FMM:p275:1,42,196,239,1
2131,\n,FMM:p275:1,FMM:p275:2,196,177,373,0
2132,\n,FMM:p275:2,FMM:p275:3,177,93,271,1
2133,\n,FMM:p275:3,FMM:p276:0,93,218,311,0
2134,\n,FMM:p276:0,FMM:p276:1,218,177,396,1
2135,\n,FMM:p276:1,FMM:p276:2,177,131,308,0
2136,\n,FMM:p276:2,FMM:p276:3,131,131,262,0
2137,\n,FMM:p276:3,FMM:p277:0,131,169,301,1
2138,\n,FMM:p277:0,FMM:p277:1,169,225,394,0
2139,\n,FMM:p277:1,FMM:p277:2,225,140,366,1
2140,\n,FMM:p277:2,FMM:p278:0,140,276,417,1
2141,\n,FMM:p278:0,FMM:p278:1,276,74,350,0
2142,\n,FMM:p278:1,FMM:p278:2,74,230,305,1
2143,\n,FMM:p278:2,FMM:p278:3,230,73,303,0
2144,\n,FMM:p278:3,FMM:p279:0,73,108,181,0
2145,\n,FMM:p279:0,FMM:p279:1,108,199,308,1
2146,\n,FMM:p279:1,FMM:p279:2,199,45,244,0
2147,\n,FMM:p279:2,FMM:p279:3,45,259,305,1
2148,\n,FMM:p279:3,FMM:p280:0,259,239,499,1
2149,\n,FMM:p280:0,FMM:p280:1,239,30,270,1
2150,\n,FMM:p280:1,FMM:p280:2,30,50,80,0
2151,\n,FMM:p280:2,FMM:p280:3,50,220,271,1
2152,\n,FMM:p280:3,FMM:p280:4,220,149,370,1
2153,\n,FMM:p280:4,FMM:p281:0,149,112,261,0
2154,\n,FMM:p281:0,FMM:p281:1,112,267,379,0
2155,\n,FMM:p281:1,FMM:p281:2,267,171,438,0
2156,\n,FMM:p281:2,FMM:p282:0,171,298,469,0
2157,\n,FMM:p282:0,FMM:p282:1,298,300,599,1
2158,\n,FMM:p282:1,FMM:p283:0,300,273,574,1
2159,\n,FMM:p283:0,FMM:p283:1,273,230,504,1
2160,\n,FMM:p283:1,FMM:p283:2,230,157,388,1
2161,\n,FMM:p283:2,FMM:p284:0,157,247,404,0
2162,\n,FMM:p284:0,FMM:p284:1,247,217,465,1
2163,\n,FMM:p284:1,FMM:p284:2,217,215,432,0
2164,\n,FMM:p284:2,FMM:p284:3,215,265,481,1
2165,\n,FMM:p284:3,FMM:p284:4,265,116,382,1
2166,\n,FMM:p284:4,FMM:p285:0,116,211,328,1
2167,\n,FMM:p285:0,FMM:p285:1,211,254,466,1
2168,\n,FMM:p285:1,FMM:p285:2,254,99,353,0
2169,\n,FMM:p285:2,FMM:p286:0,99,249,348,0
2170,\n,FMM:p286:0,FMM:p286:1,249,340,590,1
2171,\n,FMM:p286:1,FMM:p286:2,340,92,433,1
2172,\n,FMM:p286:2,FMM:p286:3,92,198,291,1
2173,\n,FMM:p286:3,FMM:p287:0,198,74,273,1
2174,\n,FMM:p287:0,FMM:p287:1,74,301,376,1
2175,\n,FMM:p287:1,FMM:p287:2,301,300,602,1
2176,\n,FMM:p287:2,FMM:p287:3,300,271,572,1
2177,\n,FMM:p287:3,FMM:p287:4,271,86,358,1
2178,\n,FMM:p287:4,FMM:p288:0,86,343,429,0
2179,\n,FMM:p288:0,FMM:p288:1,343,310,653,0
2180,\n,FMM:p288:1,FMM:p288:2,310,107,417,0
2181,\n,FMM:p288:2,FMM:p288:3,107,231,338,0
2182,\n,FMM:p288:3,FMM:p288:4,231,138,370,1
2183,\n,FMM:p288:4,FMM:p289:0,138,304,443,1
2184,\n,FMM:p289:0,FMM:p289:1,304,212,516,0
2185,\n,FMM:p289:1,FMM:p289:2,212,330,543,1
2186,\n,FMM:p289:2,FMM:p289:3,330,280,611,1
2187,\n,FMM:p289:3,FMM:p290:0,280,232,513,1
2188,\n,FMM:p290:0,FMM:p290:1,232,256,489,1
2189,\n,FMM:p290:1,FMM:p290:2,256,288,545,1
2190,\n,FMM:p290:2,FMM:p290:3,288,153,442,1
2191,\n,FMM:p290:3,FMM:p291:0,153,361,514,0
2192,\n,FMM:p291:0,FMM:p291:1,361,272,634,1
2193,\n,FMM:p291:1,FMM:p291:2,272,341,613,0
2194,\n,FMM:p291:2,FMM:p291:3,341,53,394,0
2195,\n,FMM:p291:3,FMM:p291:4,53,198,251,0
2196,\n,FMM:p291:4,FMM:p292:0,198,136,335,1
2197,\n,FMM:p292:0,FMM:p292:1,136,208,345,1
2198,\n,FMM:p292:1,FMM:p292:2,208,271,480,1
2199,\n,FMM:p292:2,FMM:p292:3,271,184,456,1
2200,\n,FMM:p292:3,FMM:p293:0,184,253,438,1
2201,\n,FMM:p293:0,FMM:p293:1,253,155,408,0
2202,\n,FMM:p293:1,FMM:p293:2,155,133,288,0
2203,\n,FMM:p293:2,FMM:p293:3,133,199,332,0
2204,\n,FMM:p293:3,FMM:p294:0,199,252,452,1
2205,\n,FMM:p294:0,FMM:p294:1,252,139,392,1
2206,\n,FMM:p294:1,FMM:p294:2,139,260,400,1
2207,\n,FMM:p294:2,FMM:p294:3,260,68,329,1
2208,\n,FMM:p294:3,FMM:p295:0,68,237,306,1
2209,\n,FMM:p295:0,FMM:p295:1,237,42,280,1
2210,\n,FMM:p295:1,FMM:p295:2,42,227,269,0
2211,\n,FMM:p295:2,FMM:p295:3,227,174,401,0
2212,\n,FMM:p295:3,FMM:p296:0,174,192,367,1
2213,\n,FMM:p296:0,FMM:p296:1,192,250,443,1
2214,\n,FMM:p296:1,FMM:p296:2,250,195,445,0
2215,\n,FMM:p296:2,FMM:p297:0,195,142,337,0
2216,\n,FMM:p297:0,FMM:p297:1,142,249,392,1
2217,\n,FMM:p297:1,FMM:p297:2,249,195,444,0
2218,\n,FMM:p297:2,FMM:p298:0,195,136,331,0
2219,\n,FMM:p298:0,FMM:p298:1,136,245,382,1
2220,\n,FMM:p298:1,FMM:p298:2,245,225,470,0
2221,\n,FMM:p298:2,FMM:p298:3,225,69,294,0
2222,\n,FMM:p298:3,FMM:p299:0,69,209,279,1
2223,\n,FMM:p299:0,FMM:p299:1,209,184,393,0
2224,\n,FMM:p299:1,FMM:p299:2,184,202,386,0
2225,\n,FMM:p299:2,FMM:p300:0,202,195,397,0
2226,\n,FMM:p300:0,FMM:p300:1,195,189,384,0
2227,\n,FMM:p300:1,FMM:p301:0,189,98,288,1
2228,\n,FMM:p301:0,FMM:p301:1,98,241,339,0
2229,\n,FMM:p301:1,FMM:p301:2,241,178,420,1
2230,\n,FMM:p301:2,FMM:p302:0,178,219,398,1
2231,\n,FMM:p302:0,FMM:p302:1,219,211,431,1
2232,\n,FMM:p302:1,FMM:p303:0,211,205,417,1
2233,\n,FMM:p303:0,FMM:p303:1,205,192,398,1
2234,\n,FMM:p303:1,FMM:p304:0,192,289,482,1
2235,\n,FMM:p304:0,FMM:p304:1,289,282,571,0
2236,\n,FMM:p304:1,FMM:p304:2,282,94,376,0
2237,\n,FMM:p304:2,FMM:p305:0,94,177,271,0
2238,\n,FMM:p305:0,FMM:p305:1,177,217,394,0
2239,\n,FMM:p305:1,FMM:p305:2,217,131,349,1
2240,\n,FMM:p305:2,FMM:p306:0,131,24,155,0
2241,\n,FMM:p306:0,FMM:p306:1,24,252,277,1
2242,\n,FMM:p306:1,FMM:p306:2,252,265,518,1
2243,\n,FMM:p306:2,FMM:p306:3,265,123,389,1
2244,\n,FMM:p306:3,FMM:p306:4,123,71,194,0
2245,\n,FMM:p306:4,FMM:p307:0,71,216,288,1
2246,\n,FMM:p307:0,FMM:p307:1,216,54,270,0
2247,\n,FMM:p307:1,FMM:p307:2,54,218,273,1
2248,\n,FMM:p307:2,FMM:p307:3,218,214,433,1
2249,\n,FMM:p307:3,FMM:p308:0,214,172,387,1
2250,\n,FMM:p308:0,NPM:p1:0,172,364,536,0
2251,\n,NPM:p1:0,NPM:p1:1,364,86,451,1
2252,\n,NPM:p1:1,NPM:p2:0,86,378,465,1
2253,\n,NPM:p2:0,NPM:p2:1,378,115,493,0
2254,\n,NPM:p2:1,NPM:p3:0,115,368,484,1
2255,\n,NPM:p3:0,NPM:p3:1,368,126,495,1
2256,\n,NPM:p3:1,NPM:p4:0,126,247,374,1
2257,\n,NPM:p4:0,NPM:p5:0,247,270,518,1
2258,\n,NPM:p5:0,NPM:p5:1,270,258,529,1
2259,\n,NPM:p5:1,NPM:p5:2,258,343,602,1
2260,\n,NPM:p5:2,NPM:p5:3,343,307,651,1
2261,\n,NPM:p5:3,NPM:p5:4,307,75,383,1
2262,\n,NPM:p5:4,NPM:p6:0,75,344,420,1
2263,\n,NPM:p6:0,NPM:p6:1,344,309,654,1
2264,\n,NPM:p6:1,NPM:p6:2,309,349,659,1
2265,\n,NPM:p6:2,NPM:p6:3,349,89,439,1
2266,\n,NPM:p6:3,NPM:p7:0,89,238,328,1
2267,\n,NPM:p7:0,NPM:p8:0,238,218,456,0
2268,\n,NPM:p8:0,NPM:p8:1,218,232,450,0
2269,\n,NPM:p8:1,NPM:p8:2,232,105,337,0
2270,\n,NPM:p8:2,NPM:p9:0,105,262,367,0
2271,\n,NPM:p9:0,NPM:p9:1,262,245,507,0
2272,\n,NPM:p9:1,NPM:p9:2,245,111,356,0
2273,\n,NPM:p9:2,NPM:p10:0,111,305,416,0
2274,\n,NPM:p10:0,NPM:p10:1,305,209,514,0
2275,\n,NPM:p10:1,NPM:p10:2,209,287,496,0
2276,\n,NPM:p10:2,NPM:p10:3,287,60,347,0
2277,\n,NPM:p10:3,NPM:p11:0,60,280,340,0
2278,\n,NPM:p11:0,NPM:p11:1,280,313,593,0
2279,\n,NPM:p11:1,NPM:p12:0,313,292,605,0
2280,\n,NPM:p12:0,NPM:p12:1,292,222,514,0
2281,\n,NPM:p12:1,NPM:p12:2,222,213,435,0
2282,\n,NPM:p12:2,NPM:p13:0,213,46,260,1
2283,\n,NPM:p13:0,NPM:p14:0,46,98,144,0
2284,\n,NPM:p14:0,NPM:p14:1,98,222,321,1
2285,\n,NPM:p14:1,NPM:p14:2,222,179,402,1
2286,\n,NPM:p14:2,NPM:p14:3,179,191,370,0
2287,\n,NPM:p14:3,NPM:p14:4,191,176,367,0
2288,\n,NPM:p14:4,NPM:p14:5,176,176,353,1
2289,\n,NPM:p14:5,NPM:p14:6,176,159,336,1
2290,\n,NPM:p14:6,NPM:p14:7,159,173,332,0
2291,\n,NPM:p14:7,NPM:p14:8,173,88,261,0
2292,\n,NPM:p14:8,NPM:p14:9,88,35,123,0
2293,\n,NPM:p14:9,NPM:p15:0,35,197,232,0
2294,\n,NPM:p15:0,NPM:p16:0,197,250,447,0
2295,\n,NPM:p16:0,NPM:p16:1,250,262,512,0
2296,\n,NPM:p16:1,NPM:p16:2,262,159,421,0
2297,\n,NPM:p16:2,NPM:p16:3,159,236,395,0
2298,\n,NPM:p16:3,NPM:p17:0,236,287,523,0
2299,\n,NPM:p17:0,NPM:p17:1,287,302,589,0
2300,\n,NPM:p17:1,NPM:p17:2,302,104,406,0
2301,\n,NPM:p17:2,NPM:p18:0,104,110,214,0
2302,\n,NPM:p18:0,NPM:p18:1,110,284,394,0
2303,\n,NPM:p18:1,NPM:p18:2,284,286,570,0
2304,\n,NPM:p18:2,NPM:p18:3,286,91,377,0
2305,\n,NPM:p18:3,NPM:p18:4,91,50,141,0
2306,\n,NPM:p18:4,NPM:p19:0,50,240,290,0
2307,\n,NPM:p19:0,NPM:p19:1,240,164,404,0
2308,\n,NPM:p19:1,NPM:p19:2,164,250,415,1
2309,\n,NPM:p19:2,NPM:p19:3,250,158,408,0
2310,\n,NPM:p19:3,NPM:p20:0,158,280,438,0
2311,\n,NPM:p20:0,NPM:p20:1,280,245,525,0
2312,\n,NPM:p20:1,NPM:p21:0,245,317,562,0
2313,\n,NPM:p21:0,NPM:p21:1,317,161,479,1
2314,\n,NPM:p21:1,NPM:p22:0,161,139,300,0
2315,\n,NPM:p22:0,NPM:p23:0,139,251,390,0
2316,\n,NPM:p23:0,NPM:p23:1,251,243,494,0
2317,\n,NPM:p23:1,NPM:p23:2,243,149,393,1
2318,\n,NPM:p23:2,NPM:p24:0,149,294,443,0
2319,\n,NPM:p24:0,NPM:p24:1,294,231,525,0
2320,\n,NPM:p24:1,NPM:p24:2,231,284,515,0
2321,\n,NPM:p24:2,NPM:p25:0,284,244,528,0
2322,\n,NPM:p25:0,NPM:p25:1,244,229,474,1
2323,\n,NPM:p25:1,NPM:p25:2,229,208,437,0
2324,\n,NPM:p25:2,NPM:p26:0,208,300,508,0
2325,\n,NPM:p26:0,NPM:p26:1,300,145,446,1
2326,\n,NPM:p26:1,NPM:p26:2,145,301,446,0
2327,\n,NPM:p26:2,NPM:p26:3,301,132,433,0
2328,\n,NPM:p26:3,NPM:p27:0,132,293,425,0
2329,\n,NPM:p27:0,NPM:p27:1,293,130,424,1
2330,\n,NPM:p27:1,NPM:p27:2,130,261,392,1
2331,\n,NPM:p27:2,NPM:p27:3,261,152,414,1
2332,\n,NPM:p27:3,NPM:p28:0,152,266,418,0
2333,\n,NPM:p28:0,NPM:p28:1,266,258,525,1
2334,\n,NPM:p28:1,NPM:p28:2,258,209,467,0
2335,\n,NPM:p28:2,NPM:p29:0,209,214,423,0
2336,\n,NPM:p29:0,NPM:p29:1,214,316,530,0
2337,\n,NPM:p29:1,NPM:p29:2,316,267,583,0
2338,\n,NPM:p29:2,NPM:p29:3,267,52,319,0
2339,\n,NPM:p29:3,NPM:p30:0,52,192,244,0
2340,\n,NPM:p30:0,NPM:p30:1,192,249,441,0
2341,\n,NPM:p30:1,NPM:p31:0,249,306,555,0
2342,\n,NPM:p31:0,NPM:p31:1,306,211,518,1
2343,\n,NPM:p31:1,NPM:p31:2,211,116,327,0
2344,\n,NPM:p31:2,NPM:p32:0,116,287,403,0
2345,\n,NPM:p32:0,NPM:p32:1,287,168,455,0
2346,\n,NPM:p32:1,NPM:p32:2,168,310,478,0
2347,\n,NPM:p32:2,NPM:p32:3,310,53,363,0
2348,\n,NPM:p32:3,NPM:p33:0,53,291,344,0
2349,\n,NPM:p33:0,NPM:p33:1,291,219,510,0
2350,\n,NPM:p33:1,NPM:p33:2,219,305,524,0
2351,\n,NPM:p33:2,NPM:p34:0,305,281,586,0
2352,\n,NPM:p34:0,NPM:p34:1,281,190,471,0
2353,\n,NPM:p34:1,NPM:p35:0,190,198,388,0
2354,\n,NPM:p35:0,NPM:p35:1,198,159,357,0
2355,\n,NPM:p35:1,NPM:p35:2,159,129,289,1
2356,\n,NPM:p35:2,NPM:p35:3,129,249,378,0
2357,\n,NPM:p35:3,NPM:p36:0,249,183,432,0
2358,\n,NPM:p36:0,NPM:p37:0,183,219,402,0
2359,\n,NPM:p37:0,NPM:p37:1,219,179,398,0
2360,\n,NPM:p37:1,NPM:p38:0,179,270,449,0
2361,\n,NPM:p38:0,NPM:p38:1,270,68,338,0
2362,\n,NPM:p38:1,NPM:p39:0,68,138,206,0
2363,\n,NPM:p39:0,NPM:p39:1,138,210,349,1
2364,\n,NPM:p39:1,NPM:p39:2,210,290,501,1
2365,\n,NPM:p39:2,NPM:p39:3,290,176,466,0
2366,\n,NPM:p39:3,NPM:p40:0,176,289,465,0
2367,\n,NPM:p40:0,NPM:p40:1,289,242,531,0
2368,\n,NPM:p40:1,NPM:p40:2,242,90,332,0
2369,\n,NPM:p40:2,NPM:p41:0,90,242,332,0
2370,\n,NPM:p41:0,NPM:p41:1,242,283,525,0
2371,\n,NPM:p41:1,NPM:p42:0,283,243,526,0
2372,\n,NPM:p42:0,NPM:p42:1,243,263,506,0
2373,\n,NPM:p42:1,NPM:p42:2,263,223,486,0
2374,\n,NPM:p42:2,NPM:p43:0,223,298,521,0
2375,\n,NPM:p43:0,NPM:p43:1,298,123,421,0
2376,\n,NPM:p43:1,NPM:p43:2,123,312,435,0
2377,\n,NPM:p43:2,NPM:p44:0,312,230,542,0
2378,\n,NPM:p44:0,NPM:p44:1,230,291,522,1
2379,\n,NPM:p44:1,NPM:p44:2,291,266,558,1
2380,\n,NPM:p44:2,NPM:p44:3,266,38,304,0
2381,\n,NPM:p44:3,NPM:p45:0,38,315,353,0
2382,\n,NPM:p45:0,NPM:p46:0,315,167,482,0
2383,\n,NPM:p46:0,NPM:p46:1,167,294,461,0
2384,\n,NPM:p46:1,NPM:p47:0,294,416,710,0
2385,\n,NPM:p47:0,NPM:p47:1,416,339,755,0
2386,\n,NPM:p47:1,NPM:p48:0,339,327,666,0
2387,\n,NPM:p48:0,NPM:p48:1,327,272,599,0
2388,\n,NPM:p48:1,NPM:p48:2,272,158,430,0
2389,\n,NPM:p48:2,NPM:p49:0,158,267,425,0
2390,\n,NPM:p49:0,NPM:p49:1,267,266,533,0
2391,\n,NPM:p49:1,NPM:p49:2,266,180,446,0
2392,\n,NPM:p49:2,NPM:p50:0,180,259,439,0
2393,\n,NPM:p50:0,NPM:p50:1,259,154,414,1
2394,\n,NPM:p50:1,NPM:p50:2,154,267,421,0
2395,\n,NPM:p50:2,NPM:p50:3,267,70,338,1
2396,\n,NPM:p50:3,NPM:p51:0,70,184,254,0
2397,\n,NPM:p51:0,NPM:p51:1,184,296,480,0
2398,\n,NPM:p51:1,NPM:p51:2,296,76,372,0
2399,\n,NPM:p51:2,NPM:p51:3,76,281,357,0
2400,\n,NPM:p51:3,NPM:p52:0,281,255,536,0
2401,\n,NPM:p52:0,NPM:p52:1,255,266,521,0
2402,\n,NPM:p52:1,NPM:p52:2,266,71,337,0
2403,\n,NPM:p52:2,NPM:p52:3,71,286,358,1
2404,\n,NPM:p52:3,NPM:p52:4,286,106,392,0
2405,\n,NPM:p52:4,NPM:p52:5,106,38,144,0
2406,\n,NPM:p52:5,NPM:p53:0,38,227,265,0
2407,\n,NPM:p53:0,NPM:p53:1,227,308,536,1
2408,\n,NPM:p53:1,NPM:p53:2,308,214,522,0
2409,\n,NPM:p53:2,NPM:p53:3,214,99,314,1
2410,\n,NPM:p53:3,NPM:p54:0,99,190,289,0
2411,\n,NPM:p54:0,NPM:p54:1,190,266,457,1
2412,\n,NPM:p54:1,NPM:p54:2,266,268,535,1
2413,\n,NPM:p54:2,NPM:p54:3,268,125,394,1
2414,\n,NPM:p54:3,NPM:p55:0,125,251,376,0
2415,\n,NPM:p55:0,NPM:p55:1,251,224,475,0
2416,\n,NPM:p55:1,NPM:p55:2,224,242,466,0
2417,\n,NPM:p55:2,NPM:p55:3,242,28,270,0
2418,\n,NPM:p55:3,NPM:p55:4,28,113,141,0
2419,\n,NPM:p55:4,NPM:p56:0,113,239,353,1
2420,\n,NPM:p56:0,NPM:p56:1,239,243,482,0
2421,\n,NPM:p56:1,NPM:p56:2,243,149,392,0
2422,\n,NPM:p56:2,NPM:p57:0,149,211,360,0
2423,\n,NPM:p57:0,NPM:p57:1,211,298,510,1
2424,\n,NPM:p57:1,NPM:p57:2,298,247,546,1
2425,\n,NPM:p57:2,NPM:p58:0,247,272,519,0
2426,\n,NPM:p58:0,NPM:p58:1,272,120,393,1
2427,\n,NPM:p58:1,NPM:p58:2,120,311,431,0
2428,\n,NPM:p58:2,NPM:p58:3,311,120,432,1
2429,\n,NPM:p58:3,NPM:p59:0,120,217,337,0
2430,\n,NPM:p59:0,NPM:p59:1,217,244,462,1
2431,\n,NPM:p59:1,NPM:p59:2,244,133,378,1
2432,\n,NPM:p59:2,NPM:p60:0,133,245,378,0
2433,\n,NPM:p60:0,NPM:p60:1,245,296,541,0
2434,\n,NPM:p60:1,NPM:p60:2,296,109,405,0
2435,\n,NPM:p60:2,NPM:p61:0,109,301,410,0
2436,\n,NPM:p61:0,NPM:p61:1,301,222,524,1
2437,\n,NPM:p61:1,NPM:p61:2,222,85,307,0
2438,\n,NPM:p61:2,NPM:p62:0,85,76,161,0
2439,\n,NPM:p62:0,NPM:p63:0,76,262,338,0
2440,\n,NPM:p63:0,NPM:p63:1,262,277,539,0
2441,\n,NPM:p63:1,NPM:p63:2,277,187,464,0
2442,\n,NPM:p63:2,NPM:p64:0,187,270,457,0
2443,\n,NPM:p64:0,NPM:p64:1,270,79,350,1
2444,\n,NPM:p64:1,NPM:p64:2,79,180,259,0
2445,\n,NPM:p64:2,NPM:p64:3,180,160,341,1
2446,\n,NPM:p64:3,NPM:p64:4,160,158,319,1
2447,\n,NPM:p64:4,NPM:p64:5,158,170,328,0
2448,\n,NPM:p64:5,NPM:p64:6,170,54,225,1
2449,\n,NPM:p64:6,NPM:p65:0,54,255,309,0
2450,\n,NPM:p65:0,NPM:p65:1,255,63,318,0
2451,\n,NPM:p65:1,NPM:p65:2,63,272,335,0
2452,\n,NPM:p65:2,NPM:p65:3,272,140,413,1
2453,\n,NPM:p65:3,NPM:p65:4,140,141,281,0
2454,\n,NPM:p65:4,NPM:p66:0,141,139,280,0
2455,\n,NPM:p66:0,NPM:p66:1,139,275,414,0
2456,\n,NPM:p66:1,NPM:p66:2,275,101,376,0
2457,\n,NPM:p66:2,NPM:p67:0,101,251,352,0
2458,\n,NPM:p67:0,NPM:p67:1,251,277,528,0
2459,\n,NPM:p67:1,NPM:p67:2,277,177,454,0
2460,\n,NPM:p67:2,NPM:p68:0,177,205,382,0
2461,\n,NPM:p68:0,NPM:p68:1,205,241,447,1
2462,\n,NPM:p68:1,NPM:p68:2,241,195,436,0
2463,\n,NPM:p68:2,NPM:p68:3,195,212,407,0
2464,\n,NPM:p68:3,NPM:p69:0,212,290,503,1
2465,\n,NPM:p69:0,NPM:p69:1,290,288,578,0
2466,\n,NPM:p69:1,NPM:p69:2,288,279,567,0
2467,\n,NPM:p69:2,NPM:p69:3,279,272,551,0
2468,\n,NPM:p69:3,NPM:p69:4,272,55,327,0
2469,\n,NPM:p69:4,NPM:p70:0,55,103,158,0
2470,\n,NPM:p70:0,NPM:p70:1,103,286,389,0
2471,\n,NPM:p70:1,NPM:p70:2,286,269,556,1
2472,\n,NPM:p70:2,NPM:p70:3,269,237,506,0
2473,\n,NPM:p70:3,NPM:p70:4,237,279,516,0
2474,\n,NPM:p70:4,NPM:p71:0,279,318,597,0
2475,\n,NPM:p71:0,NPM:p72:0,318,122,440,0
2476,\n,NPM:p72:0,NPM:p72:1,122,133,255,0
2477,\n,NPM:p72:1,NPM:p72:2,133,47,181,1
2478,\n,NPM:p72:2,NPM:p72:3,47,268,316,1
2479,\n,NPM:p72:3,NPM:p72:4,268,127,395,0
2480,\n,NPM:p72:4,NPM:p73:0,127,272,399,0
2481,\n,NPM:p73:0,NPM:p73:1,272,266,538,0
2482,\n,NPM:p73:1,NPM:p73:2,266,89,356,1
2483,\n,NPM:p73:2,NPM:p74:0,89,136,225,0
2484,\n,NPM:p74:0,NPM:p74:1,136,285,421,0
2485,\n,NPM:p74:1,NPM:p74:2,285,208,493,0
2486,\n,NPM:p74:2,NPM:p74:3,208,309,517,0
2487,\n,NPM:p74:3,NPM:p74:4,309,101,411,1
2488,\n,NPM:p74:4,NPM:p75:0,101,50,151,0
2489,\n,NPM:p75:0,NPM:p75:1,50,288,338,0
2490,\n,NPM:p75:1,NPM:p75:2,288,97,385,0
2491,\n,NPM:p75:2,NPM:p75:3,97,98,195,0
2492,\n,NPM:p75:3,NPM:p75:4,98,279,377,0
2493,\n,NPM:p75:4,NPM:p75:5,279,304,583,0
2494,\n,NPM:p75:5,NPM:p76:0,304,252,556,0
2495,\n,NPM:p76:0,NPM:p76:1,252,191,443,0
2496,\n,NPM:p76:1,NPM:p76:2,191,290,481,0
2497,\n,NPM:p76:2,NPM:p76:3,290,194,485,1
2498,\n,NPM:p76:3,NPM:p76:4,194,102,296,0
2499,\n,NPM:p76:4,NPM:p77:0,102,116,218,0
2500,\n,NPM:p77:0,NPM:p78:0,116,267,383,0
2501,\n,NPM:p78:0,NPM:p78:1,267,201,469,1
2502,\n,NPM:p78:1,NPM:p78:2,201,227,428,0
2503,\n,NPM:p78:2,NPM:p78:3,227,151,378,0
2504,\n,NPM:p78:3,NPM:p79:0,151,344,495,0
2505,\n,NPM:p79:0,NPM:p79:1,344,38,382,0
2506,\n,NPM:p79:1,NPM:p80:0,38,166,204,0
2507,\n,NPM:p80:0,NPM:p80:1,166,218,384,0
2508,\n,NPM:p80:1,NPM:p80:2,218,281,499,0
2509,\n,NPM:p80:2,NPM:p80:3,281,153,434,0
2510,\n,NPM:p80:3,NPM:p81:0,153,298,451,0
2511,\n,NPM:p81:0,NPM:p81:1,298,142,440,0
2512,\n,NPM:p81:1,NPM:p81:2,142,305,447,0
2513,\n,NPM:p81:2,NPM:p81:3,305,165,470,0
2514,\n,NPM:p81:3,NPM:p81:4,165,70,235,0
2515,\n,NPM:p81:4,NPM:p82:0,70,219,289,0
2516,\n,NPM:p82:0,NPM:p82:1,219,234,453,0
2517,\n,NPM:p82:1,NPM:p83:0,234,248,482,0
2518,\n,NPM:p83:0,NPM:p83:1,248,215,463,0
2519,\n,NPM:p83:1,NPM:p83:2,215,281,496,0
2520,\n,NPM:p83:2,NPM:p83:3,281,152,433,0
2521,\n,NPM:p83:3,NPM:p84:0,152,222,374,0
2522,\n,NPM:p84:0,NPM:p84:1,222,154,376,0
2523,\n,NPM:p84:1,NPM:p84:2,154,39,194,1
2524,\n,NPM:p84:2,NPM:p85:0,39,118,157,0
2525,\n,NPM:p85:0,NPM:p85:1,118,311,429,0
2526,\n,NPM:p85:1,NPM:p85:2,311,214,525,0
2527,\n,NPM:p85:2,NPM:p85:3,214,273,487,0
2528,\n,NPM:p85:3,NPM:p85:4,273,41,314,0
2529,\n,NPM:p85:4,NPM:p86:0,41,314,355,0
2530,\n,NPM:p86:0,NPM:p86:1,314,44,358,0
2531,\n,NPM:p86:1,NPM:p87:0,44,312,356,0
2532,\n,NPM:p87:0,NPM:p87:1,312,260,572,0
2533,\n,NPM:p87:1,NPM:p87:2,260,75,335,0
2534,\n,NPM:p87:2,NPM:p88:0,75,322,397,0
2535,\n,NPM:p88:0,NPM:p88:1,322,63,385,0
2536,\n,NPM:p88:1,QMM:p1:0,63,343,406,0
2537,\n,QMM:p1:0,QMM:p1:1,343,150,494,1
2538,\n,QMM:p1:1,QMM:p2:0,150,354,505,1
2539,\n,QMM:p2:0,QMM:p2:1,354,150,505,1
2540,\n,QMM:p2:1,QMM:p3:0,150,337,488,1
2541,\n,QMM:p3:0,QMM:p3:1,337,135,473,1
2542,\n,QMM:p3:1,QMM:p4:0,135,387,523,1
2543,\n,QMM:p4:0,QMM:p4:1,387,70,458,1
2544,\n,QMM:p4:1,QMM:p5:0,70,359,429,0
2545,\n,QMM:p5:0,QMM:p5:1,359,74,434,1
2546,\n,QMM:p5:1,QMM:p6:0,74,352,426,0
2547,\n,QMM:p6:0,QMM:p6:1,352,94,447,1
2548,\n,QMM:p6:1,QMM:p7:0,94,104,199,1
2549,\n,QMM:p7:0,QMM:p8:0,104,264,369,1
2550,\n,QMM:p8:0,QMM:p8:1,264,285,550,1
2551,\n,QMM:p8:1,QMM:p8:2,285,375,661,1
2552,\n,QMM:p8:2,QMM:p8:3,375,310,686,1
2553,\n,QMM:p8:3,QMM:p9:0,310,301,612,1
2554,\n,QMM:p9:0,QMM:p9:1,301,179,481,1
2555,\n,QMM:p9:1,QMM:p10:0,179,283,463,1
2556,\n,QMM:p10:0,QMM:p10:1,283,228,511,0
2557,\n,QMM:p10:1,QMM:p11:0,228,215,444,1
2558,\n,QMM:p11:0,QMM:p11:1,215,246,461,0
2559,\n,QMM:p11:1,QMM:p11:2,246,80,326,0
2560,\n,QMM:p11:2,QMM:p12:0,80,250,330,0
2561,\n,QMM:p12:0,QMM:p12:1,250,334,585,1
2562,\n,QMM:p12:1,QMM:p12:2,334,278,613,1
2563,\n,QMM:p12:2,QMM:p12:3,278,88,367,1
2564,\n,QMM:p12:3,QMM:p12:4,88,142,231,1
2565,\n,QMM:p12:4,QMM:p13:0,142,272,415,1
2566,\n,QMM:p13:0,QMM:p13:1,272,240,513,1
2567,\n,QMM:p13:1,QMM:p13:2,240,216,457,1
2568,\n,QMM:p13:2,QMM:p13:3,216,340,557,1
2569,\n,QMM:p13:3,QMM:p14:0,340,250,591,1
2570,\n,QMM:p14:0,QMM:p15:0,250,73,323,0
2571,\n,QMM:p15:0,QMM:p15:1,73,116,190,1
2572,\n,QMM:p15:1,QMM:p15:2,116,118,235,1
2573,\n,QMM:p15:2,QMM:p15:3,118,64,182,0
2574,\n,QMM:p15:3,QMM:p15:4,64,75,140,1
2575,\n,QMM:p15:4,QMM:p16:0,75,62,137,0
2576,\n,QMM:p16:0,QMM:p16:1,62,147,209,0
2577,\n,QMM:p16:1,QMM:p16:2,147,164,312,1
2578,\n,QMM:p16:2,QMM:p17:0,164,67,231,0
2579,\n,QMM:p17:0,QMM:p17:1,67,157,225,1
2580,\n,QMM:p17:1,QMM:p17:2,157,138,295,0
2581,\n,QMM:p17:2,QMM:p17:3,138,85,223,0
2582,\n,QMM:p17:3,QMM:p17:4,85,100,185,0
2583,\n,QMM:p17:4,QMM:p17:5,100,30,130,0
2584,\n,QMM:p17:5,QMM:p18:0,30,131,161,0
2585,\n,QMM:p18:0,QMM:p18:1,131,99,230,0
2586,\n,QMM:p18:1,QMM:p18:2,99,96,196,1
2587,\n,QMM:p18:2,QMM:p18:3,96,105,202,1
2588,\n,QMM:p18:3,QMM:p18:4,105,75,181,1
2589,\n,QMM:p18:4,QMM:p19:0,75,72,147,0
2590,\n,QMM:p19:0,QMM:p20:0,72,259,332,1
2591,\n,QMM:p20:0,QMM:p20:1,259,73,332,0
2592,\n,QMM:p20:1,QMM:p20:2,73,162,235,0
2593,\n,QMM:p20:2,QMM:p21:0,162,35,198,1
2594,\n,QMM:p21:0,QMM:p21:1,35,267,302,0
2595,\n,QMM:p21:1,QMM:p21:2,267,103,370,0
2596,\n,QMM:p21:2,QMM:p21:3,103,263,366,0
2597,\n,QMM:p21:3,QMM:p21:4,263,36,299,0
2598,\n,QMM:p21:4,QMM:p22:0,36,47,83,0
2599,\n,QMM:p22:0,QMM:p22:1,47,222,269,0
2600,\n,QMM:p22:1,QMM:p22:2,222,86,308,0
2601,\n,QMM:p22:2,QMM:p22:3,86,146,233,1
2602,\n,QMM:p22:3,QMM:p22:4,146,61,207,0
2603,\n,QMM:p22:4,QMM:p23:0,61,299,360,0
2604,\n,QMM:p23:0,QMM:p23:1,299,41,340,0
2605,\n,QMM:p23:1,QMM:p24:0,41,216,257,0
2606,\n,QMM:p24:0,QMM:p24:1,216,286,502,0
2607,\n,QMM:p24:1,QMM:p25:0,286,177,463,0
2608,\n,QMM:p25:0,QMM:p26:0,177,68,245,0
2609,\n,QMM:p26:0,QMM:p27:0,68,69,137,0
2610,\n,QMM:p27:0,QMM:p27:1,69,223,292,0
2611,\n,QMM:p27:1,QMM:p27:2,223,173,396,0
2612,\n,QMM:p27:2,QMM:p27:3,173,24,197,0
2613,\n,QMM:p27:3,QMM:p28:0,24,227,251,0
2614,\n,QMM:p28:0,QMM:p28:1,227,173,400,0
2615,\n,QMM:p28:1,QMM:p28:2,173,77,250,0
2616,\n,QMM:p28:2,QMM:p28:3,77,73,150,0
2617,\n,QMM:p28:3,QMM:p29:0,73,215,288,0
2618,\n,QMM:p29:0,QMM:p29:1,215,42,257,0
2619,\n,QMM:p29:1,QMM:p29:2,42,122,164,0
2620,\n,QMM:p29:2,QMM:p30:0,122,247,369,0
2621,\n,QMM:p30:0,QMM:p30:1,247,70,317,0
2622,\n,QMM:p30:1,QMM:p31:0,70,175,245,0
2623,\n,QMM:p31:0,QMM:p31:1,175,73,248,0
2624,\n,QMM:p31:1,QMM:p32:0,73,39,112,0
2625,\n,QMM:p32:0,QMM:p32:1,39,255,294,0
2626,\n,QMM:p32:1,QMM:p32:2,255,54,309,0
2627,\n,QMM:p32:2,QMM:p32:3,54,274,328,0
2628,\n,QMM:p32:3,QMM:p32:4,274,179,453,0
2629,\n,QMM:p32:4,QMM:p32:5,179,159,338,0
2630,\n,QMM:p32:5,QMM:p33:0,159,142,301,0
2631,\n,QMM:p33:0,QMM:p33:1,142,239,381,0
2632,\n,QMM:p33:1,QMM:p33:2,239,196,435,0
2633,\n,QMM:p33:2,QMM:p33:3,196,221,417,0
2634,\n,QMM:p33:3,QMM:p34:0,221,167,388,0
2635,\n,QMM:p34:0,QMM:p34:1,167,193,361,1
2636,\n,QMM:p34:1,QMM:p34:2,193,290,484,1
2637,\n,QMM:p34:2,QMM:p34:3,290,284,574,0
2638,\n,QMM:p34:3,QMM:p35:0,284,279,564,1
2639,\n,QMM:p35:0,QMM:p35:1,279,278,557,0
2640,\n,QMM:p35:1,QMM:p36:0,278,226,504,0
2641,\n,QMM:p36:0,QMM:p36:1,226,260,486,0
2642,\n,QMM:p36:1,QMM:p36:2,260,105,365,0
2643,\n,QMM:p36:2,QMM:p37:0,105,249,354,0
2644,\n,QMM:p37:0,QMM:p37:1,249,59,308,0
2645,\n,QMM:p37:1,QMM:p37:2,59,295,354,0
2646,\n,QMM:p37:2,QMM:p37:3,295,274,570,1
2647,\n,QMM:p37:3,QMM:p37:4,274,47,322,1
2648,\n,QMM:p37:4,QMM:p38:0,47,308,355,0
2649,\n,QMM:p38:0,QMM:p38:1,308,54,363,1
2650,\n,QMM:p38:1,QMM:p38:2,54,242,296,0
2651,\n,QMM:p38:2,QMM:p38:3,242,190,432,0
2652,\n,QMM:p38:3,QMM:p39:0,190,233,423,0
2653,\n,QMM:p39:0,QMM:p39:1,233,264,497,0
2654,\n,QMM:p39:1,QMM:p39:2,264,265,529,0
2655,\n,QMM:p39:2,QMM:p39:3,265,45,310,0
2656,\n,QMM:p39:3,QMM:p40:0,45,295,340,0
2657,\n,QMM:p40:0,QMM:p40:1,295,244,539,0
2658,\n,QMM:p40:1,QMM:p40:2,244,89,333,0
2659,\n,QMM:p40:2,QMM:p41:0,89,222,311,0
2660,\n,QMM:p41:0,QMM:p41:1,222,182,404,0
2661,\n,QMM:p41:1,QMM:p41:2,182,286,468,0
2662,\n,QMM:p41:2,QMM:p42:0,286,112,398,0
2663,\n,QMM:p42:0,QMM:p42:1,112,269,381,0
2664,\n,QMM:p42:1,QMM:p42:2,269,58,327,0
2665,\n,QMM:p42:2,QMM:p42:3,58,241,299,0
2666,\n,QMM:p42:3,QMM:p43:0,241,246,487,0
2667,\n,QMM:p43:0,QMM:p43:1,246,136,382,0
2668,\n,QMM:p43:1,QMM:p43:2,136,63,199,0
2669,\n,QMM:p43:2,QMM:p43:3,63,264,327,0
2670,\n,QMM:p43:3,QMM:p43:4,264,89,353,0
2671,\n,QMM:p43:4,QMM:p44:0,89,260,349,0
2672,\n,QMM:p44:0,QMM:p44:1,260,65,326,1
2673,\n,QMM:p44:1,QMM:p44:2,65,269,334,0
2674,\n,QMM:p44:2,QMM:p44:3,269,86,356,1
2675,\n,QMM:p44:3,QMM:p45:0,86,104,190,0
2676,\n,QMM:p45:0,QMM:p45:1,104,248,352,0
2677,\n,QMM:p45:1,QMM:p45:2,248,32,280,0
2678,\n,QMM:p45:2,QMM:p45:3,32,159,191,0
2679,\n,QMM:p45:3,QMM:p46:0,159,218,377,0
2680,\n,QMM:p46:0,QMM:p46:1,218,294,512,0
2681,\n,QMM:p46:1,QMM:p46:2,294,109,403,0
2682,\n,QMM:p46:2,QMM:p46:3,109,154,263,0
2683,\n,QMM:p46:3,QMM:p47:0,154,95,249,0
2684,\n,QMM:p47:0,QMM:p48:0,95,270,365,0
2685,\n,QMM:p48:0,QMM:p48:1,270,248,518,0
2686,\n,QMM:p48:1,QMM:p48:2,248,55,303,0
2687,\n,QMM:p48:2,QMM:p49:0,55,281,336,0
2688,\n,QMM:p49:0,QMM:p49:1,281,208,489,0
2689,\n,QMM:p49:1,QMM:p50:0,208,227,436,1
2690,\n,QMM:p50:0,QMM:p50:1,227,192,419,0
2691,\n,QMM:p50:1,QMM:p51:0,192,278,470,0
2692,\n,QMM:p51:0,QMM:p51:1,278,226,504,0
2693,\n,QMM:p51:1,QMM:p51:2,226,212,438,0
2694,\n,QMM:p51:2,QMM:p52:0,212,242,454,0
2695,\n,QMM:p52:0,QMM:p52:1,242,208,451,1
2696,\n,QMM:p52:1,QMM:p53:0,208,238,446,0
2697,\n,QMM:p53:0,QMM:p53:1,238,79,318,1
2698,\n,QMM:p53:1,QMM:p53:2,79,135,215,1
2699,\n,QMM:p53:2,QMM:p53:3,135,269,404,0
2700,\n,QMM:p53:3,QMM:p53:4,269,86,355,0
2701,\n,QMM:p53:4,QMM:p54:0,86,295,381,0
2702,\n,QMM:p54:0,QMM:p54:1,295,295,590,0
2703,\n,QMM:p54:1,QMM:p54:2,295,146,441,0
2704,\n,QMM:p54:2,QMM:p55:0,146,295,442,1
2705,\n,QMM:p55:0,QMM:p55:1,295,274,569,0
2706,\n,QMM:p55:1,QMM:p55:2,274,120,394,0
2707,\n,QMM:p55:2,QMM:p56:0,120,263,383,0
2708,\n,QMM:p56:0,QMM:p56:1,263,265,528,0
2709,\n,QMM:p56:1,QMM:p56:2,265,151,416,0
2710,\n,QMM:p56:2,QMM:p57:0,151,113,264,0
2711,\n,QMM:p57:0,QMM:p57:1,113,269,383,1
2712,\n,QMM:p57:1,QMM:p57:2,269,183,453,1
2713,\n,QMM:p57:2,QMM:p57:3,183,281,464,0
2714,\n,QMM:p57:3,QMM:p58:0,281,271,552,0
2715,\n,QMM:p58:0,QMM:p58:1,271,280,551,0
2716,\n,QMM:p58:1,QMM:p58:2,280,51,331,0
2717,\n,QMM:p58:2,QMM:p59:0,51,281,333,1
2718,\n,QMM:p59:0,QMM:p59:1,281,319,601,1
2719,\n,QMM:p59:1,QMM:p59:2,319,40,359,0
2720,\n,QMM:p59:2,QMM:p60:0,40,234,274,0
2721,\n,QMM:p60:0,QMM:p60:1,234,36,270,0
2722,\n,QMM:p60:1,QMM:p61:0,36,97,133,0
2723,\n,QMM:p61:0,QMM:p62:0,97,275,372,0
2724,\n,QMM:p62:0,QMM:p62:1,275,152,427,0
2725,\n,QMM:p62:1,QMM:p63:0,152,95,247,0
2726,\n,QMM:p63:0,QMM:p64:0,95,95,190,0
2727,\n,QMM:p64:0,QMM:p65:0,95,276,371,0
2728,\n,QMM:p65:0,QMM:p65:1,276,286,562,0
2729,\n,QMM:p65:1,QMM:p65:2,286,37,323,0
2730,\n,QMM:p65:2,QMM:p66:0,37,244,281,0
2731,\n,QMM:p66:0,QMM:p66:1,244,141,385,0
2732,\n,QMM:p66:1,QMM:p67:0,141,174,315,0
2733,\n,QMM:p67:0,QMM:p67:1,174,266,441,1
2734,\n,QMM:p67:1,QMM:p67:2,266,286,552,0
2735,\n,QMM:p67:2,QMM:p67:3,286,62,348,0
2736,\n,QMM:p67:3,QMM:p68:0,62,307,369,0
2737,\n,QMM:p68:0,QMM:p68:1,307,45,353,1
2738,\n,QMM:p68:1,QMM:p68:2,45,211,256,0
2739,\n,QMM:p68:2,QMM:p69:0,211,210,421,0
2740,\n,QMM:p69:0,QMM:p69:1,210,220,431,1
2741,\n,QMM:p69:1,QMM:p69:2,220,240,461,1
2742,\n,QMM:p69:2,QMM:p69:3,240,86,327,1
2743,\n,QMM:p69:3,QMM:p70:0,86,251,337,0
2744,\n,QMM:p70:0,QMM:p70:1,251,203,454,0
2745,\n,QMM:p70:1,QMM:p70:2,203,156,359,0
2746,\n,QMM:p70:2,QMM:p71:0,156,258,414,0
2747,\n,QMM:p71:0,QMM:p71:1,258,215,474,1
2748,\n,QMM:p71:1,QMM:p72:0,215,278,493,0
2749,\n,QMM:p72:0,QMM:p72:1,278,112,391,1
2750,\n,QMM:p72:1,QMM:p73:0,112,303,415,0
2751,\n,QMM:p73:0,QMM:p73:1,303,230,533,0
2752,\n,QMM:p73:1,QMM:p74:0,230,284,514,0
2753,\n,QMM:p74:0,QMM:p74:1,284,284,568,0
2754,\n,QMM:p74:1,QMM:p74:2,284,116,400,0
2755,\n,QMM:p74:2,QMM:p75:0,116,101,217,0
2756,\n,QMM:p75:0,QMM:p75:1,101,179,280,0
2757,\n,QMM:p75:1,QMM:p75:2,179,132,311,0
2758,\n,QMM:p75:2,QMM:p75:3,132,254,386,0
2759,\n,QMM:p75:3,QMM:p76:0,254,202,456,0
2760,\n,QMM:p76:0,QMM:p76:1,202,126,328,0
2761,\n,QMM:p76:1,QMM:p76:2,126,215,342,1
2762,\n,QMM:p76:2,QMM:p76:3,215,180,395,0
2763,\n,QMM:p76:3,QMM:p77:0,180,261,441,0
2764,\n,QMM:p77:0,QMM:p77:1,261,287,548,0
2765,\n,QMM:p77:1,QMM:p78:0,287,204,491,0
2766,\n,QMM:p78:0,QMM:p78:1,204,254,458,0
2767,\n,QMM:p78:1,QMM:p78:2,254,261,515,0
2768,\n,QMM:p78:2,QMM:p79:0,261,235,496,0
2769,\n,QMM:p79:0,QMM:p79:1,235,286,522,1
2770,\n,QMM:p79:1,QMM:p79:2,286,154,440,0
2771,\n,QMM:p79:2,QMM:p80:0,154,262,416,0
2772,\n,QMM:p80:0,QMM:p80:1,262,269,531,0
2773,\n,QMM:p80:1,QMM:p80:2,269,137,406,0
2774,\n,QMM:p80:2,QMM:p81:0,137,240,378,1
2775,\n,QMM:p81:0,QMM:p81:1,240,268,508,0
2776,\n,QMM:p81:1,QMM:p81:2,268,108,376,0
2777,\n,QMM:p81:2,QMM:p82:0,108,336,444,0
2778,\n,QMM:p82:0,QMM:p82:1,336,249,585,0
2779,\n,QMM:p82:1,QMM:p82:2,249,210,459,0
2780,\n,QMM:p82:2,QMM:p83:0,210,240,450,0
2781,\n,QMM:p83:0,QMM:p83:1,240,190,430,0
2782,\n,QMM:p83:1,QMM:p83:2,190,202,393,1
2783,\n,QMM:p83:2,QMM:p84:0,202,214,416,0
2784,\n,QMM:p84:0,QMM:p84:1,214,256,470,0
2785,\n,QMM:p84:1,QMM:p84:2,256,46,302,0
2786,\n,QMM:p84:2,QMM:p85:0,46,124,171,1
2787,\n,QMM:p85:0,QMM:p85:1,124,76,201,1
2788,\n,QMM:p85:1,QMM:p85:2,76,165,241,0
2789,\n,QMM:p85:2,QMM:p85:3,165,222,387,0
2790,\n,QMM:p85:3,QMM:p85:4,222,85,307,0
2791,\n,QMM:p85:4,QMM:p86:0,85,215,300,0
2792,\n,QMM:p86:0,QMM:p86:1,215,316,531,0
2793,\n,QMM:p86:1,QMM:p86:2,316,227,543,0
2794,\n,QMM:p86:2,QMM:p87:0,227,207,434,0
2795,\n,QMM:p87:0,QMM:p87:1,207,63,271,1
2796,\n,QMM:p87:1,QMM:p88:0,63,58,121,0
2797,\n,QMM:p88:0,QMM:p88:1,58,59,118,1
2798,\n,QMM:p88:1,QMM:p88:2,59,173,233,1
2799,\n,QMM:p88:2,QMM:p88:3,173,101,274,0
2800,\n,QMM:p88:3,QMM:p89:0,101,271,372,0
2801,\n,QMM:p89:0,QMM:p89:1,271,97,368,0
2802,\n,QMM:p89:1,QMM:p90:0,97,250,347,0
2803,\n,QMM:p90:0,QMM:p90:1,250,74,324,0
2804,\n,QMM:p90:1,QMM:p90:2,74,139,213,0
2805,\n,QMM:p90:2,QMM:p90:3,139,203,342,0
2806,\n,QMM:p90:3,QMM:p91:0,203,205,409,1
2807,\n,QMM:p91:0,QMM:p92:0,205,247,452,0
2808,\n,QMM:p92:0,QMM:p92:1,247,191,439,1
2809,\n,QMM:p92:1,QMM:p92:2,191,225,417,1
2810,\n,QMM:p92:2,QMM:p93:0,225,190,415,0
2811,\n,QMM:p93:0,QMM:p93:1,190,247,437,0
2812,\n,QMM:p93:1,QMM:p93:2,247,212,459,0
2813,\n,QMM:p93:2,QMM:p93:3,212,116,328,0
2814,\n,QMM:p93:3,QMM:p94:0,116,295,411,0
2815,\n,QMM:p94:0,QMM:p94:1,295,262,557,0
2816,\n,QMM:p94:1,QMM:p94:2,262,73,335,0
2817,\n,QMM:p94:2,QMM:p95:0,73,239,312,0
2818,\n,QMM:p95:0,QMM:p95:1,239,251,490,0
2819,\n,QMM:p95:1,QMM:p95:2,251,139,390,0
2820,\n,QMM:p95:2,QMM:p96:0,139,291,430,0
2821,\n,QMM:p96:0,QMM:p96:1,291,255,546,0
2822,\n,QMM:p96:1,QMM:p96:2,255,66,321,0
2823,\n,QMM:p96:2,QMM:p97:0,66,253,319,0
2824,\n,QMM:p97:0,QMM:p97:1,253,206,460,1
2825,\n,QMM:p97:1,QMM:p98:0,206,35,241,0
2826,\n,QMM:p98:0,QMM:p98:1,35,263,298,0
2827,\n,QMM:p98:1,QMM:p98:2,263,115,378,0
2828,\n,QMM:p98:2,QMM:p98:3,115,233,348,0
2829,\n,QMM:p98:3,QMM:p98:4,233,103,336,0
2830,\n,QMM:p98:4,QMM:p99:0,103,271,374,0
2831,\n,QMM:p99:0,QMM:p99:1,271,266,538,1
2832,\n,QMM:p99:1,QMM:p100:0,266,83,349,0
2833,\n,QMM:p100:0,QMM:p100:1,83,122,206,1
2834,\n,QMM:p100:1,QMM:p100:2,122,184,306,0
2835,\n,QMM:p100:2,QMM:p100:3,184,192,376,0
2836,\n,QMM:p100:3,QMM:p101:0,192,212,404,0
2837,\n,QMM:p101:0,QMM:p101:1,212,260,472,0
2838,\n,QMM:p101:1,QMM:p101:2,260,134,395,1
2839,\n,QMM:p101:2,QMM:p102:0,134,224,358,0
2840,\n,QMM:p102:0,QMM:p102:1,224,119,344,1
2841,\n,QMM:p102:1,QMM:p103:0,119,177,297,1
2842,\n,QMM:p103:0,QMM:p103:1,177,150,327,0
2843,\n,QMM:p103:1,QMM:p104:0,150,239,389,0
2844,\n,QMM:p104:0,QMM:p104:1,239,141,380,0
2845,\n,QMM:p104:1,QMM:p105:0,141,213,354,0
2846,\n,QMM:p105:0,QMM:p106:0,213,207,421,1
2847,\n,QMM:p106:0,QMM:p106:1,207,244,451,0
2848,\n,QMM:p106:1,QMM:p106:2,244,87,331,0
2849,\n,QMM:p106:2,QMM:p106:3,87,92,179,0
2850,\n,QMM:p106:3,QMM:p107:0,92,278,370,0
2851,\n,QMM:p107:0,QMM:p107:1,278,193,471,0
2852,\n,QMM:p107:1,QMM:p108:0,193,280,473,0
2853,\n,QMM:p108:0,QMM:p108:1,280,259,539,0
2854,\n,QMM:p108:1,QMM:p108:2,259,234,493,0
2855,\n,QMM:p108:2,QMM:p109:0,234,257,491,0
2856,\n,QMM:p109:0,QMM:p109:1,257,288,546,1
2857,\n,QMM:p109:1,QMM:p109:2,288,76,365,1
2858,\n,QMM:p109:2,QMM:p110:0,76,222,298,0
2859,\n,QMM:p110:0,QMM:p111:0,222,262,484,0
2860,\n,QMM:p111:0,QMM:p111:1,262,251,513,0
2861,\n,QMM:p111:1,QMM:p111:2,251,183,434,0
2862,\n,QMM:p111:2,QMM:p112:0,183,119,302,0
2863,\n,QMM:p112:0,QMM:p112:1,119,189,308,0
2864,\n,QMM:p112:1,QMM:p112:2,189,166,355,0
2865,\n,QMM:p112:2,QMM:p112:3,166,186,352,0
2866,\n,QMM:p112:3,QMM:p113:0,186,263,449,0
2867,\n,QMM:p113:0,QMM:p113:1,263,283,547,1
2868,\n,QMM:p113:1,QMM:p113:2,283,62,345,0
2869,\n,QMM:p113:2,QMM:p114:0,62,140,202,0
2870,\n,QMM:p114:0,QMM:p115:0,140,253,394,1
2871,\n,QMM:p115:0,QMM:p115:1,253,148,401,0
2872,\n,QMM:p115:1,QMM:p116:0,148,218,366,0
2873,\n,QMM:p116:0,QMM:p116:1,218,24,243,1
2874,\n,QMM:p116:1,QMM:p116:2,24,283,308,1
2875,\n,QMM:p116:2,QMM:p117:0,283,230,513,0
2876,\n,QMM:p117:0,QMM:p117:1,230,50,280,0
2877,\n,QMM:p117:1,QMM:p118:0,50,282,332,0
2878,\n,QMM:p118:0,QMM:p118:1,282,108,391,1
2879,\n,QMM:p118:1,QMM:p119:0,108,295,403,0
2880,\n,QMM:p119:0,QMM:p119:1,295,86,381,0
2881,\n,QMM:p119:1,QMM:p120:0,86,46,132,0
2882,\n,QMM:p120:0,QMM:p121:0,46,134,180,0
2883,\n,QMM:p121:0,QMM:p122:0,134,220,354,0
2884,\n,QMM:p122:0,QMM:p122:1,220,106,327,1
2885,\n,QMM:p122:1,QMM:p122:2,106,266,372,0
2886,\n,QMM:p122:2,QMM:p122:3,266,47,313,0
2887,\n,QMM:p122:3,QMM:p123:0,47,245,292,0
2888,\n,QMM:p123:0,QMM:p123:1,245,268,513,0
2889,\n,QMM:p123:1,QMM:p123:2,268,179,447,0
2890,\n,QMM:p123:2,QMM:p124:0,179,118,297,0
2891,\n,QMM:p124:0,QMM:p124:1,118,295,413,0
2892,\n,QMM:p124:1,QMM:p124:2,295,133,428,0
2893,\n,QMM:p124:2,QMM:p125:0,133,215,348,0
2894,\n,QMM:p125:0,QMM:p125:1,215,294,509,0
2895,\n,QMM:p125:1,QMM:p126:0,294,268,562,0
2896,\n,QMM:p126:0,QMM:p126:1,268,188,456,0
2897,\n,QMM:p126:1,QMM:p127:0,188,226,414,0
2898,\n,QMM:p127:0,QMM:p127:1,226,79,305,0
2899,\n,QMM:p127:1,QMM:p128:0,79,273,353,1
2900,\n,QMM:p128:0,QMM:p128:1,273,250,524,1
2901,\n,QMM:p128:1,QMM:p128:2,250,39,289,0
2902,\n,QMM:p128:2,QMM:p128:3,39,48,88,1
2903,\n,QMM:p128:3,QMM:p129:0,48,256,305,1
2904,\n,QMM:p129:0,QMM:p129:1,256,226,482,0
2905,\n,QMM:p129:1,QMM:p130:0,226,229,456,1
2906,\n,QMM:p130:0,QMM:p130:1,229,116,345,0
2907,\n,QMM:p130:1,QMM:p131:0,116,197,314,1
2908,\n,QMM:p131:0,QMM:p132:0,197,126,324,1
2909,\n,QMM:p132:0,QMM:p132:1,126,259,385,0
2910,\n,QMM:p132:1,QMM:p132:2,259,38,297,0
2911,\n,QMM:p132:2,QMM:p133:0,38,201,240,1
2912,\n,QMM:p133:0,QMM:p133:1,201,226,427,0
2913,\n,QMM:p133:1,QMM:p133:2,226,132,358,0
2914,\n,QMM:p133:2,QMM:p134:0,132,251,384,1
2915,\n,QMM:p134:0,QMM:p134:1,251,211,462,0
2916,\n,QMM:p134:1,QMM:p135:0,211,150,362,1
2917,\n,QMM:p135:0,QMM:p135:1,150,268,418,0
2918,\n,QMM:p135:1,QMM:p135:2,268,253,521,0
2919,\n,QMM:p135:2,QMM:p135:3,253,38,291,0
2920,\n,QMM:p135:3,QMM:p136:0,38,248,287,1
2921,\n,QMM:p136:0,QMM:p136:1,248,123,371,0
2922,\n,QMM:p136:1,QMM:p137:0,123,234,358,1
2923,\n,QMM:p137:0,QMM:p137:1,234,145,379,0
2924,\n,QMM:p137:1,QMM:p138:0,145,255,401,1
2925,\n,QMM:p138:0,QMM:p138:1,255,113,368,0
2926,\n,QMM:p138:1,QMM:p149:0,113,226,340,1
2927,\n,QMM:p149:0,QMM:p149:1,226,79,305,0
2928,\n,QMM:p149:1,QMM:p150:0,79,273,353,1
2929,\n,QMM:p150:0,QMM:p150:1,273,250,524,1
2930,\n,QMM:p150:1,QMM:p150:2,250,39,289,0
2931,\n,QMM:p150:2,QMM:p150:3,39,48,88,1
2932,\n,QMM:p150:3,QMM:p151:0,48,256,305,1
2933,\n,QMM:p151:0,QMM:p151:1,256,226,482,0
2934,\n,QMM:p151:1,QMM:p152:0,226,229,456,1
2935,\n,QMM:p152:0,QMM:p152:1,229,116,345,0
2936,\n,QMM:p152:1,QMM:p153:0,116,197,314,1
2937,\n,QMM:p153:0,QMM:p154:0,197,126,324,1
2938,\n,QMM:p154:0,QMM:p154:1,126,259,385,0
2939,\n,QMM:p154:1,QMM:p154:2,259,38,297,0
2940,\n,QMM:p154:2,QMM:p155:0,38,201,240,1
2941,\n,QMM:p155:0,QMM:p155:1,201,226,427,0
2942,\n,QMM:p155:1,QMM:p155:2,226,132,358,0
2943,\n,QMM:p155:2,QMM:p156:0,132,251,384,1
2944,\n,QMM:p156:0,QMM:p156:1,251,211,462,0
2945,\n,QMM:p156:1,QMM:p157:0,211,150,362,1
2946,\n,QMM:p157:0,QMM:p157:1,150,268,418,0
2947,\n,QMM:p157:1,QMM:p157:2,268,253,521,0
2948,\n,QMM:p157:2,QMM:p157:3,253,38,291,0
2949,\n,QMM:p157:3,QMM:p158:0,38,248,287,1
2950,\n,QMM:p158:0,QMM:p158:1,248,123,371,0
2951,\n,QMM:p158:1,QMM:p159:0,123,234,358,1
2952,\n,QMM:p159:0,QMM:p159:1,234,145,379,0
2953,\n,QMM:p159:1,QMM:p160:0,145,255,401,1
2954,\n,QMM:p160:0,QMM:p160:1,255,113,368,0
2955,\n,QMM:p160:1,QMM:p161:0,113,133,247,1
2956,\n,QMM:p161:0,QMM:p162:0,133,116,250,1
2957,\n,QMM:p162:0,QMM:p163:0,116,194,311,1
2958,\n,QMM:p163:0,QMM:p164:0,194,136,331,1
2959,\n,QMM:p164:0,SMM:p1:0,136,321,457,0
2960,\n,SMM:p1:0,SMM:p1:1,321,101,423,1
2961,\n,SMM:p1:1,SMM:p2:0,101,376,478,1
2962,\n,SMM:p2:0,SMM:p2:1,376,138,515,1
2963,\n,SMM:p2:1,SMM:p3:0,138,345,483,0
2964,\n,SMM:p3:0,SMM:p3:1,345,141,487,1
2965,\n,SMM:p3:1,SMM:p4:0,141,339,481,1
2966,\n,SMM:p4:0,SMM:p4:1,339,181,521,1
2967,\n,SMM:p4:1,SMM:p5:0,181,389,571,1
2968,\n,SMM:p5:0,SMM:p5:1,389,130,520,1
2969,\n,SMM:p5:1,SMM:p6:0,130,366,497,1
2970,\n,SMM:p6:0,SMM:p6:1,366,138,505,1
2971,\n,SMM:p6:1,SMM:p7:0,138,337,476,1
2972,\n,SMM:p7:0,SMM:p7:1,337,222,560,1
2973,\n,SMM:p7:1,SMM:p8:0,222,72,295,1
2974,\n,SMM:p8:0,SMM:p9:0,72,308,381,1
2975,\n,SMM:p9:0,SMM:p9:1,308,400,709,1
2976,\n,SMM:p9:1,SMM:p9:2,400,284,685,1
2977,\n,SMM:p9:2,SMM:p9:3,284,204,489,1
2978,\n,SMM:p9:3,SMM:p10:0,204,284,489,1
2979,\n,SMM:p10:0,SMM:p10:1,284,340,625,1
2980,\n,SMM:p10:1,SMM:p10:2,340,255,596,1
2981,\n,SMM:p10:2,SMM:p10:3,255,203,458,0
2982,\n,SMM:p10:3,SMM:p11:0,203,315,519,1
2983,\n,SMM:p11:0,SMM:p11:1,315,327,643,1
2984,\n,SMM:p11:1,SMM:p11:2,327,71,399,1
2985,\n,SMM:p11:2,SMM:p12:0,71,191,263,1
2986,\n,SMM:p12:0,SMM:p13:0,191,282,474,1
2987,\n,SMM:p13:0,SMM:p13:1,282,257,539,0
2988,\n,SMM:p13:1,SMM:p13:2,257,67,324,0
2989,\n,SMM:p13:2,SMM:p14:0,67,198,265,0
2990,\n,SMM:p14:0,SMM:p14:1,198,241,439,0
2991,\n,SMM:p14:1,SMM:p14:2,241,232,473,0
2992,\n,SMM:p14:2,SMM:p14:3,232,222,455,1
2993,\n,SMM:p14:3,SMM:p14:4,222,42,265,1
2994,\n,SMM:p14:4,SMM:p15:0,42,222,264,0
2995,\n,SMM:p15:0,SMM:p15:1,222,238,461,1
2996,\n,SMM:p15:1,SMM:p15:2,238,111,350,1
2997,\n,SMM:p15:2,SMM:p15:3,111,246,357,0
2998,\n,SMM:p15:3,SMM:p15:4,246,89,336,1
2999,\n,SMM:p15:4,SMM:p16:0,89,178,267,0
3000,\n,SMM:p16:0,SMM:p16:1,178,247,425,0
3001,\n,SMM:p16:1,SMM:p16:2,247,213,461,1
3002,\n,SMM:p16:2,SMM:p16:3,213,232,445,0
3003,\n,SMM:p16:3,SMM:p16:4,232,78,310,0
3004,\n,SMM:p16:4,SMM:p17:0,78,218,296,0
3005,\n,SMM:p17:0,SMM:p17:1,218,195,413,0
3006,\n,SMM:p17:1,SMM:p17:2,195,132,327,0
3007,\n,SMM:p17:2,SMM:p17:3,132,203,335,0
3008,\n,SMM:p17:3,SMM:p17:4,203,78,282,1
3009,\n,SMM:p17:4,SMM:p18:0,78,238,317,1
3010,\n,SMM:p18:0,SMM:p18:1,238,252,490,0
3011,\n,SMM:p18:1,SMM:p18:2,252,142,394,0
3012,\n,SMM:p18:2,SMM:p19:0,142,234,376,0
3013,\n,SMM:p19:0,SMM:p20:0,234,264,498,0
3014,\n,SMM:p20:0,SMM:p20:1,264,242,506,0
3015,\n,SMM:p20:1,SMM:p21:0,242,251,493,0
3016,\n,SMM:p21:0,SMM:p21:1,251,156,407,0
3017,\n,SMM:p21:1,SMM:p21:2,156,165,321,0
3018,\n,SMM:p21:2,SMM:p22:0,165,254,420,1
3019,\n,SMM:p22:0,SMM:p22:1,254,66,321,1
3020,\n,SMM:p22:1,SMM:p23:0,66,132,198,0
3021,\n,SMM:p23:0,SMM:p23:1,132,97,230,1
3022,\n,SMM:p23:1,SMM:p23:2,97,139,237,1
3023,\n,SMM:p23:2,SMM:p23:3,139,139,279,1
3024,\n,SMM:p23:3,SMM:p23:4,139,160,300,1
3025,\n,SMM:p23:4,SMM:p23:5,160,116,277,1
3026,\n,SMM:p23:5,SMM:p23:6,116,106,222,0
3027,\n,SMM:p23:6,SMM:p23:7,106,114,221,1
3028,\n,SMM:p23:7,SMM:p23:8,114,42,156,0
3029,\n,SMM:p23:8,SMM:p23:9,42,151,194,1
3030,\n,SMM:p23:9,SMM:p23:10,151,139,290,0
3031,\n,SMM:p23:10,SMM:p23:11,139,128,267,0
3032,\n,SMM:p23:11,SMM:p23:12,128,104,233,1
3033,\n,SMM:p23:12,SMM:p24:0,104,103,207,0
3034,\n,SMM:p24:0,SMM:p24:1,103,140,243,0
3035,\n,SMM:p24:1,SMM:p24:2,140,135,275,0
3036,\n,SMM:p24:2,SMM:p24:3,135,196,331,0
3037,\n,SMM:p24:3,SMM:p24:4,196,83,279,0
3038,\n,SMM:p24:4,SMM:p25:0,83,289,372,0
3039,\n,SMM:p25:0,SMM:p25:1,289,148,438,1
3040,\n,SMM:p25:1,SMM:p26:0,148,262,410,0
3041,\n,SMM:p26:0,SMM:p26:1,262,66,328,0
3042,\n,SMM:p26:1,SMM:p26:2,66,95,161,0
3043,\n,SMM:p26:2,SMM:p27:0,95,274,369,0
3044,\n,SMM:p27:0,SMM:p27:1,274,205,479,0
3045,\n,SMM:p27:1,SMM:p28:0,205,68,274,1
3046,\n,SMM:p28:0,SMM:p28:1,68,148,216,0
3047,\n,SMM:p28:1,SMM:p28:2,148,155,304,1
3048,\n,SMM:p28:2,SMM:p28:3,155,152,308,1
3049,\n,SMM:p28:3,SMM:p28:4,152,137,290,1
3050,\n,SMM:p28:4,SMM:p28:5,137,45,183,1
3051,\n,SMM:p28:5,SMM:p29:0,45,214,260,1
3052,\n,SMM:p29:0,SMM:p29:1,214,162,376,0
3053,\n,SMM:p29:1,SMM:p30:0,162,242,404,0
3054,\n,SMM:p30:0,SMM:p30:1,242,322,564,0
3055,\n,SMM:p30:1,SMM:p30:2,322,116,439,1
3056,\n,SMM:p30:2,SMM:p31:0,116,298,414,0
3057,\n,SMM:p31:0,SMM:p32:0,298,243,541,0
3058,\n,SMM:p32:0,SMM:p32:1,243,139,382,0
3059,\n,SMM:p32:1,SMM:p32:2,139,212,351,0
3060,\n,SMM:p32:2,SMM:p33:0,212,202,414,0
3061,\n,SMM:p33:0,SMM:p34:0,202,68,270,0
3062,\n,SMM:p34:0,SMM:p35:0,68,167,236,1
3063,\n,SMM:p35:0,SMM:p35:1,167,103,270,0
3064,\n,SMM:p35:1,SMM:p35:2,103,238,341,0
3065,\n,SMM:p35:2,SMM:p36:0,238,242,480,0
3066,\n,SMM:p36:0,SMM:p37:0,242,164,406,0
3067,\n,SMM:p37:0,SMM:p38:0,164,256,420,0
3068,\n,SMM:p38:0,SMM:p39:0,256,140,396,0
3069,\n,SMM:p39:0,SMM:p40:0,140,101,241,0
3070,\n,SMM:p40:0,SMM:p41:0,101,222,323,0
3071,\n,SMM:p41:0,SMM:p41:1,222,282,504,0
3072,\n,SMM:p41:1,SMM:p41:2,282,82,364,0
3073,\n,SMM:p41:2,SMM:p41:3,82,102,184,0
3074,\n,SMM:p41:3,SMM:p42:0,102,278,380,0
3075,\n,SMM:p42:0,SMM:p42:1,278,286,565,1
3076,\n,SMM:p42:1,SMM:p43:0,286,244,530,0
3077,\n,SMM:p43:0,SMM:p43:1,244,229,474,1
3078,\n,SMM:p43:1,SMM:p44:0,229,143,372,0
3079,\n,SMM:p44:0,SMM:p44:1,143,289,433,1
3080,\n,SMM:p44:1,SMM:p44:2,289,260,549,0
3081,\n,SMM:p44:2,SMM:p45:0,260,166,426,0
3082,\n,SMM:p45:0,SMM:p45:1,166,276,443,1
3083,\n,SMM:p45:1,SMM:p45:2,276,41,317,0
3084,\n,SMM:p45:2,SMM:p45:3,41,258,299,0
3085,\n,SMM:p45:3,SMM:p45:4,258,61,320,1
3086,\n,SMM:p45:4,SMM:p46:0,61,279,341,1
3087,\n,SMM:p46:0,SMM:p46:1,279,282,561,0
3088,\n,SMM:p46:1,SMM:p46:2,282,202,484,0
3089,\n,SMM:p46:2,SMM:p46:3,202,160,363,1
3090,\n,SMM:p46:3,SMM:p47:0,160,190,350,0
3091,\n,SMM:p47:0,SMM:p47:1,190,207,397,0
3092,\n,SMM:p47:1,SMM:p48:0,207,334,542,1
3093,\n,SMM:p48:0,SMM:p49:0,334,218,552,0
3094,\n,SMM:p49:0,SMM:p49:1,218,93,312,1
3095,\n,SMM:p49:1,SMM:p50:0,93,289,382,0
3096,\n,SMM:p50:0,SMM:p50:1,289,303,593,1
3097,\n,SMM:p50:1,SMM:p51:0,303,269,572,0
3098,\n,SMM:p51:0,SMM:p51:1,269,272,541,0
3099,\n,SMM:p51:1,SMM:p51:2,272,288,560,0
3100,\n,SMM:p51:2,SMM:p52:0,288,250,538,0
3101,\n,SMM:p52:0,SMM:p52:1,250,240,490,0
3102,\n,SMM:p52:1,SMM:p53:0,240,191,432,1
3103,\n,SMM:p53:0,SMM:p53:1,191,269,460,0
3104,\n,SMM:p53:1,SMM:p53:2,269,221,490,0
3105,\n,SMM:p53:2,SMM:p54:0,221,280,501,0
3106,\n,SMM:p54:0,SMM:p54:1,280,175,455,0
3107,\n,SMM:p54:1,SMM:p54:2,175,277,452,0
3108,\n,SMM:p54:2,SMM:p55:0,277,242,520,1
3109,\n,SMM:p55:0,SMM:p55:1,242,190,433,1
3110,\n,SMM:p55:1,SMM:p56:0,190,307,497,0
3111,\n,SMM:p56:0,SMM:p56:1,307,265,573,1
3112,\n,SMM:p56:1,SMM:p56:2,265,309,574,0
3113,\n,SMM:p56:2,SMM:p56:3,309,207,516,0
3114,\n,SMM:p56:3,SMM:p57:0,207,43,250,0
3115,\n,SMM:p57:0,SMM:p57:1,43,291,334,0
3116,\n,SMM:p57:1,SMM:p57:2,291,88,379,0
3117,\n,SMM:p57:2,SMM:p57:3,88,137,225,0
3118,\n,SMM:p57:3,SMM:p57:4,137,227,364,0
3119,\n,SMM:p57:4,SMM:p57:5,227,121,348,0
3120,\n,SMM:p57:5,SMM:p58:0,121,78,199,0
3121,\n,SMM:p58:0,SMM:p59:0,78,53,132,1
3122,\n,SMM:p59:0,SMM:p59:1,53,52,106,1
3123,\n,SMM:p59:1,SMM:p59:2,52,40,93,1
3124,\n,SMM:p59:2,SMM:p59:3,40,49,90,1
3125,\n,SMM:p59:3,SMM:p59:4,49,33,82,0
3126,\n,SMM:p59:4,SMM:p59:5,33,49,83,1
3127,\n,SMM:p59:5,SMM:p59:6,49,26,76,1
3128,\n,SMM:p59:6,SMM:p59:7,26,60,86,0
3129,\n,SMM:p59:7,SMM:p59:8,60,51,112,1
3130,\n,SMM:p59:8,SMM:p59:9,51,51,103,1
3131,\n,SMM:p59:9,SMM:p59:10,51,37,89,1
3132,\n,SMM:p59:10,SMM:p59:11,37,62,100,1
3133,\n,SMM:p59:11,SMM:p59:12,62,34,97,1
3134,\n,SMM:p59:12,SMM:p59:13,34,57,92,1
3135,\n,SMM:p59:13,SMM:p59:14,57,57,115,1
3136,\n,SMM:p59:14,SMM:p59:15,57,50,108,1
3137,\n,SMM:p59:15,SMM:p59:16,50,50,101,1
3138,\n,SMM:p59:16,SMM:p59:17,50,52,103,1
3139,\n,SMM:p59:17,SMM:p59:18,52,49,102,1
3140,\n,SMM:p59:18,SMM:p59:19,49,58,108,1
3141,\n,SMM:p59:19,SMM:p59:20,58,52,111,1
3142,\n,SMM:p59:20,SMM:p59:21,52,50,103,1
3143,\n,SMM:p59:21,SMM:p59:22,50,62,113,1
3144,\n,SMM:p59:22,SMM:p59:23,62,35,98,1
3145,\n,SMM:p59:23,SMM:p59:24,35,66,102,1
3146,\n,SMM:p59:24,SMM:p60:0,66,244,311,1
3147,\n,SMM:p60:0,SMM:p60:1,244,259,504,1
3148,\n,SMM:p60:1,SMM:p60:2,259,164,423,0
3149,\n,SMM:p60:2,SMM:p61:0,164,249,413,0
3150,\n,SMM:p61:0,SMM:p61:1,249,271,520,0
3151,\n,SMM:p61:1,SMM:p61:2,271,284,555,0
3152,\n,SMM:p61:2,SMM:p61:3,284,74,358,0
3153,\n,SMM:p61:3,SMM:p62:0,74,236,310,0
3154,\n,SMM:p62:0,SMM:p62:1,236,200,436,0
3155,\n,SMM:p62:1,SMM:p63:0,200,300,500,0
3156,\n,SMM:p63:0,SMM:p63:1,300,302,602,0
3157,\n,SMM:p63:1,SMM:p63:2,302,130,432,0
3158,\n,SMM:p63:2,SMM:p64:0,130,247,377,0
3159,\n,SMM:p64:0,SMM:p64:1,247,212,459,0
3160,\n,SMM:p64:1,SMM:p65:0,212,90,302,0
3161,\n,SMM:p65:0,SMM:p65:1,90,224,314,0
3162,\n,SMM:p65:1,SMM:p65:2,224,49,274,1
3163,\n,SMM:p65:2,SMM:p65:3,49,281,331,1
3164,\n,SMM:p65:3,SMM:p65:4,281,36,317,0
3165,\n,SMM:p65:4,SMM:p66:0,36,267,303,0
3166,\n,SMM:p66:0,SMM:p66:1,267,189,457,1
3167,\n,SMM:p66:1,SMM:p67:0,189,284,474,1
3168,\n,SMM:p67:0,SMM:p67:1,284,234,519,1
3169,\n,SMM:p67:1,SMM:p67:2,234,297,531,0
3170,\n,SMM:p67:2,SMM:p68:0,297,276,573,0
3171,\n,SMM:p68:0,SMM:p68:1,276,282,558,0
3172,\n,SMM:p68:1,SMM:p68:2,282,283,565,0
3173,\n,SMM:p68:2,SMM:p68:3,283,53,337,1
3174,\n,SMM:p68:3,SMM:p68:4,53,58,111,0
3175,\n,SMM:p68:4,SMM:p69:0,58,45,104,1
3176,\n,SMM:p69:0,SMM:p69:1,45,293,339,1
3177,\n,SMM:p69:1,SMM:p69:2,293,34,327,0
3178,\n,SMM:p69:2,SMM:p69:3,34,264,298,0
3179,\n,SMM:p69:3,SMM:p69:4,264,160,425,1
3180,\n,SMM:p69:4,SMM:p70:0,160,251,411,0
3181,\n,SMM:p70:0,SMM:p70:1,251,85,336,0
3182,\n,SMM:p70:1,SMM:p71:0,85,360,445,0
3183,\n,SMM:p71:0,SMM:p71:1,360,53,413,0
3184,\n,SMM:p71:1,SMM:p72:0,53,242,296,1
3185,\n,SMM:p72:0,SMM:p72:1,242,268,510,0
3186,\n,SMM:p72:1,SMM:p72:2,268,134,402,0
3187,\n,SMM:p72:2,SMM:p73:0,134,104,238,0
3188,\n,SMM:p73:0,SMM:p73:1,104,288,392,0
3189,\n,SMM:p73:1,SMM:p73:2,288,208,496,0
3190,\n,SMM:p73:2,SMM:p73:3,208,201,409,0
3191,\n,SMM:p73:3,SMM:p74:0,201,296,497,0
3192,\n,SMM:p74:0,SMM:p74:1,296,103,399,0
3193,\n,SMM:p74:1,SMM:p74:2,103,269,373,1
3194,\n,SMM:p74:2,SMM:p74:3,269,103,372,0
3195,\n,SMM:p74:3,SMM:p75:0,103,271,374,0
3196,\n,SMM:p75:0,SMM:p75:1,271,269,540,0
3197,\n,SMM:p75:1,SMM:p75:2,269,254,523,0
3198,\n,SMM:p75:2,SMM:p76:0,254,305,559,0
3199,\n,SMM:p76:0,SMM:p76:1,305,258,563,0
3200,\n,SMM:p76:1,SMM:p76:2,258,240,498,0
3201,\n,SMM:p76:2,SMM:p77:0,240,280,520,0
3202,\n,SMM:p77:0,SMM:p77:1,280,283,563,0
3203,\n,SMM:p77:1,SMM:p77:2,283,32,316,1
3204,\n,SMM:p77:2,SMM:p77:3,32,268,300,0
3205,\n,SMM:p77:3,SMM:p77:4,268,228,496,0
3206,\n,SMM:p77:4,SMM:p78:0,228,289,517,0
3207,\n,SMM:p78:0,SMM:p78:1,289,89,378,0
3208,\n,SMM:p78:1,SMM:p79:0,89,278,367,0
3209,\n,SMM:p79:0,SMM:p79:1,278,99,377,0
3210,\n,SMM:p79:1,SMM:p80:0,99,75,174,0
3211,\n,SMM:p80:0,SMM:p80:1,75,275,350,0
3212,\n,SMM:p80:1,SMM:p80:2,275,254,530,1
3213,\n,SMM:p80:2,SMM:p80:3,254,82,336,0
3214,\n,SMM:p80:3,SMM:p81:0,82,293,375,0
3215,\n,SMM:p81:0,SMM:p81:1,293,37,330,0
3216,\n,SMM:p81:1,SMM:p81:2,37,283,321,1
3217,\n,SMM:p81:2,SMM:p81:3,283,120,404,1
3218,\n,SMM:p81:3,SMM:p82:0,120,306,426,0
3219,\n,SMM:p82:0,SMM:p82:1,306,339,645,0
3220,\n,SMM:p82:1,SMM:p82:2,339,108,447,0
3221,\n,SMM:p82:2,SMM:p83:0,108,270,379,1
3222,\n,SMM:p83:0,SMM:p83:1,270,114,385,1
3223,\n,SMM:p83:1,SMM:p84:0,114,315,429,0
3224,\n,SMM:p84:0,SMM:p84:1,315,208,524,1
3225,\n,SMM:p84:1,SMM:p85:0,208,301,509,0
3226,\n,SMM:p85:0,SMM:p85:1,301,256,557,0
3227,\n,SMM:p85:1,SMM:p85:2,256,222,479,1
3228,\n,SMM:p85:2,SMM:p86:0,222,217,439,0
3229,\n,SMM:p86:0,SMM:p86:1,217,222,439,0
3230,\n,SMM:p86:1,SMM:p86:2,222,136,358,0
3231,\n,SMM:p86:2,SMM:p87:0,136,165,301,0
3232,\n,SMM:p87:0,SMM:p87:1,165,245,410,0
3233,\n,SMM:p87:1,SMM:p88:0,245,295,540,0
3234,\n,SMM:p88:0,SMM:p88:1,295,273,568,0
3235,\n,SMM:p88:1,SMM:p88:2,273,172,445,0
3236,\n,SMM:p88:2,SMM:p89:0,172,54,227,1
3237,\n,SMM:p89:0,SMM:p90:0,54,191,245,0
3238,\n,SMM:p90:0,SMM:p91:0,191,289,480,0
3239,\n,SMM:p91:0,SMM:p91:1,289,287,576,0
3240,\n,SMM:p91:1,SMM:p91:2,287,74,361,0
3241,\n,SMM:p91:2,SMM:p92:0,74,240,315,1
3242,\n,SMM:p92:0,SMM:p93:0,240,103,343,0
3243,\n,SMM:p93:0,SMM:p93:1,103,268,371,0
3244,\n,SMM:p93:1,SMM:p93:2,268,272,540,0
3245,\n,SMM:p93:2,SMM:p93:3,272,42,315,1
3246,\n,SMM:p93:3,SMM:p94:0,42,275,317,0
3247,\n,SMM:p94:0,SMM:p94:1,275,234,509,0
3248,\n,SMM:p94:1,SMM:p94:2,234,95,329,0
3249,\n,SMM:p94:2,SMM:p95:0,95,236,331,0
3250,\n,SMM:p95:0,SMM:p95:1,236,190,426,0
3251,\n,SMM:p95:1,SMM:p96:0,190,133,323,0
3252,\n,SMM:p96:0,SMM:p96:1,133,284,417,0
3253,\n,SMM:p96:1,SMM:p96:2,284,39,324,1
3254,\n,SMM:p96:2,SMM:p96:3,39,275,314,0
3255,\n,SMM:p96:3,SMM:p97:0,275,289,564,0
3256,\n,SMM:p97:0,SMM:p97:1,289,294,584,1
3257,\n,SMM:p97:1,SMM:p97:2,294,142,437,1
3258,\n,SMM:p97:2,SMM:p97:3,142,191,334,1
3259,\n,SMM:p97:3,SMM:p98:0,191,294,485,0
3260,\n,SMM:p98:0,SMM:p98:1,294,267,561,0
3261,\n,SMM:p98:1,SMM:p98:2,267,195,462,0
3262,\n,SMM:p98:2,SMM:p98:3,195,124,319,0
3263,\n,SMM:p98:3,TACM:p1:0,124,368,492,0
3264,\n,TACM:p1:0,TACM:p1:1,368,88,457,1
3265,\n,TACM:p1:1,TACM:p2:0,88,303,392,1
3266,\n,TACM:p2:0,TACM:p3:0,303,294,598,1
3267,\n,TACM:p3:0,TACM:p3:1,294,277,571,0
3268,\n,TACM:p3:1,TACM:p3:2,277,301,578,0
3269,\n,TACM:p3:2,TACM:p3:3,301,43,344,0
3270,\n,TACM:p3:3,TACM:p4:0,43,44,88,1
3271,\n,TACM:p4:0,TACM:p5:0,44,201,245,0
3272,\n,TACM:p5:0,TACM:p6:0,201,193,394,0
3273,\n,TACM:p6:0,TACM:p7:0,193,291,484,0
3274,\n,TACM:p7:0,TACM:p7:1,291,147,438,0
3275,\n,TACM:p7:1,TACM:p8:0,147,170,317,0
3276,\n,TACM:p8:0,TACM:p8:1,170,148,318,0
3277,\n,TACM:p8:1,TACM:p8:2,148,257,405,0
3278,\n,TACM:p8:2,TACM:p8:3,257,39,296,0
3279,\n,TACM:p8:3,TACM:p9:0,39,207,246,0
3280,\n,TACM:p9:0,TACM:p9:1,207,257,464,0
3281,\n,TACM:p9:1,TACM:p9:2,257,116,374,1
3282,\n,TACM:p9:2,TACM:p10:0,116,264,381,1
3283,\n,TACM:p10:0,TACM:p10:1,264,213,477,0
3284,\n,TACM:p10:1,TACM:p11:0,213,142,355,0
3285,\n,TACM:p11:0,TACM:p11:1,142,163,306,1
3286,\n,TACM:p11:1,TACM:p11:2,163,30,193,0
3287,\n,TACM:p11:2,TACM:p11:3,30,73,103,0
3288,\n,TACM:p11:3,TACM:p12:0,73,255,329,1
3289,\n,TACM:p12:0,TACM:p13:0,255,78,334,1
3290,\n,TACM:p13:0,TACM:p14:0,78,77,155,0
3291,\n,TACM:p14:0,TACM:p14:1,77,316,393,0
3292,\n,TACM:p14:1,TACM:p14:2,316,123,440,1
3293,\n,TACM:p14:2,TACM:p15:0,123,384,508,1
3294,\n,TACM:p15:0,TACM:p15:1,384,171,556,1
3295,\n,TACM:p15:1,TACM:p16:0,171,378,550,1
3296,\n,TACM:p16:0,TACM:p16:1,378,123,502,1
3297,\n,TACM:p16:1,TACM:p17:0,123,124,248,1
3298,\n,TACM:p17:0,TACM:p17:1,124,230,355,1
3299,\n,TACM:p17:1,TACM:p18:0,230,242,473,1
3300,\n,TACM:p18:0,TACM:p19:0,242,268,511,1
3301,\n,TACM:p19:0,TACM:p20:0,268,254,523,1
3302,\n,TACM:p20:0,TACM:p20:1,254,228,483,1
3303,\n,TACM:p20:1,TACM:p20:2,228,83,312,1
3304,\n,TACM:p20:2,TACM:p21:0,83,288,371,0
3305,\n,TACM:p21:0,TACM:p21:1,288,206,494,0
3306,\n,TACM:p21:1,TACM:p21:2,206,188,394,0
3307,\n,TACM:p21:2,TACM:p21:3,188,87,276,1
3308,\n,TACM:p21:3,TACM:p22:0,87,207,295,1
3309,\n,TACM:p22:0,TACM:p22:1,207,230,438,1
3310,\n,TACM:p22:1,TACM:p22:2,230,54,285,1
3311,\n,TACM:p22:2,TACM:p23:0,54,261,316,1
3312,\n,TACM:p23:0,TACM:p23:1,261,94,355,0
3313,\n,TACM:p23:1,TACM:p24:0,94,71,165,0
3314,\n,TACM:p24:0,TACM:p25:0,71,68,139,0
3315,\n,TACM:p25:0,TACM:p26:0,68,37,105,0
3316,\n,TACM:p26:0,TACM:p27:0,37,36,73,0
3317,\n,TACM:p27:0,TACM:p28:0,36,257,293,0
3318,\n,TACM:p28:0,TACM:p28:1,257,222,480,1
3319,\n,TACM:p28:1,TACM:p29:0,222,264,486,0
3320,\n,TACM:p29:0,TACM:p30:0,264,79,344,1
3321,\n,TACM:p30:0,TACM:p31:0,79,226,305,0
3322,\n,TACM:p31:0,TACM:p32:0,226,362,588,0
3323,\n,TACM:p32:0,TACM:p32:1,362,230,593,1
3324,\n,TACM:p32:1,TACM:p33:0,230,293,524,1
3325,\n,TACM:p33:0,TACM:p33:1,293,135,429,1
3326,\n,TACM:p33:1,TACM:p34:0,135,364,500,1
3327,\n,TACM:p34:0,TACM:p34:1,364,230,595,1
3328,\n,TACM:p34:1,TACM:p35:0,230,305,535,0
3329,\n,TACM:p35:0,TACM:p35:1,305,77,383,1
3330,\n,TACM:p35:1,TACM:p35:2,77,192,270,1
3331,\n,TACM:p35:2,TACM:p36:0,192,267,460,1
3332,\n,TACM:p36:0,TACM:p36:1,267,200,468,1
3333,\n,TACM:p36:1,TACM:p37:0,200,242,442,0
3334,\n,TACM:p37:0,TACM:p38:0,242,147,390,1
3335,\n,TACM:p38:0,TACM:p104:0,147,171,319,1
3336,\n,TACM:p104:0,TACM:p104:1,171,410,582,1
3337,\n,TACM:p104:1,TACM:p104:2,410,104,515,1
3338,\n,TACM:p104:2,TACM:p104:3,104,178,283,1
3339,\n,TACM:p104:3,TACM:p104:4,178,307,486,1
3340,\n,TACM:p104:4,TACM:p104:5,307,348,656,1
3341,\n,TACM:p104:5,TACM:p104:6,348,55,404,1
3342,\n,TACM:p104:6,TACM:p105:0,55,408,464,1
3343,\n,TACM:p105:0,TACM:p105:1,408,417,826,1
3344,\n,TACM:p105:1,TACM:p105:2,417,67,485,1
3345,\n,TACM:p105:2,TACM:p105:3,67,347,415,1
3346,\n,TACM:p105:3,TACM:p105:4,347,78,426,1
3347,\n,TACM:p105:4,TACM:p106:0,78,108,187,1
3348,\n,TACM:p106:0,TACM:p106:1,108,396,505,1
3349,\n,TACM:p106:1,TACM:p106:2,396,254,651,1
3350,\n,TACM:p106:2,TACM:p106:3,254,143,398,1
3351,\n,TACM:p106:3,TACM:p106:4,143,409,553,1
3352,\n,TACM:p106:4,TACM:p106:5,409,145,555,1
3353,\n,TACM:p106:5,TACM:p106:6,145,122,268,1
3354,\n,TACM:p106:6,TACM:p107:0,122,473,596,1
3355,\n,TACM:p107:0,TACM:p107:1,473,267,741,1
3356,\n,TACM:p107:1,TACM:p108:0,267,396,664,1
3357,\n,TACM:p108:0,TACM:p108:1,396,293,690,1
3358,\n,TACM:p108:1,TACM:p108:2,293,182,476,1
3359,\n,TACM:p108:2,TACM:p108:3,182,408,591,1
3360,\n,TACM:p108:3,TACM:p108:4,408,87,496,1
3361,\n,TACM:p108:4,TACM:p108:5,87,388,476,1
3362,\n,TACM:p108:5,TACM:p108:6,388,83,472,1
3363,\n,TACM:p108:6,TACM:p108:7,83,56,140,1
3364,\n,TACM:p108:7,TACM:p109:0,56,79,136,1
3365,\n,TACM:p109:0,TACM:p109:1,79,376,456,1
3366,\n,TACM:p109:1,TACM:p109:2,376,361,737,0
3367,\n,TACM:p109:2,TACM:p109:3,361,336,698,1
3368,\n,TACM:p109:3,TACM:p109:4,336,232,569,1
3369,\n,TACM:p109:4,TACM:p109:5,232,53,286,1
3370,\n,TACM:p109:5,TACM:p110:0,53,381,435,1
3371,\n,TACM:p110:0,TACM:p110:1,381,45,427,1
3372,\n,TACM:p110:1,TACM:p110:2,45,308,354,1
3373,\n,TACM:p110:2,TACM:p110:3,308,75,384,1
3374,\n,TACM:p110:3,TACM:p110:4,75,431,507,1
3375,\n,TACM:p110:4,TACM:p110:5,431,209,641,1
3376,\n,TACM:p110:5,TACM:p110:6,209,56,266,1
3377,\n,TACM:p110:6,TACM:p111:0,56,261,318,1
3378,\n,TACM:p111:0,TACM:p111:1,261,415,677,1
3379,\n,TACM:p111:1,TACM:p111:2,415,149,565,1
3380,\n,TACM:p111:2,TACM:p111:3,149,425,575,1
3381,\n,TACM:p111:3,TACM:p111:4,425,74,500,1
3382,\n,TACM:p111:4,TACM:p111:5,74,294,369,1
3383,\n,TACM:p111:5,TACM:p112:0,294,476,771,1
3384,\n,TACM:p112:0,TACM:p112:1,476,106,583,1
3385,\n,TACM:p112:1,TACM:p112:2,106,182,289,1
3386,\n,TACM:p112:2,TACM:p112:3,182,309,492,1
3387,\n,TACM:p112:3,TACM:p112:4,309,398,708,1
3388,\n,TACM:p112:4,TACM:p112:5,398,220,619,1
3389,\n,TACM:p112:5,TACM:p112:6,220,55,276,1
3390,\n,TACM:p112:6,TACM:p113:0,55,446,502,1
3391,\n,TACM:p113:0,TACM:p113:1,446,332,778,0
3392,\n,TACM:p113:1,TACM:p113:2,332,356,689,1
3393,\n,TACM:p113:2,TACM:p113:3,356,106,462,0
3394,\n,TACM:p113:3,TACM:p113:4,106,196,303,1
3395,\n,TACM:p113:4,TACM:p114:0,196,328,525,1
3396,\n,TACM:p114:0,TACM:p114:1,328,402,731,1
3397,\n,TACM:p114:1,TACM:p114:2,402,258,661,1
3398,\n,TACM:p114:2,TACM:p114:3,258,340,599,1
3399,\n,TACM:p114:3,TACM:p114:4,340,55,396,1
3400,\n,TACM:p114:4,TACM:p115:0,55,429,485,1
3401,\n,TACM:p115:0,TACM:p115:1,429,489,919,1
3402,\n,TACM:p115:1,TACM:p115:2,489,328,818,1
3403,\n,TACM:p115:2,TACM:p116:0,328,130,459,1
3404,\n,TACM:p116:0,TACM:p117:0,130,212,342,0
3405,\n,TACM:p117:0,TACM:p118:0,212,101,314,1
3406,\n,TACM:p118:0,TACM:p119:0,101,162,264,1
3407,\n,TACM:p119:0,TACM:p120:0,162,276,438,0
0,\n\n,CRM:p1:0,CRM:p2:0,202,319,522,1
1,\n\n,CRM:p2:0,CRM:p2:1,319,263,583,1
2,\n\n,CRM:p2:1,CRM:p2:2,263,287,551,1
3,\n\n,CRM:p2:2,CRM:p2:3,287,102,390,1
4,\n\n,CRM:p2:3,CRM:p4:0,102,94,197,1
5,\n\n,CRM:p4:0,CRM:p4:1,94,123,218,1
6,\n\n,CRM:p4:1,CRM:p4:2,123,133,257,1
7,\n\n,CRM:p4:2,CRM:p4:3,133,127,261,1
8,\n\n,CRM:p4:3,CRM:p4:4,127,104,232,1
9,\n\n,CRM:p4:4,CRM:p5:0,104,178,283,1
10,\n\n,CRM:p5:0,CRM:p6:0,178,279,458,1
11,\n\n,CRM:p6:0,CRM:p6:1,279,132,412,1
12,\n\n,CRM:p6:1,CRM:p7:0,132,155,288,1
13,\n\n,CRM:p7:0,CRM:p7:1,155,147,303,1
14,\n\n,CRM:p7:1,CRM:p8:0,147,65,213,1
15,\n\n,CRM:p8:0,CRM:p8:1,65,172,237,0
16,\n\n,CRM:p8:1,CRM:p8:2,172,104,277,1
17,\n\n,CRM:p8:2,CRM:p9:0,104,163,267,0
18,\n\n,CRM:p9:0,CRM:p9:1,163,122,286,1
19,\n\n,CRM:p9:1,CRM:p10:0,122,53,176,1
20,\n\n,CRM:p10:0,CRM:p10:1,53,173,226,0
21,\n\n,CRM:p10:1,CRM:p10:2,173,177,350,0
22,\n\n,CRM:p10:2,CRM:p10:3,177,193,371,1
23,\n\n,CRM:p10:3,CRM:p11:0,193,197,391,1
24,\n\n,CRM:p11:0,CRM:p11:1,197,177,374,0
25,\n\n,CRM:p11:1,CRM:p11:2,177,38,215,0
26,\n\n,CRM:p11:2,CRM:p12:0,38,67,106,1
27,\n\n,CRM:p12:0,CRM:p12:1,67,157,224,0
28,\n\n,CRM:p12:1,CRM:p12:2,157,199,356,0
29,\n\n,CRM:p12:2,CRM:p13:0,199,56,255,0
30,\n\n,CRM:p13:0,CRM:p13:1,56,139,195,0
31,\n\n,CRM:p13:1,CRM:p13:2,139,76,216,1
32,\n\n,CRM:p13:2,CRM:p13:3,76,137,213,0
33,\n\n,CRM:p13:3,CRM:p13:4,137,137,274,0
34,\n\n,CRM:p13:4,CRM:p14:0,137,146,284,1
35,\n\n,CRM:p14:0,CRM:p14:1,146,137,284,1
36,\n\n,CRM:p14:1,CRM:p14:2,137,131,269,1
37,\n\n,CRM:p14:2,CRM:p14:3,131,143,275,1
38,\n\n,CRM:p14:3,CRM:p15:0,143,46,190,1
39,\n\n,CRM:p15:0,CRM:p15:1,46,140,187,1
40,\n\n,CRM:p15:1,CRM:p15:2,140,111,252,1
41,\n\n,CRM:p15:2,CRM:p16:0,111,113,224,0
42,\n\n,CRM:p16:0,CRM:p16:1,113,99,213,1
43,\n\n,CRM:p16:1,CRM:p17:0,99,155,255,1
44,\n\n,CRM:p17:0,CRM:p17:1,155,144,300,1
45,\n\n,CRM:p17:1,CRM:p17:2,144,130,274,0
46,\n\n,CRM:p17:2,CRM:p17:3,130,103,234,1
47,\n\n,CRM:p17:3,CRM:p18:0,103,167,270,0
48,\n\n,CRM:p18:0,CRM:p18:1,167,84,252,1
49,\n\n,CRM:p18:1,CRM:p19:0,84,172,257,1
50,\n\n,CRM:p19:0,CRM:p19:1,172,167,339,0
51,\n\n,CRM:p19:1,CRM:p20:0,167,146,314,1
52,\n\n,CRM:p20:0,CRM:p20:1,146,148,295,1
53,\n\n,CRM:p20:1,CRM:p21:0,148,80,229,1
54,\n\n,CRM:p21:0,CRM:p21:1,80,104,185,1
55,\n\n,CRM:p21:1,CRM:p21:2,104,23,128,1
56,\n\n,CRM:p21:2,CRM:p22:0,23,287,311,1
57,\n\n,CRM:p22:0,CRM:p22:1,287,205,492,0
58,\n\n,CRM:p22:1,CRM:p24:0,205,226,432,1
59,\n\n,CRM:p24:0,CRM:p24:1,226,251,477,0
60,\n\n,CRM:p24:1,CRM:p25:0,251,287,538,0
61,\n\n,CRM:p25:0,CRM:p25:1,287,108,395,0
62,\n\n,CRM:p25:1,CRM:p26:0,108,222,331,1
63,\n\n,CRM:p26:0,CRM:p27:0,222,107,329,0
64,\n\n,CRM:p27:0,CRM:p28:0,107,200,308,1
65,\n\n,CRM:p28:0,CRM:p29:0,200,84,285,1
66,\n\n,CRM:p29:0,CRM:p29:1,84,131,216,1
67,\n\n,CRM:p29:1,CRM:p29:2,131,95,227,1
68,\n\n,CRM:p29:2,CRM:p30:0,95,299,395,1
69,\n\n,CRM:p30:0,CRM:p30:1,299,191,491,1
70,\n\n,CRM:p30:1,CRM:p31:0,191,181,372,0
71,\n\n,CRM:p31:0,CRM:p32:0,181,161,343,1
72,\n\n,CRM:p32:0,CRM:p33:0,161,184,346,1
73,\n\n,CRM:p33:0,CRM:p34:0,184,243,428,1
74,\n\n,CRM:p34:0,CRM:p35:0,243,132,376,1
75,\n\n,CRM:p35:0,CRM:p36:0,132,157,290,1
76,\n\n,CRM:p36:0,CRM:p37:0,157,109,267,1
77,\n\n,CRM:p37:0,CRM:p38:0,109,113,223,1
78,\n\n,CRM:p38:0,CRM:p39:0,113,125,239,1
79,\n\n,CRM:p39:0,CRM:p40:0,125,186,312,1
80,\n\n,CRM:p40:0,CRM:p41:0,186,109,296,1
81,\n\n,CRM:p41:0,CRM:p42:0,109,83,193,1
82,\n\n,CRM:p42:0,CRM:p43:0,83,51,135,1
83,\n\n,CRM:p43:0,CRM:p44:0,51,82,134,1
84,\n\n,CRM:p44:0,CRM:p44:1,82,63,146,1
85,\n\n,CRM:p44:1,CRM:p45:0,63,294,358,1
86,\n\n,CRM:p45:0,CRM:p45:1,294,180,474,0
87,\n\n,CRM:p45:1,CRM:p46:0,180,217,398,1
88,\n\n,CRM:p46:0,CRM:p47:0,217,126,344,1
89,\n\n,CRM:p47:0,CRM:p48:0,126,205,331,0
90,\n\n,CRM:p48:0,CRM:p48:1,205,87,293,1
91,\n\n,CRM:p48:1,CRM:p48:2,87,172,259,0
92,\n\n,CRM:p48:2,CRM:p49:0,172,49,222,1
93,\n\n,CRM:p49:0,CRM:p49:1,49,163,213,1
94,\n\n,CRM:p49:1,CRM:p49:2,163,80,244,1
95,\n\n,CRM:p49:2,CRM:p49:3,80,290,371,1
96,\n\n,CRM:p49:3,CRM:p49:4,290,279,570,1
97,\n\n,CRM:p49:4,CRM:p49:5,279,40,320,1
98,\n\n,CRM:p49:5,CRM:p50:0,40,61,102,1
99,\n\n,CRM:p50:0,CRM:p51:0,61,86,148,1
100,\n\n,CRM:p51:0,CRM:p51:1,86,113,200,1
101,\n\n,CRM:p51:1,CRM:p51:2,113,90,204,1
102,\n\n,CRM:p51:2,CRM:p52:0,90,280,371,1
103,\n\n,CRM:p52:0,CRM:p52:1,280,96,376,0
104,\n\n,CRM:p52:1,CRM:p52:2,96,131,228,1
105,\n\n,CRM:p52:2,CRM:p52:3,131,75,207,1
106,\n\n,CRM:p52:3,CRM:p53:0,75,259,335,1
107,\n\n,CRM:p53:0,CRM:p53:1,259,156,415,0
108,\n\n,CRM:p53:1,CRM:p54:0,156,212,369,1
109,\n\n,CRM:p54:0,CRM:p54:1,212,237,449,0
110,\n\n,CRM:p54:1,CRM:p55:0,237,205,442,0
111,\n\n,CRM:p55:0,CRM:p55:1,205,187,392,0
112,\n\n,CRM:p55:1,CRM:p56:0,187,305,492,0
113,\n\n,CRM:p56:0,CRM:p56:1,305,70,375,0
114,\n\n,CRM:p56:1,CRM:p57:0,70,216,287,1
115,\n\n,CRM:p57:0,CRM:p57:1,216,127,343,0
116,\n\n,CRM:p57:1,CRM:p58:0,127,212,339,0
117,\n\n,CRM:p58:0,CRM:p58:1,212,67,280,1
118,\n\n,CRM:p58:1,CRM:p59:0,67,136,203,0
119,\n\n,CRM:p59:0,CRM:p59:1,136,121,257,0
120,\n\n,CRM:p59:1,CRM:p59:2,121,87,208,0
121,\n\n,CRM:p59:2,CRM:p60:0,87,98,186,1
122,\n\n,CRM:p60:0,CRM:p61:0,98,79,178,1
123,\n\n,CRM:p61:0,CRM:p61:1,79,86,166,1
124,\n\n,CRM:p61:1,CRM:p62:0,86,256,343,1
125,\n\n,CRM:p62:0,CRM:p62:1,256,175,432,1
126,\n\n,CRM:p62:1,CRM:p63:0,175,213,389,1
127,\n\n,CRM:p63:0,CRM:p63:1,213,127,340,0
128,\n\n,CRM:p63:1,CRM:p64:0,127,237,364,0
129,\n\n,CRM:p64:0,CRM:p65:0,237,79,317,1
130,\n\n,CRM:p65:0,CRM:p65:1,79,107,187,1
131,\n\n,CRM:p65:1,CRM:p65:2,107,33,141,1
132,\n\n,CRM:p65:2,CRM:p66:0,33,273,307,1
133,\n\n,CRM:p66:0,CRM:p66:1,273,193,467,1
134,\n\n,CRM:p66:1,CRM:p68:0,193,57,250,0
135,\n\n,CRM:p68:0,CRM:p69:0,57,269,326,0
136,\n\n,CRM:p69:0,CRM:p69:1,269,280,549,0
137,\n\n,CRM:p69:1,CRM:p69:2,280,89,370,1
138,\n\n,CRM:p69:2,CRM:p70:0,89,236,325,0
139,\n\n,CRM:p70:0,CRM:p71:0,236,82,319,1
140,\n\n,CRM:p71:0,CRM:p71:1,82,78,160,0
141,\n\n,CRM:p71:1,CRM:p71:2,78,134,213,1
142,\n\n,CRM:p71:2,CRM:p71:3,134,115,250,1
143,\n\n,CRM:p71:3,CRM:p71:4,115,111,227,1
144,\n\n,CRM:p71:4,CRM:p71:5,111,113,225,1
145,\n\n,CRM:p71:5,CRM:p71:6,113,126,240,1
146,\n\n,CRM:p71:6,CRM:p71:7,126,123,250,1
147,\n\n,CRM:p71:7,CRM:p71:8,123,135,258,0
148,\n\n,CRM:p71:8,CRM:p71:9,135,109,244,0
149,\n\n,CRM:p71:9,CRM:p71:10,109,104,214,1
150,\n\n,CRM:p71:10,CRM:p72:0,104,206,311,1
151,\n\n,CRM:p72:0,CRM:p72:1,206,199,406,1
152,\n\n,CRM:p72:1,CRM:p72:2,199,181,381,1
153,\n\n,CRM:p72:2,CRM:p72:3,181,220,402,1
154,\n\n,CRM:p72:3,CRM:p72:4,220,197,418,1
155,\n\n,CRM:p72:4,CRM:p72:5,197,60,258,1
156,\n\n,CRM:p72:5,CRM:p73:0,60,137,198,1
157,\n\n,CRM:p73:0,CRM:p73:1,137,126,263,0
158,\n\n,CRM:p73:1,CRM:p75:0,126,99,226,1
159,\n\n,CRM:p75:0,CRM:p75:1,99,34,134,1
160,\n\n,CRM:p75:1,CRM:p75:2,34,97,131,0
161,\n\n,CRM:p75:2,CRM:p75:3,97,95,193,1
162,\n\n,CRM:p75:3,CRM:p75:4,95,27,123,1
163,\n\n,CRM:p75:4,CRM:p75:5,27,89,117,1
164,\n\n,CRM:p75:5,CRM:p75:6,89,26,116,1
165,\n\n,CRM:p75:6,CRM:p75:7,26,102,129,1
166,\n\n,CRM:p75:7,CRM:p75:8,102,119,222,1
167,\n\n,CRM:p75:8,CRM:p75:9,119,70,190,1
168,\n\n,CRM:p75:9,CRM:p75:10,70,121,191,0
169,\n\n,CRM:p75:10,CRM:p75:11,121,55,177,1
170,\n\n,CRM:p75:11,CRM:p75:12,55,99,155,1
171,\n\n,CRM:p75:12,CRM:p75:13,99,30,130,1
172,\n\n,CRM:p75:13,CRM:p75:14,30,86,117,1
173,\n\n,CRM:p75:14,CRM:p75:15,86,100,187,1
174,\n\n,CRM:p75:15,CRM:p75:16,100,116,217,1
175,\n\n,CRM:p75:16,CRM:p75:17,116,46,163,1
176,\n\n,CRM:p75:17,CRM:p75:18,46,90,137,1
177,\n\n,CRM:p75:18,CRM:p75:19,90,103,194,1
178,\n\n,CRM:p75:19,CRM:p75:20,103,37,141,1
179,\n\n,CRM:p75:20,CRM:p75:21,37,101,139,1
180,\n\n,CRM:p75:21,CRM:p75:22,101,85,187,1
181,\n\n,CRM:p75:22,CRM:p75:23,85,28,114,1
182,\n\n,CRM:p75:23,CRM:p75:24,28,100,129,1
183,\n\n,CRM:p75:24,CRM:p75:25,100,95,196,1
184,\n\n,CRM:p75:25,CRM:p75:26,95,28,124,1
185,\n\n,CRM:p75:26,CRM:p75:27,28,88,117,1
186,\n\n,CRM:p75:27,CRM:p75:28,88,28,117,1
187,\n\n,CRM:p75:28,CRM:p75:29,28,83,112,1
188,\n\n,CRM:p75:29,CRM:p75:30,83,90,174,1
189,\n\n,CRM:p75:30,CRM:p75:31,90,28,119,1
190,\n\n,CRM:p75:31,CRM:p75:32,28,113,142,1
191,\n\n,CRM:p75:32,CRM:p75:33,113,39,153,1
192,\n\n,CRM:p75:33,CRM:p75:34,39,99,139,1
193,\n\n,CRM:p75:34,CRM:p75:35,99,112,212,1
194,\n\n,CRM:p75:35,CRM:p75:36,112,25,138,1
195,\n\n,CRM:p75:36,CRM:p75:37,25,80,106,1
196,\n\n,CRM:p75:37,CRM:p75:38,80,89,170,1
197,\n\n,CRM:p75:38,CRM:p75:39,89,92,182,1
198,\n\n,CRM:p75:39,CRM:p75:40,92,95,188,1
199,\n\n,CRM:p75:40,CRM:p75:41,95,80,176,1
200,\n\n,CRM:p75:41,CRM:p75:42,80,85,166,1
201,\n\n,CRM:p75:42,CRM:p75:43,85,90,176,1
202,\n\n,CRM:p75:43,CRM:p75:44,90,86,177,1
203,\n\n,CRM:p75:44,CRM:p75:45,86,106,193,1
204,\n\n,CRM:p75:45,CRM:p75:46,106,89,196,1
205,\n\n,CRM:p75:46,CRM:p75:47,89,172,262,1
206,\n\n,CRM:p75:47,CRM:p75:48,172,177,350,1
207,\n\n,CRM:p75:48,CRM:p75:49,177,100,278,1
208,\n\n,CRM:p75:49,CRM:p75:50,100,89,190,1
209,\n\n,CRM:p75:50,CRM:p75:51,89,87,177,1
210,\n\n,CRM:p75:51,CRM:p75:52,87,88,176,1
211,\n\n,CRM:p75:52,CRM:p76:0,88,239,328,1
212,\n\n,CRM:p76:0,CRM:p76:1,239,212,452,1
213,\n\n,CRM:p76:1,CRM:p76:2,212,184,397,1
214,\n\n,CRM:p76:2,CRM:p78:0,184,65,250,1
215,\n\n,CRM:p78:0,CRM:p79:0,65,167,233,1
216,\n\n,CRM:p79:0,CRM:p80:0,167,180,348,1
217,\n\n,CRM:p80:0,CRM:p80:1,180,234,414,0
218,\n\n,CRM:p80:1,CRM:p80:2,234,192,426,0
219,\n\n,CRM:p80:2,CRM:p80:3,192,164,356,0
220,\n\n,CRM:p80:3,CRM:p81:0,164,161,326,1
221,\n\n,CRM:p81:0,CRM:p82:0,161,157,318,0
222,\n\n,CRM:p82:0,CRM:p83:0,157,284,442,1
223,\n\n,CRM:p83:0,CRM:p83:1,284,35,320,1
224,\n\n,CRM:p83:1,CRM:p84:0,35,84,120,1
225,\n\n,CRM:p84:0,CRM:p84:1,84,130,215,1
226,\n\n,CRM:p84:1,CRM:p85:0,130,259,390,1
227,\n\n,CRM:p85:0,CRM:p85:1,259,120,380,1
228,\n\n,CRM:p85:1,CRM:p86:0,120,242,363,1
229,\n\n,CRM:p86:0,CRM:p86:1,242,241,483,0
230,\n\n,CRM:p86:1,CRM:p87:0,241,147,389,1
231,\n\n,CRM:p87:0,CRM:p88:0,147,202,350,1
232,\n\n,CRM:p88:0,CRM:p89:0,202,104,306,0
233,\n\n,CRM:p89:0,CRM:p90:0,104,56,161,1
234,\n\n,CRM:p90:0,CRM:p91:0,56,81,138,1
235,\n\n,CRM:p91:0,CRM:p92:0,81,264,346,1
236,\n\n,CRM:p92:0,CRM:p92:1,264,81,346,1
237,\n\n,CRM:p92:1,CRM:p93:0,81,73,155,1
238,\n\n,CRM:p93:0,CRM:p93:1,73,153,227,1
239,\n\n,CRM:p93:1,CRM:p93:2,153,111,265,1
240,\n\n,CRM:p93:2,CRM:p94:0,111,187,299,1
241,\n\n,CRM:p94:0,CRM:p94:1,187,133,321,1
242,\n\n,CRM:p94:1,CRM:p94:2,133,45,179,1
243,\n\n,CRM:p94:2,CRM:p95:0,45,80,126,1
244,\n\n,CRM:p95:0,CRM:p95:1,80,87,168,1
245,\n\n,CRM:p95:1,CRM:p96:0,87,277,365,1
246,\n\n,CRM:p96:0,CRM:p96:1,277,133,411,1
247,\n\n,CRM:p96:1,CRM:p97:0,133,362,496,1
248,\n\n,CRM:p97:0,CRM:p98:0,362,296,659,1
249,\n\n,CRM:p98:0,CRM:p98:1,296,86,382,0
250,\n\n,CRM:p98:1,CRM:p99:0,86,240,326,0
251,\n\n,CRM:p99:0,CRM:p99:1,240,280,520,0
252,\n\n,CRM:p99:1,CRM:p100:0,280,310,591,1
253,\n\n,CRM:p100:0,CRM:p100:1,310,280,590,0
254,\n\n,CRM:p100:1,CRM:p100:2,280,93,373,0
255,\n\n,CRM:p100:2,CMM:p2:0,93,314,408,1
256,\n\n,CMM:p2:0,CMM:p2:1,314,373,688,1
257,\n\n,CMM:p2:1,CMM:p2:2,373,79,453,1
258,\n\n,CMM:p2:2,CMM:p3:0,79,404,484,1
259,\n\n,CMM:p3:0,CMM:p3:1,404,241,646,1
260,\n\n,CMM:p3:1,CMM:p4:0,241,150,392,1
261,\n\n,CMM:p4:0,CMM:p4:1,150,194,345,1
262,\n\n,CMM:p4:1,CMM:p4:2,194,185,380,1
263,\n\n,CMM:p4:2,CMM:p4:3,185,128,314,1
264,\n\n,CMM:p4:3,CMM:p5:0,128,166,295,1
265,\n\n,CMM:p5:0,CMM:p5:1,166,219,386,1
266,\n\n,CMM:p5:1,CMM:p5:2,219,204,424,1
267,\n\n,CMM:p5:2,CMM:p5:3,204,123,328,1
268,\n\n,CMM:p5:3,CMM:p6:0,123,172,296,1
269,\n\n,CMM:p6:0,CMM:p6:1,172,213,386,1
270,\n\n,CMM:p6:1,CMM:p6:2,213,222,436,1
271,\n\n,CMM:p6:2,CMM:p6:3,222,91,314,1
272,\n\n,CMM:p6:3,CMM:p7:0,91,125,217,1
273,\n\n,CMM:p7:0,CMM:p7:1,125,96,222,1
274,\n\n,CMM:p7:1,CMM:p7:2,96,112,209,1
275,\n\n,CMM:p7:2,CMM:p7:3,112,98,211,1
276,\n\n,CMM:p7:3,CMM:p8:0,98,206,305,1
277,\n\n,CMM:p8:0,CMM:p8:1,206,162,369,1
278,\n\n,CMM:p8:1,CMM:p8:2,162,34,197,1
279,\n\n,CMM:p8:2,CMM:p9:0,34,233,268,1
280,\n\n,CMM:p9:0,CMM:p10:0,233,351,584,0
281,\n\n,CMM:p10:0,CMM:p10:1,351,66,418,1
282,\n\n,CMM:p10:1,CMM:p11:0,66,271,338,1
283,\n\n,CMM:p11:0,CMM:p12:0,271,264,535,0
284,\n\n,CMM:p12:0,CMM:p12:1,264,261,525,0
285,\n\n,CMM:p12:1,CMM:p12:2,261,67,328,0
286,\n\n,CMM:p12:2,CMM:p13:0,67,290,357,0
287,\n\n,CMM:p13:0,CMM:p13:1,290,117,408,1
288,\n\n,CMM:p13:1,CMM:p13:2,117,258,375,0
289,\n\n,CMM:p13:2,CMM:p13:3,258,207,465,0
290,\n\n,CMM:p13:3,CMM:p14:0,207,237,445,1
291,\n\n,CMM:p14:0,CMM:p14:1,237,152,389,0
292,\n\n,CMM:p14:1,CMM:p14:2,152,157,309,0
293,\n\n,CMM:p14:2,CMM:p14:3,157,153,311,1
294,\n\n,CMM:p14:3,CMM:p15:0,153,250,403,0
295,\n\n,CMM:p15:0,CMM:p15:1,250,202,452,0
296,\n\n,CMM:p15:1,CMM:p15:2,202,151,353,0
297,\n\n,CMM:p15:2,CMM:p16:0,151,234,385,0
298,\n\n,CMM:p16:0,CMM:p16:1,234,240,474,0
299,\n\n,CMM:p16:1,CMM:p16:2,240,262,502,0
300,\n\n,CMM:p16:2,CMM:p17:0,262,192,454,0
301,\n\n,CMM:p17:0,CMM:p17:1,192,250,443,1
302,\n\n,CMM:p17:1,CMM:p17:2,250,236,487,1
303,\n\n,CMM:p17:2,CMM:p18:0,236,257,493,0
304,\n\n,CMM:p18:0,CMM:p18:1,257,282,539,0
305,\n\n,CMM:p18:1,CMM:p18:2,282,154,436,0
306,\n\n,CMM:p18:2,CMM:p19:0,154,266,420,0
307,\n\n,CMM:p19:0,CMM:p19:1,266,86,352,0
308,\n\n,CMM:p19:1,CMM:p20:0,86,181,267,0
309,\n\n,CMM:p20:0,CMM:p20:1,181,312,494,1
310,\n\n,CMM:p20:1,CMM:p20:2,312,309,622,1
311,\n\n,CMM:p20:2,CMM:p20:3,309,124,434,1
312,\n\n,CMM:p20:3,CMM:p21:0,124,310,435,1
313,\n\n,CMM:p21:0,CMM:p21:1,310,276,586,0
314,\n\n,CMM:p21:1,CMM:p21:2,276,68,344,0
315,\n\n,CMM:p21:2,CMM:p22:0,68,290,358,0
316,\n\n,CMM:p22:0,CMM:p23:0,290,277,568,1
317,\n\n,CMM:p23:0,CMM:p23:1,277,125,402,0
318,\n\n,CMM:p23:1,CMM:p23:2,125,177,303,1
319,\n\n,CMM:p23:2,CMM:p23:3,177,169,346,0
320,\n\n,CMM:p23:3,CMM:p24:0,169,92,261,0
321,\n\n,CMM:p24:0,CMM:p24:1,92,219,312,1
322,\n\n,CMM:p24:1,CMM:p24:2,219,228,448,1
323,\n\n,CMM:p24:2,CMM:p24:3,228,27,256,1
324,\n\n,CMM:p24:3,CMM:p25:0,27,129,157,1
325,\n\n,CMM:p25:0,CMM:p26:0,129,131,260,0
326,\n\n,CMM:p26:0,CMM:p27:0,131,86,217,0
327,\n\n,CMM:p27:0,CMM:p27:1,86,280,366,0
328,\n\n,CMM:p27:1,CMM:p27:2,280,77,358,1
329,\n\n,CMM:p27:2,CMM:p27:3,77,188,265,0
330,\n\n,CMM:p27:3,CMM:p27:4,188,290,478,0
331,\n\n,CMM:p27:4,CMM:p28:0,290,310,601,1
332,\n\n,CMM:p28:0,CMM:p28:1,310,138,449,1
333,\n\n,CMM:p28:1,CMM:p28:2,138,263,402,1
334,\n\n,CMM:p28:2,CMM:p29:0,263,89,353,1
335,\n\n,CMM:p29:0,CMM:p29:1,89,317,406,0
336,\n\n,CMM:p29:1,CMM:p29:2,317,174,491,0
337,\n\n,CMM:p29:2,CMM:p29:3,174,193,367,0
338,\n\n,CMM:p29:3,CMM:p30:0,193,192,385,0
339,\n\n,CMM:p30:0,CMM:p30:1,192,328,520,0
340,\n\n,CMM:p30:1,CMM:p30:2,328,149,478,1
341,\n\n,CMM:p30:2,CMM:p30:3,149,269,418,0
342,\n\n,CMM:p30:3,CMM:p31:0,269,344,613,0
343,\n\n,CMM:p31:0,CMM:p31:1,344,322,666,0
344,\n\n,CMM:p31:1,CMM:p31:2,322,72,395,1
345,\n\n,CMM:p31:2,CMM:p31:3,72,221,294,1
346,\n\n,CMM:p31:3,CMM:p32:0,221,259,480,0
347,\n\n,CMM:p32:0,CMM:p32:1,259,305,564,0
348,\n\n,CMM:p32:1,CMM:p32:2,305,143,448,0
349,\n\n,CMM:p32:2,CMM:p33:0,143,333,476,0
350,\n\n,CMM:p33:0,CMM:p33:1,333,326,659,0
351,\n\n,CMM:p33:1,CMM:p33:2,326,179,505,0
352,\n\n,CMM:p33:2,CMM:p34:0,179,311,490,0
353,\n\n,CMM:p34:0,CMM:p34:1,311,87,398,0
354,\n\n,CMM:p34:1,CMM:p34:2,87,281,368,0
355,\n\n,CMM:p34:2,CMM:p34:3,281,52,333,0
356,\n\n,CMM:p34:3,CMM:p34:4,52,168,220,0
357,\n\n,CMM:p34:4,CMM:p35:0,168,266,434,0
358,\n\n,CMM:p35:0,CMM:p35:1,266,263,529,0
359,\n\n,CMM:p35:1,CMM:p35:2,263,310,573,0
360,\n\n,CMM:p35:2,CMM:p35:3,310,44,354,0
361,\n\n,CMM:p35:3,CMM:p36:0,44,271,315,0
362,\n\n,CMM:p36:0,CMM:p36:1,271,150,421,0
363,\n\n,CMM:p36:1,CMM:p36:2,150,223,373,0
364,\n\n,CMM:p36:2,CMM:p36:3,223,149,373,1
365,\n\n,CMM:p36:3,CMM:p37:0,149,209,359,1
366,\n\n,CMM:p37:0,CMM:p37:1,209,216,426,1
367,\n\n,CMM:p37:1,CMM:p37:2,216,222,438,0
368,\n\n,CMM:p37:2,CMM:p38:0,222,231,453,0
369,\n\n,CMM:p38:0,CMM:p39:0,231,186,418,1
370,\n\n,CMM:p39:0,CMM:p39:1,186,134,320,0
371,\n\n,CMM:p39:1,CMM:p39:2,134,171,305,0
372,\n\n,CMM:p39:2,CMM:p39:3,171,230,401,0
373,\n\n,CMM:p39:3,CMM:p40:0,230,285,516,1
374,\n\n,CMM:p40:0,CMM:p40:1,285,254,539,0
375,\n\n,CMM:p40:1,CMM:p40:2,254,238,492,0
376,\n\n,CMM:p40:2,CMM:p41:0,238,226,464,0
377,\n\n,CMM:p41:0,CMM:p41:1,226,100,326,0
378,\n\n,CMM:p41:1,CMM:p41:2,100,258,358,0
379,\n\n,CMM:p41:2,CMM:p41:3,258,137,396,1
380,\n\n,CMM:p41:3,CMM:p42:0,137,279,416,0
381,\n\n,CMM:p42:0,CMM:p42:1,279,272,552,1
382,\n\n,CMM:p42:1,CMM:p42:2,272,148,421,1
383,\n\n,CMM:p42:2,CMM:p43:0,148,304,452,0
384,\n\n,CMM:p43:0,CMM:p43:1,304,54,359,1
385,\n\n,CMM:p43:1,CMM:p43:2,54,153,207,0
386,\n\n,CMM:p43:2,CMM:p43:3,153,188,341,0
387,\n\n,CMM:p43:3,CMM:p43:4,188,147,335,0
388,\n\n,CMM:p43:4,CMM:p44:0,147,146,293,0
389,\n\n,CMM:p44:0,CMM:p44:1,146,320,467,1
390,\n\n,CMM:p44:1,CMM:p44:2,320,90,410,0
391,\n\n,CMM:p44:2,CMM:p44:3,90,92,183,1
392,\n\n,CMM:p44:3,CMM:p45:0,92,300,392,0
393,\n\n,CMM:p45:0,CMM:p45:1,300,59,359,0
394,\n\n,CMM:p45:1,CMM:p45:2,59,291,350,0
395,\n\n,CMM:p45:2,CMM:p45:3,291,222,513,0
396,\n\n,CMM:p45:3,CMM:p46:0,222,158,380,0
397,\n\n,CMM:p46:0,CMM:p46:1,158,265,423,0
398,\n\n,CMM:p46:1,CMM:p46:2,265,271,536,0
399,\n\n,CMM:p46:2,CMM:p46:3,271,134,405,0
400,\n\n,CMM:p46:3,CMM:p47:0,134,153,287,0
401,\n\n,CMM:p47:0,CMM:p47:1,153,296,450,1
402,\n\n,CMM:p47:1,CMM:p47:2,296,44,341,1
403,\n\n,CMM:p47:2,CMM:p48:0,44,140,184,0
404,\n\n,CMM:p48:0,CMM:p48:1,140,300,441,1
405,\n\n,CMM:p48:1,CMM:p48:2,300,114,415,1
406,\n\n,CMM:p48:2,CMM:p49:0,114,263,377,0
407,\n\n,CMM:p49:0,CMM:p49:1,263,125,388,0
408,\n\n,CMM:p49:1,CMM:p49:2,125,252,377,0
409,\n\n,CMM:p49:2,CMM:p49:3,252,277,529,0
410,\n\n,CMM:p49:3,CMM:p50:0,277,201,478,0
411,\n\n,CMM:p50:0,CMM:p50:1,201,282,483,0
412,\n\n,CMM:p50:1,CMM:p50:2,282,90,373,1
413,\n\n,CMM:p50:2,CMM:p50:3,90,228,318,0
414,\n\n,CMM:p50:3,CMM:p51:0,228,297,525,0
415,\n\n,CMM:p51:0,CMM:p51:1,297,268,566,1
416,\n\n,CMM:p51:1,CMM:p51:2,268,252,521,1
417,\n\n,CMM:p51:2,CMM:p51:3,252,45,298,1
418,\n\n,CMM:p51:3,CMM:p52:0,45,107,152,0
419,\n\n,CMM:p52:0,CMM:p52:1,107,262,369,0
420,\n\n,CMM:p52:1,CMM:p52:2,262,164,426,0
421,\n\n,CMM:p52:2,CMM:p53:0,164,329,493,0
422,\n\n,CMM:p53:0,CMM:p53:1,329,299,629,1
423,\n\n,CMM:p53:1,CMM:p53:2,299,223,522,0
424,\n\n,CMM:p53:2,CMM:p54:0,223,325,548,0
425,\n\n,CMM:p54:0,CMM:p54:1,325,192,517,0
426,\n\n,CMM:p54:1,CMM:p54:2,192,318,510,0
427,\n\n,CMM:p54:2,CMM:p54:3,318,49,368,1
428,\n\n,CMM:p54:3,CMM:p55:0,49,284,333,0
429,\n\n,CMM:p55:0,CMM:p55:1,284,109,394,1
430,\n\n,CMM:p55:1,CMM:p55:2,109,242,351,0
431,\n\n,CMM:p55:2,CMM:p55:3,242,277,519,0
432,\n\n,CMM:p55:3,CMM:p56:0,277,236,514,1
433,\n\n,CMM:p56:0,CMM:p56:1,236,232,468,0
434,\n\n,CMM:p56:1,CMM:p56:2,232,281,514,1
435,\n\n,CMM:p56:2,CMM:p57:0,281,351,632,0
436,\n\n,CMM:p57:0,CMM:p57:1,351,316,667,0
437,\n\n,CMM:p57:1,CMM:p57:2,316,184,500,0
438,\n\n,CMM:p57:2,CMM:p57:3,184,111,295,0
439,\n\n,CMM:p57:3,CMM:p58:0,111,212,323,0
440,\n\n,CMM:p58:0,CMM:p58:1,212,278,490,0
441,\n\n,CMM:p58:1,CMM:p58:2,278,323,601,0
442,\n\n,CMM:p58:2,CMM:p58:3,323,84,408,1
443,\n\n,CMM:p58:3,CMM:p59:0,84,298,382,0
444,\n\n,CMM:p59:0,CMM:p59:1,298,232,530,0
445,\n\n,CMM:p59:1,CMM:p60:0,232,226,458,0
446,\n\n,CMM:p60:0,CMM:p60:1,226,238,464,0
447,\n\n,CMM:p60:1,CMM:p60:2,238,51,289,0
448,\n\n,CMM:p60:2,CMM:p61:0,51,225,276,0
449,\n\n,CMM:p61:0,CMM:p61:1,225,244,469,0
450,\n\n,CMM:p61:1,CMM:p61:2,244,231,475,0
451,\n\n,CMM:p61:2,CMM:p62:0,231,236,467,0
452,\n\n,CMM:p62:0,CMM:p63:0,236,274,510,0
453,\n\n,CMM:p63:0,CMM:p63:1,274,233,507,0
454,\n\n,CMM:p63:1,CMM:p63:2,233,229,462,0
455,\n\n,CMM:p63:2,CMM:p64:0,229,175,404,0
456,\n\n,CMM:p64:0,CMM:p64:1,175,193,369,1
457,\n\n,CMM:p64:1,CMM:p64:2,193,103,296,0
458,\n\n,CMM:p64:2,CMM:p65:0,103,212,316,1
459,\n\n,CMM:p65:0,CMM:p65:1,212,74,286,0
460,\n\n,CMM:p65:1,CMM:p65:2,74,268,342,0
461,\n\n,CMM:p65:2,CMM:p65:3,268,100,368,0
462,\n\n,CMM:p65:3,CMM:p66:0,100,185,285,0
463,\n\n,CMM:p66:0,CMM:p66:1,185,175,361,1
464,\n\n,CMM:p66:1,CMM:p66:2,175,117,292,0
465,\n\n,CMM:p66:2,CMM:p67:0,117,206,324,1
466,\n\n,CMM:p67:0,CMM:p67:1,206,88,294,0
467,\n\n,CMM:p67:1,CMM:p67:2,88,158,247,1
468,\n\n,CMM:p67:2,CMM:p68:0,158,277,436,1
469,\n\n,CMM:p68:0,CMM:p68:1,277,237,515,1
470,\n\n,CMM:p68:1,CMM:p69:0,237,246,483,0
471,\n\n,CMM:p69:0,CMM:p69:1,246,298,545,1
472,\n\n,CMM:p69:1,CMM:p69:2,298,160,459,1
473,\n\n,CMM:p69:2,CMM:p70:0,160,302,462,0
474,\n\n,CMM:p70:0,CMM:p70:1,302,259,561,0
475,\n\n,CMM:p70:1,CMM:p70:2,259,280,539,0
476,\n\n,CMM:p70:2,CMM:p70:3,280,43,323,0
477,\n\n,CMM:p70:3,CMM:p71:0,43,233,276,0
478,\n\n,CMM:p71:0,CMM:p71:1,233,136,369,0
479,\n\n,CMM:p71:1,CMM:p72:0,136,313,449,0
480,\n\n,CMM:p72:0,CMM:p72:1,313,260,573,0
481,\n\n,CMM:p72:1,CMM:p72:2,260,132,392,0
482,\n\n,CMM:p72:2,CMM:p73:0,132,173,305,0
483,\n\n,CMM:p73:0,CMM:p74:0,173,95,269,1
484,\n\n,CMM:p74:0,CMM:p74:1,95,276,371,0
485,\n\n,CMM:p74:1,CMM:p74:2,276,192,468,0
486,\n\n,CMM:p74:2,CMM:p74:3,192,182,374,0
487,\n\n,CMM:p74:3,CMM:p75:0,182,285,467,0
488,\n\n,CMM:p75:0,CMM:p75:1,285,250,536,1
489,\n\n,CMM:p75:1,CMM:p75:2,250,249,499,0
490,\n\n,CMM:p75:2,CMM:p75:3,249,68,317,0
491,\n\n,CMM:p75:3,CMM:p76:0,68,261,329,0
492,\n\n,CMM:p76:0,CMM:p76:1,261,273,535,1
493,\n\n,CMM:p76:1,CMM:p76:2,273,272,545,0
494,\n\n,CMM:p76:2,CMM:p76:3,272,70,342,0
495,\n\n,CMM:p76:3,CMM:p77:0,70,78,148,0
496,\n\n,CMM:p77:0,CMM:p77:1,78,246,324,0
497,\n\n,CMM:p77:1,CMM:p77:2,246,232,478,0
498,\n\n,CMM:p77:2,CMM:p77:3,232,257,489,0
499,\n\n,CMM:p77:3,CMM:p78:0,257,242,500,1
500,\n\n,CMM:p78:0,CMM:p78:1,242,270,513,1
501,\n\n,CMM:p78:1,CMM:p78:2,270,175,445,0
502,\n\n,CMM:p78:2,CMM:p78:3,175,113,288,0
503,\n\n,CMM:p78:3,CMM:p79:0,113,254,367,0
504,\n\n,CMM:p79:0,CMM:p79:1,254,257,511,0
505,\n\n,CMM:p79:1,CMM:p79:2,257,270,528,1
506,\n\n,CMM:p79:2,CMM:p80:0,270,269,539,0
507,\n\n,CMM:p80:0,CMM:p80:1,269,243,513,1
508,\n\n,CMM:p80:1,CMM:p80:2,243,189,432,0
509,\n\n,CMM:p80:2,CMM:p81:0,189,199,388,0
510,\n\n,CMM:p81:0,CMM:p81:1,199,242,441,0
511,\n\n,CMM:p81:1,CMM:p81:2,242,242,484,0
512,\n\n,CMM:p81:2,CMM:p81:3,242,116,358,0
513,\n\n,CMM:p81:3,CMM:p82:0,116,273,390,1
514,\n\n,CMM:p82:0,CMM:p82:1,273,242,515,0
515,\n\n,CMM:p82:1,CMM:p82:2,242,149,391,0
516,\n\n,CMM:p82:2,CMM:p83:0,149,252,402,1
517,\n\n,CMM:p83:0,CMM:p83:1,252,236,488,0
518,\n\n,CMM:p83:1,CMM:p83:2,236,221,458,1
519,\n\n,CMM:p83:2,CMM:p83:3,221,128,349,0
520,\n\n,CMM:p83:3,CMM:p84:0,128,264,392,0
521,\n\n,CMM:p84:0,CMM:p84:1,264,249,513,0
522,\n\n,CMM:p84:1,CMM:p84:2,249,273,522,0
523,\n\n,CMM:p84:2,CMM:p85:0,273,279,553,1
524,\n\n,CMM:p85:0,CMM:p85:1,279,270,549,0
525,\n\n,CMM:p85:1,CMM:p85:2,270,73,344,1
526,\n\n,CMM:p85:2,CMM:p86:0,73,242,315,0
527,\n\n,CMM:p86:0,CMM:p86:1,242,258,500,0
528,\n\n,CMM:p86:1,CMM:p86:2,258,202,460,0
529,\n\n,CMM:p86:2,CMM:p87:0,202,112,314,0
530,\n\n,CMM:p87:0,CMM:p87:1,112,252,364,0
531,\n\n,CMM:p87:1,CMM:p87:2,252,234,487,1
532,\n\n,CMM:p87:2,CMM:p87:3,234,151,385,0
533,\n\n,CMM:p87:3,CMM:p88:0,151,246,397,0
534,\n\n,CMM:p88:0,CMM:p88:1,246,134,381,1
535,\n\n,CMM:p88:1,CMM:p88:2,134,94,228,0
536,\n\n,CMM:p88:2,CMM:p88:3,94,260,354,0
537,\n\n,CMM:p88:3,CMM:p88:4,260,165,426,1
538,\n\n,CMM:p88:4,CMM:p89:0,165,280,445,0
539,\n\n,CMM:p89:0,CMM:p89:1,280,299,580,1
540,\n\n,CMM:p89:1,CMM:p89:2,299,241,541,1
541,\n\n,CMM:p89:2,CMM:p89:3,241,65,307,1
542,\n\n,CMM:p89:3,CMM:p90:0,65,220,285,0
543,\n\n,CMM:p90:0,CMM:p90:1,220,45,265,0
544,\n\n,CMM:p90:1,CMM:p90:2,45,263,308,0
545,\n\n,CMM:p90:2,CMM:p90:3,263,219,483,1
546,\n\n,CMM:p90:3,CMM:p91:0,219,236,455,0
547,\n\n,CMM:p91:0,CMM:p91:1,236,253,490,1
548,\n\n,CMM:p91:1,CMM:p91:2,253,145,398,0
549,\n\n,CMM:p91:2,CMM:p92:0,145,226,371,0
550,\n\n,CMM:p92:0,CMM:p92:1,226,253,480,1
551,\n\n,CMM:p92:1,CMM:p92:2,253,241,495,1
552,\n\n,CMM:p92:2,CMM:p92:3,241,89,331,1
553,\n\n,CMM:p92:3,CMM:p93:0,89,112,202,1
554,\n\n,CMM:p93:0,CMM:p93:1,112,248,360,0
555,\n\n,CMM:p93:1,CMM:p93:2,248,182,430,0
556,\n\n,CMM:p93:2,CMM:p93:3,182,291,473,0
557,\n\n,CMM:p93:3,CMM:p94:0,291,236,527,0
558,\n\n,CMM:p94:0,CMM:p94:1,236,266,502,0
559,\n\n,CMM:p94:1,CMM:p94:2,266,258,525,1
560,\n\n,CMM:p94:2,CMM:p94:3,258,135,394,1
561,\n\n,CMM:p94:3,CMM:p95:0,135,268,403,0
562,\n\n,CMM:p95:0,CMM:p95:1,268,283,551,0
563,\n\n,CMM:p95:1,CMM:p95:2,283,290,573,0
564,\n\n,CMM:p95:2,CMM:p95:3,290,70,361,1
565,\n\n,CMM:p95:3,CMM:p96:0,70,93,163,0
566,\n\n,CMM:p96:0,CMM:p96:1,93,243,336,0
567,\n\n,CMM:p96:1,CMM:p96:2,243,270,513,0
568,\n\n,CMM:p96:2,CMM:p96:3,270,239,509,0
569,\n\n,CMM:p96:3,CMM:p97:0,239,289,528,0
570,\n\n,CMM:p97:0,CMM:p97:1,289,120,410,1
571,\n\n,CMM:p97:1,CMM:p97:2,120,299,419,0
572,\n\n,CMM:p97:2,CMM:p97:3,299,99,398,0
573,\n\n,CMM:p97:3,CMM:p98:0,99,214,313,0
574,\n\n,CMM:p98:0,CMM:p98:1,214,132,347,1
575,\n\n,CMM:p98:1,CMM:p98:2,132,242,374,0
576,\n\n,CMM:p98:2,CMM:p98:3,242,165,407,0
577,\n\n,CMM:p98:3,CMM:p99:0,165,169,334,0
578,\n\n,CMM:p99:0,CMM:p99:1,169,249,418,0
579,\n\n,CMM:p99:1,CMM:p99:2,249,273,522,0
580,\n\n,CMM:p99:2,CMM:p99:3,273,120,394,1
581,\n\n,CMM:p99:3,CMM:p99:4,120,67,187,0
582,\n\n,CMM:p99:4,CMM:p100:0,67,141,208,0
583,\n\n,CMM:p100:0,CMM:p100:1,141,253,394,0
584,\n\n,CMM:p100:1,CMM:p100:2,253,234,488,1
585,\n\n,CMM:p100:2,CMM:p100:3,234,51,286,1
586,\n\n,CMM:p100:3,CMM:p100:4,51,119,170,0
587,\n\n,CMM:p100:4,CMM:p101:0,119,266,385,0
588,\n\n,CMM:p101:0,CMM:p101:1,266,109,375,0
589,\n\n,CMM:p101:1,CMM:p101:2,109,251,360,0
590,\n\n,CMM:p101:2,CMM:p101:3,251,147,398,0
591,\n\n,CMM:p101:3,CMM:p102:0,147,260,407,0
592,\n\n,CMM:p102:0,CMM:p102:1,260,189,449,0
593,\n\n,CMM:p102:1,CMM:p103:0,189,373,562,0
594,\n\n,CMM:p103:0,CMM:p103:1,373,76,450,1
595,\n\n,CMM:p103:1,CMM:p104:0,76,427,504,1
596,\n\n,CMM:p104:0,CMM:p105:0,427,479,907,1
597,\n\n,CMM:p105:0,CMM:p106:0,479,495,975,1
598,\n\n,CMM:p106:0,CMM:p107:0,495,324,820,1
599,\n\n,CMM:p107:0,CMM:p108:0,324,432,757,1
600,\n\n,CMM:p108:0,CMM:p109:0,432,514,947,1
601,\n\n,CMM:p109:0,CMM:p110:0,514,295,810,1
602,\n\n,CMM:p110:0,CMM:p111:0,295,128,424,1
603,\n\n,CMM:p111:0,CMM:p112:0,128,38,166,0
604,\n\n,CMM:p112:0,CMM:p113:0,38,325,364,1
605,\n\n,CMM:p113:0,CMM:p113:1,325,329,655,1
606,\n\n,CMM:p113:1,CMM:p113:2,329,301,631,1
607,\n\n,CMM:p113:2,CMM:p113:3,301,102,404,1
608,\n\n,CMM:p113:3,CMM:p114:0,102,324,427,1
609,\n\n,CMM:p114:0,CMM:p114:1,324,325,650,1
610,\n\n,CMM:p114:1,CMM:p114:2,325,302,628,1
611,\n\n,CMM:p114:2,CMM:p114:3,302,123,426,1
612,\n\n,CMM:p114:3,CMM:p115:0,123,311,435,1
613,\n\n,CMM:p115:0,CMM:p115:1,311,279,591,1
614,\n\n,CMM:p115:1,CMM:p115:2,279,232,512,1
615,\n\n,CMM:p115:2,CMM:p116:0,232,319,552,1
616,\n\n,CMM:p116:0,CMM:p116:1,319,317,637,1
617,\n\n,CMM:p116:1,CMM:p116:2,317,293,611,1
618,\n\n,CMM:p116:2,CMM:p116:3,293,112,406,1
619,\n\n,CMM:p116:3,CMM:p117:0,112,35,148,1
620,\n\n,CMM:p117:0,CMM:p118:0,35,299,335,1
621,\n\n,CMM:p118:0,CMM:p118:1,299,293,593,1
622,\n\n,CMM:p118:1,CMM:p118:2,293,163,457,1
623,\n\n,CMM:p118:2,CMM:p119:0,163,327,491,1
624,\n\n,CMM:p119:0,CMM:p119:1,327,306,633,0
625,\n\n,CMM:p119:1,CMM:p119:2,306,284,591,1
626,\n\n,CMM:p119:2,CMM:p119:3,284,34,318,0
627,\n\n,CMM:p119:3,CMM:p120:0,34,136,171,1
628,\n\n,CMM:p120:0,CMM:p121:0,136,111,248,1
629,\n\n,CMM:p121:0,CMM:p122:0,111,36,148,1
630,\n\n,CMM:p122:0,CMM:p123:0,36,138,175,1
631,\n\n,CMM:p123:0,CMM:p123:1,138,67,206,1
632,\n\n,CMM:p123:1,CMM:p124:0,67,116,184,1
633,\n\n,CMM:p124:0,CMM:p124:1,116,81,198,1
634,\n\n,CMM:p124:1,CMM:p125:0,81,126,207,0
635,\n\n,CMM:p125:0,CMM:p126:0,126,113,240,1
636,\n\n,CMM:p126:0,CMM:p126:1,113,30,144,1
637,\n\n,CMM:p126:1,CMM:p127:0,30,162,193,1
638,\n\n,CMM:p127:0,CMM:p128:0,162,92,255,1
639,\n\n,CMM:p128:0,CMM:p129:0,92,96,189,1
640,\n\n,CMM:p129:0,CMM:p130:0,96,322,419,1
641,\n\n,CMM:p130:0,CMM:p131:0,322,294,617,1
642,\n\n,CMM:p131:0,CMM:p131:1,294,248,543,1
643,\n\n,CMM:p131:1,CMM:p132:0,248,346,595,1
644,\n\n,CMM:p132:0,CMM:p132:1,346,231,578,1
645,\n\n,CMM:p132:1,CMM:p133:0,231,251,483,1
646,\n\n,CMM:p133:0,EMM:p2:0,251,266,518,1
647,\n\n,EMM:p2:0,EMM:p2:1,266,262,529,1
648,\n\n,EMM:p2:1,EMM:p2:2,262,260,522,0
649,\n\n,EMM:p2:2,EMM:p2:3,260,221,482,1
650,\n\n,EMM:p2:3,EMM:p3:0,221,140,362,1
651,\n\n,EMM:p3:0,EMM:p3:1,140,283,424,1
652,\n\n,EMM:p3:1,EMM:p4:0,283,200,484,1
653,\n\n,EMM:p4:0,EMM:p4:1,200,313,514,1
654,\n\n,EMM:p4:1,EMM:p5:0,313,201,515,1
655,\n\n,EMM:p5:0,EMM:p5:1,201,287,489,1
656,\n\n,EMM:p5:1,EMM:p6:0,287,290,578,1
657,\n\n,EMM:p6:0,EMM:p6:1,290,118,409,1
658,\n\n,EMM:p6:1,EMM:p7:0,118,147,266,1
659,\n\n,EMM:p7:0,EMM:p7:1,147,344,492,1
660,\n\n,EMM:p7:1,EMM:p8:0,344,273,618,1
661,\n\n,EMM:p8:0,EMM:p9:0,273,325,599,1
662,\n\n,EMM:p9:0,EMM:p9:1,325,91,417,1
663,\n\n,EMM:p9:1,EMM:p10:0,91,204,296,1
664,\n\n,EMM:p10:0,EMM:p10:1,204,366,571,1
665,\n\n,EMM:p10:1,EMM:p10:2,366,71,437,0
666,\n\n,EMM:p10:2,EMM:p11:0,71,350,422,1
667,\n\n,EMM:p11:0,EMM:p11:1,350,145,496,1
668,\n\n,EMM:p11:1,EMM:p12:0,145,236,382,1
669,\n\n,EMM:p12:0,EMM:p12:1,236,257,494,1
670,\n\n,EMM:p12:1,EMM:p12:2,257,166,424,1
671,\n\n,EMM:p12:2,EMM:p13:0,166,363,530,1
672,\n\n,EMM:p13:0,EMM:p13:1,363,207,571,1
673,\n\n,EMM:p13:1,EMM:p14:0,207,240,447,0
674,\n\n,EMM:p14:0,EMM:p14:1,240,181,421,0
675,\n\n,EMM:p14:1,EMM:p15:0,181,236,418,1
676,\n\n,EMM:p15:0,EMM:p15:1,236,175,412,1
677,\n\n,EMM:p15:1,EMM:p16:0,175,212,387,0
678,\n\n,EMM:p16:0,EMM:p16:1,212,153,366,1
679,\n\n,EMM:p16:1,EMM:p17:0,153,268,421,0
680,\n\n,EMM:p17:0,EMM:p18:0,268,123,391,0
681,\n\n,EMM:p18:0,EMM:p18:1,123,253,377,1
682,\n\n,EMM:p18:1,EMM:p19:0,253,115,368,0
683,\n\n,EMM:p19:0,EMM:p20:0,115,303,419,1
684,\n\n,EMM:p20:0,EMM:p20:1,303,121,424,0
685,\n\n,EMM:p20:1,EMM:p21:0,121,246,368,1
686,\n\n,EMM:p21:0,EMM:p22:0,246,147,393,0
687,\n\n,EMM:p22:0,EMM:p22:1,147,308,455,0
688,\n\n,EMM:p22:1,EMM:p22:2,308,98,407,1
689,\n\n,EMM:p22:2,EMM:p23:0,98,115,213,0
690,\n\n,EMM:p23:0,EMM:p23:1,115,282,397,0
691,\n\n,EMM:p23:1,EMM:p23:2,282,60,343,1
692,\n\n,EMM:p23:2,EMM:p23:3,60,252,312,0
693,\n\n,EMM:p23:3,EMM:p24:0,252,140,392,0
694,\n\n,EMM:p24:0,EMM:p24:1,140,300,440,0
695,\n\n,EMM:p24:1,EMM:p24:2,300,51,351,0
696,\n\n,EMM:p24:2,EMM:p25:0,51,242,293,0
697,\n\n,EMM:p25:0,EMM:p25:1,242,297,539,0
698,\n\n,EMM:p25:1,EMM:p26:0,297,179,476,0
699,\n\n,EMM:p26:0,EMM:p27:0,179,199,378,0
700,\n\n,EMM:p27:0,EMM:p27:1,199,193,393,1
701,\n\n,EMM:p27:1,EMM:p27:2,193,152,345,0
702,\n\n,EMM:p27:2,EMM:p28:0,152,191,343,0
703,\n\n,EMM:p28:0,EMM:p28:1,191,187,378,0
704,\n\n,EMM:p28:1,EMM:p29:0,187,244,431,0
705,\n\n,EMM:p29:0,EMM:p29:1,244,199,443,0
706,\n\n,EMM:p29:1,EMM:p29:2,199,159,358,0
707,\n\n,EMM:p29:2,EMM:p30:0,159,213,373,1
708,\n\n,EMM:p30:0,EMM:p30:1,213,226,439,0
709,\n\n,EMM:p30:1,EMM:p30:2,226,148,374,0
710,\n\n,EMM:p30:2,EMM:p31:0,148,152,300,0
711,\n\n,EMM:p31:0,EMM:p31:1,152,188,340,0
712,\n\n,EMM:p31:1,EMM:p31:2,188,81,270,1
713,\n\n,EMM:p31:2,EMM:p32:0,81,253,334,0
714,\n\n,EMM:p32:0,EMM:p32:1,253,255,508,0
715,\n\n,EMM:p32:1,EMM:p32:2,255,54,309,0
716,\n\n,EMM:p32:2,EMM:p33:0,54,308,362,0
717,\n\n,EMM:p33:0,EMM:p33:1,308,77,385,0
718,\n\n,EMM:p33:1,EMM:p34:0,77,243,320,0
719,\n\n,EMM:p34:0,EMM:p34:1,243,138,381,0
720,\n\n,EMM:p34:1,EMM:p35:0,138,169,307,0
721,\n\n,EMM:p35:0,EMM:p35:1,169,200,370,1
722,\n\n,EMM:p35:1,EMM:p35:2,200,160,361,1
723,\n\n,EMM:p35:2,EMM:p35:3,160,93,254,1
724,\n\n,EMM:p35:3,EMM:p36:0,93,155,248,0
725,\n\n,EMM:p36:0,EMM:p36:1,155,149,305,1
726,\n\n,EMM:p36:1,EMM:p36:2,149,130,280,1
727,\n\n,EMM:p36:2,EMM:p36:3,130,111,242,1
728,\n\n,EMM:p36:3,EMM:p37:0,111,182,293,0
729,\n\n,EMM:p37:0,EMM:p37:1,182,145,328,1
730,\n\n,EMM:p37:1,EMM:p37:2,145,156,301,0
731,\n\n,EMM:p37:2,EMM:p37:3,156,161,317,0
732,\n\n,EMM:p37:3,EMM:p38:0,161,197,358,0
733,\n\n,EMM:p38:0,EMM:p38:1,197,156,354,1
734,\n\n,EMM:p38:1,EMM:p38:2,156,145,301,0
735,\n\n,EMM:p38:2,EMM:p39:0,145,217,362,0
736,\n\n,EMM:p39:0,EMM:p39:1,217,223,440,0
737,\n\n,EMM:p39:1,EMM:p39:2,223,128,352,1
738,\n\n,EMM:p39:2,EMM:p40:0,128,233,362,1
739,\n\n,EMM:p40:0,EMM:p40:1,233,277,510,0
740,\n\n,EMM:p40:1,EMM:p41:0,277,188,466,1
741,\n\n,EMM:p41:0,EMM:p42:0,188,220,408,0
742,\n\n,EMM:p42:0,EMM:p42:1,220,167,388,1
743,\n\n,EMM:p42:1,EMM:p43:0,167,220,387,0
744,\n\n,EMM:p43:0,EMM:p43:1,220,199,419,0
745,\n\n,EMM:p43:1,EMM:p43:2,199,70,270,1
746,\n\n,EMM:p43:2,EMM:p44:0,70,298,368,0
747,\n\n,EMM:p44:0,EMM:p45:0,298,305,603,0
748,\n\n,EMM:p45:0,EMM:p46:0,305,240,545,0
749,\n\n,EMM:p46:0,EMM:p46:1,240,174,414,0
750,\n\n,EMM:p46:1,EMM:p46:2,174,38,212,0
751,\n\n,EMM:p46:2,EMM:p47:0,38,238,276,0
752,\n\n,EMM:p47:0,EMM:p47:1,238,44,283,1
753,\n\n,EMM:p47:1,EMM:p48:0,44,78,122,0
754,\n\n,EMM:p48:0,EMM:p49:0,78,184,262,0
755,\n\n,EMM:p49:0,EMM:p49:1,184,245,429,0
756,\n\n,EMM:p49:1,EMM:p50:0,245,220,465,0
757,\n\n,EMM:p50:0,EMM:p51:0,220,258,478,0
758,\n\n,EMM:p51:0,EMM:p51:1,258,237,495,0
759,\n\n,EMM:p51:1,EMM:p52:0,237,188,425,0
760,\n\n,EMM:p52:0,EMM:p52:1,188,290,478,0
761,\n\n,EMM:p52:1,EMM:p53:0,290,274,564,0
762,\n\n,EMM:p53:0,EMM:p53:1,274,219,493,0
763,\n\n,EMM:p53:1,EMM:p53:2,219,140,360,1
764,\n\n,EMM:p53:2,EMM:p54:0,140,263,403,0
765,\n\n,EMM:p54:0,EMM:p54:1,263,276,539,0
766,\n\n,EMM:p54:1,EMM:p55:0,276,153,430,1
767,\n\n,EMM:p55:0,EMM:p56:0,153,107,260,0
768,\n\n,EMM:p56:0,EMM:p56:1,107,254,361,0
769,\n\n,EMM:p56:1,EMM:p56:2,254,302,557,1
770,\n\n,EMM:p56:2,EMM:p57:0,302,219,521,0
771,\n\n,EMM:p57:0,EMM:p57:1,219,291,510,0
772,\n\n,EMM:p57:1,EMM:p58:0,291,213,504,0
773,\n\n,EMM:p58:0,EMM:p58:1,213,261,474,0
774,\n\n,EMM:p58:1,EMM:p59:0,261,91,352,0
775,\n\n,EMM:p59:0,EMM:p59:1,91,222,313,0
776,\n\n,EMM:p59:1,EMM:p59:2,222,181,403,0
777,\n\n,EMM:p59:2,EMM:p60:0,181,237,418,0
778,\n\n,EMM:p60:0,EMM:p60:1,237,157,394,0
779,\n\n,EMM:p60:1,EMM:p61:0,157,172,329,0
780,\n\n,EMM:p61:0,EMM:p61:1,172,271,443,0
781,\n\n,EMM:p61:1,EMM:p61:2,271,36,307,0
782,\n\n,EMM:p61:2,EMM:p62:0,36,211,247,0
783,\n\n,EMM:p62:0,EMM:p62:1,211,250,462,1
784,\n\n,EMM:p62:1,EMM:p63:0,250,267,517,0
785,\n\n,EMM:p63:0,EMM:p63:1,267,215,482,0
786,\n\n,EMM:p63:1,EMM:p64:0,215,258,474,1
787,\n\n,EMM:p64:0,EMM:p64:1,258,131,389,0
788,\n\n,EMM:p64:1,EMM:p65:0,131,283,414,0
789,\n\n,EMM:p65:0,EMM:p65:1,283,31,314,0
790,\n\n,EMM:p65:1,EMM:p66:0,31,221,252,0
791,\n\n,EMM:p66:0,EMM:p66:1,221,225,446,0
792,\n\n,EMM:p66:1,EMM:p67:0,225,111,336,0
793,\n\n,EMM:p67:0,EMM:p68:0,111,244,356,1
794,\n\n,EMM:p68:0,EMM:p68:1,244,250,494,0
795,\n\n,EMM:p68:1,EMM:p69:0,250,164,414,0
796,\n\n,EMM:p69:0,EMM:p69:1,164,127,291,0
797,\n\n,EMM:p69:1,EMM:p69:2,127,46,173,0
798,\n\n,EMM:p69:2,EMM:p69:3,46,194,240,0
799,\n\n,EMM:p69:3,EMM:p70:0,194,288,482,0
800,\n\n,EMM:p70:0,EMM:p70:1,288,185,473,0
801,\n\n,EMM:p70:1,EMM:p71:0,185,300,485,0
802,\n\n,EMM:p71:0,EMM:p72:0,300,264,564,0
803,\n\n,EMM:p72:0,EMM:p72:1,264,230,494,0
804,\n\n,EMM:p72:1,EMM:p72:2,230,43,274,1
805,\n\n,EMM:p72:2,EMM:p73:0,43,327,370,0
806,\n\n,EMM:p73:0,EMM:p74:0,327,185,513,1
807,\n\n,EMM:p74:0,EMM:p74:1,185,142,327,0
808,\n\n,EMM:p74:1,EMM:p75:0,142,268,410,0
809,\n\n,EMM:p75:0,EMM:p76:0,268,201,470,1
810,\n\n,EMM:p76:0,EMM:p77:0,201,269,470,0
811,\n\n,EMM:p77:0,EMM:p77:1,269,178,447,0
812,\n\n,EMM:p77:1,EMM:p77:2,178,38,217,1
813,\n\n,EMM:p77:2,EMM:p78:0,38,254,292,0
814,\n\n,EMM:p78:0,EMM:p78:1,254,248,502,0
815,\n\n,EMM:p78:1,EMM:p79:0,248,202,450,0
816,\n\n,EMM:p79:0,EMM:p79:1,202,80,282,0
817,\n\n,EMM:p79:1,EMM:p79:2,80,220,300,0
818,\n\n,EMM:p79:2,EMM:p80:0,220,242,462,0
819,\n\n,EMM:p80:0,EMM:p80:1,242,145,388,1
820,\n\n,EMM:p80:1,EMM:p81:0,145,186,331,0
821,\n\n,EMM:p81:0,EMM:p82:0,186,179,365,0
822,\n\n,EMM:p82:0,EMM:p83:0,179,217,396,0
823,\n\n,EMM:p83:0,EMM:p83:1,217,81,298,0
824,\n\n,EMM:p83:1,EMM:p83:2,81,204,285,0
825,\n\n,EMM:p83:2,EMM:p83:3,204,50,254,0
826,\n\n,EMM:p83:3,EMM:p84:0,50,272,322,0
827,\n\n,EMM:p84:0,EMM:p84:1,272,101,373,0
828,\n\n,EMM:p84:1,EMM:p85:0,101,174,275,0
829,\n\n,EMM:p85:0,EMM:p86:0,174,245,419,0
830,\n\n,EMM:p86:0,EMM:p86:1,245,112,358,1
831,\n\n,EMM:p86:1,EMM:p87:0,112,169,281,0
832,\n\n,EMM:p87:0,EMM:p88:0,169,131,300,0
833,\n\n,EMM:p88:0,EMM:p88:1,131,115,247,1
834,\n\n,EMM:p88:1,EMM:p88:2,115,122,238,1
835,\n\n,EMM:p88:2,EMM:p89:0,122,189,311,0
836,\n\n,EMM:p89:0,EMM:p89:1,189,209,398,0
837,\n\n,EMM:p89:1,EMM:p90:0,209,280,489,0
838,\n\n,EMM:p90:0,EMM:p90:1,280,87,367,0
839,\n\n,EMM:p90:1,EMM:p91:0,87,154,241,0
840,\n\n,EMM:p91:0,EMM:p91:1,154,197,351,0
841,\n\n,EMM:p91:1,EMM:p91:2,197,73,270,0
842,\n\n,EMM:p91:2,EMM:p92:0,73,276,349,0
843,\n\n,EMM:p92:0,EMM:p92:1,276,137,413,0
844,\n\n,EMM:p92:1,EMM:p93:0,137,311,448,0
845,\n\n,EMM:p93:0,EMM:p93:1,311,127,439,1
846,\n\n,EMM:p93:1,EMM:p94:0,127,240,367,0
847,\n\n,EMM:p94:0,EMM:p94:1,240,146,386,0
848,\n\n,EMM:p94:1,EMM:p95:0,146,271,417,0
849,\n\n,EMM:p95:0,EMM:p96:0,271,266,538,1
850,\n\n,EMM:p96:0,EMM:p96:1,266,89,355,0
851,\n\n,EMM:p96:1,EMM:p97:0,89,222,311,0
852,\n\n,EMM:p97:0,EMM:p97:1,222,274,496,0
853,\n\n,EMM:p97:1,EMM:p97:2,274,59,333,0
854,\n\n,EMM:p97:2,EMM:p98:0,59,199,258,0
855,\n\n,EMM:p98:0,EMM:p98:1,199,191,390,0
856,\n\n,EMM:p98:1,EMM:p98:2,191,60,251,0
857,\n\n,EMM:p98:2,EMM:p99:0,60,226,286,0
858,\n\n,EMM:p99:0,EMM:p99:1,226,127,354,1
859,\n\n,EMM:p99:1,EMM:p100:0,127,289,416,0
860,\n\n,EMM:p100:0,EMM:p100:1,289,110,400,1
861,\n\n,EMM:p100:1,EMM:p101:0,110,254,365,1
862,\n\n,EMM:p101:0,EMM:p101:1,254,237,491,0
863,\n\n,EMM:p101:1,EMM:p102:0,237,225,462,0
864,\n\n,EMM:p102:0,EMM:p102:1,225,168,394,1
865,\n\n,EMM:p102:1,EMM:p102:2,168,62,231,1
866,\n\n,EMM:p102:2,EMM:p102:3,62,95,157,0
867,\n\n,EMM:p102:3,EMM:p104:0,95,162,257,0
868,\n\n,EMM:p104:0,EMM:p105:0,162,306,468,0
869,\n\n,EMM:p105:0,EMM:p106:0,306,268,574,0
870,\n\n,EMM:p106:0,EMM:p106:1,268,173,442,1
871,\n\n,EMM:p106:1,EMM:p107:0,173,229,402,0
872,\n\n,EMM:p107:0,EMM:p107:1,229,171,400,0
873,\n\n,EMM:p107:1,EMM:p107:2,171,94,266,1
874,\n\n,EMM:p107:2,EMM:p108:0,94,222,316,0
875,\n\n,EMM:p108:0,EMM:p108:1,222,184,407,1
876,\n\n,EMM:p108:1,EMM:p109:0,184,184,368,0
877,\n\n,EMM:p109:0,EMM:p110:0,184,90,274,0
878,\n\n,EMM:p110:0,EMM:p111:0,90,211,301,0
879,\n\n,EMM:p111:0,EMM:p112:0,211,52,263,0
880,\n\n,EMM:p112:0,EMM:p114:0,52,108,161,1
881,\n\n,EMM:p114:0,EMM:p115:0,108,168,277,1
882,\n\n,EMM:p115:0,EMM:p116:0,168,145,313,0
883,\n\n,EMM:p116:0,EMM:p117:0,145,313,458,0
884,\n\n,EMM:p117:0,EMM:p118:0,313,138,451,0
885,\n\n,EMM:p118:0,EMM:p119:0,138,222,361,1
886,\n\n,EMM:p119:0,EMM:p120:0,222,108,331,1
887,\n\n,EMM:p120:0,EMM:p121:0,108,77,186,1
888,\n\n,EMM:p121:0,EMM:p121:1,77,159,237,1
889,\n\n,EMM:p121:1,EMM:p121:2,159,52,211,0
890,\n\n,EMM:p121:2,EMM:p121:3,52,208,260,0
891,\n\n,EMM:p121:3,EMM:p122:0,208,281,489,0
892,\n\n,EMM:p122:0,EMM:p123:0,281,105,386,0
893,\n\n,EMM:p123:0,EMM:p123:1,105,206,312,1
894,\n\n,EMM:p123:1,EMM:p123:2,206,66,273,1
895,\n\n,EMM:p123:2,EMM:p124:0,66,104,170,0
896,\n\n,EMM:p124:0,EMM:p125:0,104,252,356,0
897,\n\n,EMM:p125:0,EMM:p125:1,252,114,366,0
898,\n\n,EMM:p125:1,EMM:p126:0,114,285,399,0
899,\n\n,EMM:p126:0,EMM:p126:1,285,153,438,0
900,\n\n,EMM:p126:1,EMM:p127:0,153,262,416,1
901,\n\n,EMM:p127:0,EMM:p128:0,262,67,329,0
902,\n\n,EMM:p128:0,EMM:p128:1,67,307,374,0
903,\n\n,EMM:p128:1,EMM:p128:2,307,302,610,1
904,\n\n,EMM:p128:2,EMM:p128:3,302,86,388,0
905,\n\n,EMM:p128:3,EMM:p129:0,86,251,337,0
906,\n\n,EMM:p129:0,EMM:p130:0,251,274,525,0
907,\n\n,EMM:p130:0,EMM:p130:1,274,133,407,0
908,\n\n,EMM:p130:1,EMM:p131:0,133,200,333,0
909,\n\n,EMM:p131:0,EMM:p131:1,200,335,535,0
910,\n\n,EMM:p131:1,EMM:p132:0,335,221,556,0
911,\n\n,EMM:p132:0,EMM:p132:1,221,112,334,1
912,\n\n,EMM:p132:1,EMM:p133:0,112,294,406,0
913,\n\n,EMM:p133:0,EMM:p133:1,294,75,370,1
914,\n\n,EMM:p133:1,EMM:p134:0,75,275,350,0
915,\n\n,EMM:p134:0,EMM:p134:1,275,61,336,0
916,\n\n,EMM:p134:1,EMM:p134:2,61,120,181,0
917,\n\n,EMM:p134:2,EMM:p135:0,120,269,389,0
918,\n\n,EMM:p135:0,EMM:p135:1,269,236,506,1
919,\n\n,EMM:p135:1,EMM:p136:0,236,303,539,0
920,\n\n,EMM:p136:0,EMM:p136:1,303,156,460,1
921,\n\n,EMM:p136:1,EMM:p137:0,156,288,444,0
922,\n\n,EMM:p137:0,EMM:p137:1,288,173,461,0
923,\n\n,EMM:p137:1,EMM:p138:0,173,299,472,0
924,\n\n,EMM:p138:0,EMM:p138:1,299,264,563,0
925,\n\n,EMM:p138:1,EMM:p139:0,264,240,504,0
926,\n\n,EMM:p139:0,EMM:p139:1,240,239,479,0
927,\n\n,EMM:p139:1,EMM:p140:0,239,300,540,1
928,\n\n,EMM:p140:0,EMM:p140:1,300,80,381,1
929,\n\n,EMM:p140:1,EMM:p141:0,80,238,318,0
930,\n\n,EMM:p141:0,EMM:p142:0,238,289,527,0
931,\n\n,EMM:p142:0,EMM:p142:1,289,88,377,0
932,\n\n,EMM:p142:1,EMM:p143:0,88,144,232,0
933,\n\n,EMM:p143:0,EMM:p144:0,144,47,191,0
934,\n\n,EMM:p144:0,EMM:p145:0,47,281,329,1
935,\n\n,EMM:p145:0,EMM:p145:1,281,89,370,0
936,\n\n,EMM:p145:1,EMM:p146:0,89,279,368,0
937,\n\n,EMM:p146:0,EMM:p146:1,279,87,366,0
938,\n\n,EMM:p146:1,EMM:p147:0,87,289,376,0
939,\n\n,EMM:p147:0,EMM:p147:1,289,96,386,1
940,\n\n,EMM:p147:1,EMM:p148:0,96,131,228,1
941,\n\n,EMM:p148:0,EMM:p149:0,131,34,165,0
942,\n\n,EMM:p149:0,EMM:p149:1,34,151,185,0
943,\n\n,EMM:p149:1,EMM:p149:2,151,75,226,0
944,\n\n,EMM:p149:2,EMM:p149:3,75,107,182,0
945,\n\n,EMM:p149:3,EMM:p150:0,107,175,282,0
946,\n\n,EMM:p150:0,EMM:p150:1,175,224,399,0
947,\n\n,EMM:p150:1,EMM:p150:2,224,83,308,1
948,\n\n,EMM:p150:2,EMM:p151:0,83,252,335,0
949,\n\n,EMM:p151:0,EMM:p151:1,252,91,343,0
950,\n\n,EMM:p151:1,EMM:p152:0,91,270,361,0
951,\n\n,EMM:p152:0,EMM:p152:1,270,229,500,1
952,\n\n,EMM:p152:1,EMM:p153:0,229,232,461,0
953,\n\n,EMM:p153:0,EMM:p153:1,232,251,483,0
954,\n\n,EMM:p153:1,EMM:p154:0,251,215,466,0
955,\n\n,EMM:p154:0,EMM:p155:0,215,262,477,0
956,\n\n,EMM:p155:0,EMM:p155:1,262,220,482,0
957,\n\n,EMM:p155:1,EMM:p156:0,220,67,287,0
958,\n\n,EMM:p156:0,EMM:p156:1,67,324,391,0
959,\n\n,EMM:p156:1,EMM:p156:2,324,187,511,0
960,\n\n,EMM:p156:2,EMM:p157:0,187,289,476,0
961,\n\n,EMM:p157:0,EMM:p157:1,289,175,465,1
962,\n\n,EMM:p157:1,EMM:p158:0,175,189,365,1
963,\n\n,EMM:p158:0,EMM:p159:0,189,311,500,0
964,\n\n,EMM:p159:0,EMM:p160:0,311,298,609,0
965,\n\n,EMM:p160:0,EMM:p160:1,298,192,490,0
966,\n\n,EMM:p160:1,EMM:p161:0,192,263,455,0
967,\n\n,EMM:p161:0,EMM:p161:1,263,183,446,0
968,\n\n,EMM:p161:1,EMM:p162:0,183,208,391,0
969,\n\n,EMM:p162:0,EMM:p162:1,208,297,505,0
970,\n\n,EMM:p162:1,EMM:p163:0,297,286,583,0
971,\n\n,EMM:p163:0,EMM:p163:1,286,266,552,0
972,\n\n,EMM:p163:1,EMM:p164:0,266,305,571,0
973,\n\n,EMM:p164:0,EMM:p164:1,305,191,497,1
974,\n\n,EMM:p164:1,EMM:p165:0,191,273,464,0
975,\n\n,EMM:p165:0,EMM:p165:1,273,215,488,0
976,\n\n,EMM:p165:1,EMM:p166:0,215,173,388,0
977,\n\n,EMM:p166:0,EMM:p166:1,173,341,515,1
978,\n\n,EMM:p166:1,EMM:p167:0,341,280,621,0
979,\n\n,EMM:p167:0,EMM:p167:1,280,215,495,0
980,\n\n,EMM:p167:1,EMM:p168:0,215,283,498,0
981,\n\n,EMM:p168:0,EMM:p168:1,283,39,322,0
982,\n\n,EMM:p168:1,EMM:p169:0,39,279,318,0
983,\n\n,EMM:p169:0,EMM:p169:1,279,153,433,1
984,\n\n,EMM:p169:1,EMM:p170:0,153,185,338,0
985,\n\n,EMM:p170:0,EMM:p170:1,185,149,334,0
986,\n\n,EMM:p170:1,EMM:p171:0,149,227,377,1
987,\n\n,EMM:p171:0,EMM:p172:0,227,203,430,0
988,\n\n,EMM:p172:0,EMM:p173:0,203,253,456,0
989,\n\n,EMM:p173:0,EMM:p173:1,253,48,302,1
990,\n\n,EMM:p173:1,ERM:p1:0,48,344,393,1
991,\n\n,ERM:p1:0,ERM:p1:1,344,65,410,1
992,\n\n,ERM:p1:1,ERM:p2:0,65,370,436,1
993,\n\n,ERM:p2:0,ERM:p2:1,370,91,462,1
994,\n\n,ERM:p2:1,ERM:p3:0,91,369,461,1
995,\n\n,ERM:p3:0,ERM:p3:1,369,73,443,1
996,\n\n,ERM:p3:1,ERM:p4:0,73,358,432,1
997,\n\n,ERM:p4:0,ERM:p4:1,358,170,529,1
998,\n\n,ERM:p4:1,ERM:p5:0,170,388,559,1
999,\n\n,ERM:p5:0,ERM:p5:1,388,96,485,1
1000,\n\n,ERM:p5:1,ERM:p6:0,96,389,485,0
1001,\n\n,ERM:p6:0,ERM:p7:0,389,324,714,1
1002,\n\n,ERM:p7:0,ERM:p7:1,324,319,644,1
1003,\n\n,ERM:p7:1,ERM:p7:2,319,255,575,1
1004,\n\n,ERM:p7:2,ERM:p7:3,255,168,424,1
1005,\n\n,ERM:p7:3,ERM:p8:0,168,266,435,1
1006,\n\n,ERM:p8:0,ERM:p8:1,266,53,320,1
1007,\n\n,ERM:p8:1,ERM:p9:0,53,266,320,1
1008,\n\n,ERM:p9:0,ERM:p9:1,266,105,371,0
1009,\n\n,ERM:p9:1,ERM:p10:0,105,41,146,0
1010,\n\n,ERM:p10:0,ERM:p10:1,41,296,338,1
1011,\n\n,ERM:p10:1,ERM:p10:2,296,100,397,1
1012,\n\n,ERM:p10:2,ERM:p10:3,100,107,207,0
1013,\n\n,ERM:p10:3,ERM:p11:0,107,145,252,0
1014,\n\n,ERM:p11:0,ERM:p12:0,145,248,393,0
1015,\n\n,ERM:p12:0,ERM:p12:1,248,268,516,0
1016,\n\n,ERM:p12:1,ERM:p13:0,268,255,523,0
1017,\n\n,ERM:p13:0,ERM:p13:1,255,95,351,1
1018,\n\n,ERM:p13:1,ERM:p13:2,95,95,191,1
1019,\n\n,ERM:p13:2,ERM:p14:0,95,303,398,0
1020,\n\n,ERM:p14:0,ERM:p14:1,303,173,476,0
1021,\n\n,ERM:p14:1,ERM:p15:0,173,46,219,0
1022,\n\n,ERM:p15:0,ERM:p16:0,46,85,132,1
1023,\n\n,ERM:p16:0,ERM:p17:0,85,296,382,1
1024,\n\n,ERM:p17:0,ERM:p17:1,296,227,524,1
1025,\n\n,ERM:p17:1,ERM:p18:0,227,285,512,0
1026,\n\n,ERM:p18:0,ERM:p18:1,285,153,438,0
1027,\n\n,ERM:p18:1,ERM:p19:0,153,78,232,1
1028,\n\n,ERM:p19:0,ERM:p19:1,78,108,187,1
1029,\n\n,ERM:p19:1,ERM:p19:2,108,246,355,1
1030,\n\n,ERM:p19:2,ERM:p19:3,246,200,447,1
1031,\n\n,ERM:p19:3,ERM:p19:4,200,242,443,1
1032,\n\n,ERM:p19:4,ERM:p19:5,242,160,403,1
1033,\n\n,ERM:p19:5,ERM:p20:0,160,179,340,1
1034,\n\n,ERM:p20:0,ERM:p20:1,179,144,324,1
1035,\n\n,ERM:p20:1,ERM:p20:2,144,71,216,1
1036,\n\n,ERM:p20:2,ERM:p20:3,71,36,108,1
1037,\n\n,ERM:p20:3,ERM:p20:4,36,176,213,1
1038,\n\n,ERM:p20:4,ERM:p20:5,176,75,252,1
1039,\n\n,ERM:p20:5,ERM:p20:6,75,38,113,0
1040,\n\n,ERM:p20:6,ERM:p21:0,38,205,243,0
1041,\n\n,ERM:p21:0,ERM:p21:1,205,267,473,1
1042,\n\n,ERM:p21:1,ERM:p21:2,267,80,347,0
1043,\n\n,ERM:p21:2,ERM:p22:0,80,111,191,0
1044,\n\n,ERM:p22:0,ERM:p22:1,111,222,333,0
1045,\n\n,ERM:p22:1,ERM:p22:2,222,237,460,1
1046,\n\n,ERM:p22:2,ERM:p22:3,237,192,430,1
1047,\n\n,ERM:p22:3,ERM:p23:0,192,212,404,0
1048,\n\n,ERM:p23:0,ERM:p24:0,212,182,394,0
1049,\n\n,ERM:p24:0,ERM:p25:0,182,263,445,0
1050,\n\n,ERM:p25:0,ERM:p25:1,263,239,502,0
1051,\n\n,ERM:p25:1,ERM:p25:2,239,110,349,0
1052,\n\n,ERM:p25:2,ERM:p26:0,110,267,377,0
1053,\n\n,ERM:p26:0,ERM:p26:1,267,88,355,0
1054,\n\n,ERM:p26:1,ERM:p27:0,88,216,304,0
1055,\n\n,ERM:p27:0,ERM:p28:0,216,245,461,0
1056,\n\n,ERM:p28:0,ERM:p29:0,245,260,505,0
1057,\n\n,ERM:p29:0,ERM:p29:1,260,155,415,0
1058,\n\n,ERM:p29:1,ERM:p30:0,155,229,384,0
1059,\n\n,ERM:p30:0,ERM:p30:1,229,256,485,0
1060,\n\n,ERM:p30:1,ERM:p30:2,256,203,459,0
1061,\n\n,ERM:p30:2,ERM:p31:0,203,235,438,0
1062,\n\n,ERM:p31:0,ERM:p31:1,235,93,328,0
1063,\n\n,ERM:p31:1,ERM:p32:0,93,245,338,0
1064,\n\n,ERM:p32:0,ERM:p32:1,245,228,474,1
1065,\n\n,ERM:p32:1,ERM:p32:2,228,134,363,1
1066,\n\n,ERM:p32:2,ERM:p32:3,134,171,305,0
1067,\n\n,ERM:p32:3,ERM:p33:0,171,284,455,0
1068,\n\n,ERM:p33:0,ERM:p33:1,284,298,583,1
1069,\n\n,ERM:p33:1,ERM:p34:0,298,78,377,1
1070,\n\n,ERM:p34:0,ERM:p34:1,78,180,258,0
1071,\n\n,ERM:p34:1,ERM:p34:2,180,179,359,0
1072,\n\n,ERM:p34:2,ERM:p34:3,179,178,357,0
1073,\n\n,ERM:p34:3,ERM:p35:0,178,165,344,1
1074,\n\n,ERM:p35:0,ERM:p35:1,165,130,296,1
1075,\n\n,ERM:p35:1,ERM:p35:2,130,105,235,0
1076,\n\n,ERM:p35:2,ERM:p36:0,105,193,299,1
1077,\n\n,ERM:p36:0,ERM:p37:0,193,147,341,1
1078,\n\n,ERM:p37:0,ERM:p37:1,147,178,326,1
1079,\n\n,ERM:p37:1,ERM:p37:2,178,119,298,1
1080,\n\n,ERM:p37:2,ERM:p37:3,119,125,245,1
1081,\n\n,ERM:p37:3,ERM:p37:4,125,137,263,1
1082,\n\n,ERM:p37:4,ERM:p38:0,137,146,284,1
1083,\n\n,ERM:p38:0,ERM:p38:1,146,139,286,1
1084,\n\n,ERM:p38:1,ERM:p38:2,139,150,290,1
1085,\n\n,ERM:p38:2,ERM:p38:3,150,163,314,1
1086,\n\n,ERM:p38:3,ERM:p38:4,163,100,264,1
1087,\n\n,ERM:p38:4,ERM:p39:0,100,134,235,1
1088,\n\n,ERM:p39:0,ERM:p39:1,134,151,285,0
1089,\n\n,ERM:p39:1,ERM:p39:2,151,153,305,1
1090,\n\n,ERM:p39:2,ERM:p39:3,153,142,295,0
1091,\n\n,ERM:p39:3,ERM:p39:4,142,62,204,0
1092,\n\n,ERM:p39:4,ERM:p40:0,62,153,216,1
1093,\n\n,ERM:p40:0,ERM:p40:1,153,130,284,1
1094,\n\n,ERM:p40:1,ERM:p40:2,130,92,223,1
1095,\n\n,ERM:p40:2,ERM:p41:0,92,276,369,1
1096,\n\n,ERM:p41:0,ERM:p41:1,276,240,517,1
1097,\n\n,ERM:p41:1,ERM:p42:0,240,265,506,1
1098,\n\n,ERM:p42:0,ERM:p42:1,265,239,504,0
1099,\n\n,ERM:p42:1,ERM:p43:0,239,334,574,1
1100,\n\n,ERM:p43:0,ERM:p43:1,334,253,587,0
1101,\n\n,ERM:p43:1,ERM:p43:2,253,67,320,0
1102,\n\n,ERM:p43:2,ERM:p44:0,67,313,381,1
1103,\n\n,ERM:p44:0,ERM:p44:1,313,260,573,0
1104,\n\n,ERM:p44:1,ERM:p45:0,260,297,557,0
1105,\n\n,ERM:p45:0,ERM:p45:1,297,284,582,1
1106,\n\n,ERM:p45:1,ERM:p46:0,284,290,574,0
1107,\n\n,ERM:p46:0,ERM:p46:1,290,184,474,0
1108,\n\n,ERM:p46:1,ERM:p47:0,184,184,368,0
1109,\n\n,ERM:p47:0,ERM:p47:1,184,289,473,0
1110,\n\n,ERM:p47:1,ERM:p48:0,289,251,540,0
1111,\n\n,ERM:p48:0,ERM:p48:1,251,251,503,1
1112,\n\n,ERM:p48:1,ERM:p49:0,251,207,458,0
1113,\n\n,ERM:p49:0,ERM:p50:0,207,274,481,0
1114,\n\n,ERM:p50:0,ERM:p50:1,274,67,341,0
1115,\n\n,ERM:p50:1,ERM:p51:0,67,298,366,1
1116,\n\n,ERM:p51:0,ERM:p52:0,298,283,581,0
1117,\n\n,ERM:p52:0,ERM:p52:1,283,174,457,0
1118,\n\n,ERM:p52:1,ERM:p52:2,174,190,364,0
1119,\n\n,ERM:p52:2,ERM:p53:0,190,281,471,0
1120,\n\n,ERM:p53:0,ERM:p53:1,281,291,572,0
1121,\n\n,ERM:p53:1,ERM:p53:2,291,44,335,0
1122,\n\n,ERM:p53:2,ERM:p54:0,44,292,336,0
1123,\n\n,ERM:p54:0,ERM:p54:1,292,134,426,0
1124,\n\n,ERM:p54:1,ERM:p54:2,134,247,381,0
1125,\n\n,ERM:p54:2,ERM:p54:3,247,79,327,1
1126,\n\n,ERM:p54:3,ERM:p55:0,79,284,363,0
1127,\n\n,ERM:p55:0,ERM:p55:1,284,130,414,0
1128,\n\n,ERM:p55:1,ERM:p56:0,130,247,377,0
1129,\n\n,ERM:p56:0,ERM:p56:1,247,208,455,0
1130,\n\n,ERM:p56:1,ERM:p57:0,208,148,356,0
1131,\n\n,ERM:p57:0,ERM:p57:1,148,229,377,0
1132,\n\n,ERM:p57:1,ERM:p58:0,229,295,524,0
1133,\n\n,ERM:p58:0,ERM:p58:1,295,153,448,0
1134,\n\n,ERM:p58:1,ERM:p59:0,153,268,421,0
1135,\n\n,ERM:p59:0,ERM:p59:1,268,317,585,0
1136,\n\n,ERM:p59:1,ERM:p60:0,317,145,462,0
1137,\n\n,ERM:p60:0,ERM:p60:1,145,259,405,1
1138,\n\n,ERM:p60:1,ERM:p60:2,259,164,424,1
1139,\n\n,ERM:p60:2,ERM:p61:0,164,206,370,0
1140,\n\n,ERM:p61:0,ERM:p61:1,206,135,342,1
1141,\n\n,ERM:p61:1,ERM:p61:2,135,301,437,1
1142,\n\n,ERM:p61:2,ERM:p61:3,301,81,382,0
1143,\n\n,ERM:p61:3,ERM:p62:0,81,266,347,0
1144,\n\n,ERM:p62:0,ERM:p62:1,266,66,332,0
1145,\n\n,ERM:p62:1,ERM:p63:0,66,240,306,0
1146,\n\n,ERM:p63:0,ERM:p63:1,240,281,522,1
1147,\n\n,ERM:p63:1,ERM:p63:2,281,80,362,1
1148,\n\n,ERM:p63:2,ERM:p64:0,80,242,322,0
1149,\n\n,ERM:p64:0,ERM:p64:1,242,298,540,0
1150,\n\n,ERM:p64:1,ERM:p64:2,298,110,408,0
1151,\n\n,ERM:p64:2,ERM:p65:0,110,293,403,0
1152,\n\n,ERM:p65:0,ERM:p65:1,293,295,588,0
1153,\n\n,ERM:p65:1,ERM:p65:2,295,170,466,1
1154,\n\n,ERM:p65:2,ERM:p65:3,170,240,410,0
1155,\n\n,ERM:p65:3,ERM:p66:0,240,244,484,0
1156,\n\n,ERM:p66:0,ERM:p66:1,244,299,543,0
1157,\n\n,ERM:p66:1,ERM:p66:2,299,146,446,1
1158,\n\n,ERM:p66:2,ERM:p67:0,146,268,414,0
1159,\n\n,ERM:p67:0,ERM:p67:1,268,262,531,1
1160,\n\n,ERM:p67:1,ERM:p68:0,262,209,471,0
1161,\n\n,ERM:p68:0,ERM:p68:1,209,210,420,1
1162,\n\n,ERM:p68:1,ERM:p68:2,210,223,433,0
1163,\n\n,ERM:p68:2,ERM:p68:3,223,307,531,1
1164,\n\n,ERM:p68:3,ERM:p68:4,307,70,378,1
1165,\n\n,ERM:p68:4,ERM:p69:0,70,29,99,0
1166,\n\n,ERM:p69:0,ERM:p69:1,29,248,278,1
1167,\n\n,ERM:p69:1,ERM:p70:0,248,118,366,0
1168,\n\n,ERM:p70:0,ERM:p70:1,118,137,256,1
1169,\n\n,ERM:p70:1,ERM:p70:2,137,176,314,1
1170,\n\n,ERM:p70:2,ERM:p70:3,176,138,315,1
1171,\n\n,ERM:p70:3,ERM:p71:0,138,292,430,0
1172,\n\n,ERM:p71:0,ERM:p71:1,292,289,582,1
1173,\n\n,ERM:p71:1,ERM:p71:2,289,118,408,1
1174,\n\n,ERM:p71:2,ERM:p72:0,118,267,386,1
1175,\n\n,ERM:p72:0,ERM:p72:1,267,346,614,1
1176,\n\n,ERM:p72:1,ERM:p73:0,346,434,781,1
1177,\n\n,ERM:p73:0,ERM:p74:0,434,436,871,1
1178,\n\n,ERM:p74:0,ERM:p74:1,436,87,524,1
1179,\n\n,ERM:p74:1,ERM:p75:0,87,387,475,1
1180,\n\n,ERM:p75:0,ERM:p76:0,387,270,658,1
1181,\n\n,ERM:p76:0,ERM:p77:0,270,132,402,0
1182,\n\n,ERM:p77:0,ERM:p77:1,132,237,369,0
1183,\n\n,ERM:p77:1,ERM:p77:2,237,145,383,1
1184,\n\n,ERM:p77:2,ERM:p77:3,145,191,337,1
1185,\n\n,ERM:p77:3,ERM:p78:0,191,167,358,0
1186,\n\n,ERM:p78:0,ERM:p78:1,167,101,269,1
1187,\n\n,ERM:p78:1,ERM:p78:2,101,50,152,1
1188,\n\n,ERM:p78:2,ERM:p78:3,50,144,195,1
1189,\n\n,ERM:p78:3,ERM:p79:0,144,306,450,0
1190,\n\n,ERM:p79:0,ERM:p79:1,306,329,635,0
1191,\n\n,ERM:p79:1,ERM:p79:2,329,121,450,0
1192,\n\n,ERM:p79:2,ERM:p80:0,121,200,321,0
1193,\n\n,ERM:p80:0,ERM:p80:1,200,302,502,0
1194,\n\n,ERM:p80:1,ERM:p80:2,302,297,599,0
1195,\n\n,ERM:p80:2,ERM:p81:0,297,105,402,0
1196,\n\n,ERM:p81:0,ERM:p81:1,105,299,404,0
1197,\n\n,ERM:p81:1,ERM:p81:2,299,213,512,0
1198,\n\n,ERM:p81:2,ERM:p82:0,213,38,251,0
1199,\n\n,ERM:p82:0,ERM:p82:1,38,302,340,0
1200,\n\n,ERM:p82:1,ERM:p82:2,302,85,387,0
1201,\n\n,ERM:p82:2,ERM:p82:3,85,211,296,0
1202,\n\n,ERM:p82:3,ERM:p82:4,211,133,344,0
1203,\n\n,ERM:p82:4,ERM:p83:0,133,177,310,0
1204,\n\n,ERM:p83:0,ERM:p83:1,177,202,379,0
1205,\n\n,ERM:p83:1,ERM:p84:0,202,233,435,0
1206,\n\n,ERM:p84:0,ERM:p85:0,233,247,480,0
1207,\n\n,ERM:p85:0,ERM:p86:0,247,39,286,0
1208,\n\n,ERM:p86:0,ERM:p86:1,39,299,338,0
1209,\n\n,ERM:p86:1,ERM:p86:2,299,51,350,0
1210,\n\n,ERM:p86:2,ERM:p86:3,51,300,351,0
1211,\n\n,ERM:p86:3,ERM:p87:0,300,41,341,0
1212,\n\n,ERM:p87:0,ERM:p87:1,41,294,335,0
1213,\n\n,ERM:p87:1,ERM:p87:2,294,268,562,0
1214,\n\n,ERM:p87:2,ERM:p88:0,268,218,486,0
1215,\n\n,ERM:p88:0,ERM:p89:0,218,322,540,0
1216,\n\n,ERM:p89:0,ERM:p89:1,322,184,506,0
1217,\n\n,ERM:p89:1,ERM:p90:0,184,313,497,0
1218,\n\n,ERM:p90:0,ERM:p90:1,313,91,404,0
1219,\n\n,ERM:p90:1,ERM:p90:2,91,314,405,0
1220,\n\n,ERM:p90:2,ERM:p91:0,314,98,412,0
1221,\n\n,ERM:p91:0,ERM:p91:1,98,311,409,0
1222,\n\n,ERM:p91:1,ERM:p91:2,311,43,355,1
1223,\n\n,ERM:p91:2,ERM:p92:0,43,35,78,0
1224,\n\n,ERM:p92:0,ERM:p92:1,35,312,347,0
1225,\n\n,ERM:p92:1,ERM:p92:2,312,51,363,0
1226,\n\n,ERM:p92:2,ERM:p93:0,51,46,97,0
1227,\n\n,ERM:p93:0,ERM:p93:1,46,292,338,0
1228,\n\n,ERM:p93:1,ERM:p93:2,292,89,382,1
1229,\n\n,ERM:p93:2,ERM:p94:0,89,279,368,0
1230,\n\n,ERM:p94:0,ERM:p95:0,279,293,572,0
1231,\n\n,ERM:p95:0,ERM:p96:0,293,232,526,1
1232,\n\n,ERM:p96:0,ERM:p97:0,232,41,273,0
1233,\n\n,ERM:p97:0,ERM:p97:1,41,289,330,0
1234,\n\n,ERM:p97:1,ERM:p97:2,289,81,370,0
1235,\n\n,ERM:p97:2,ERM:p97:3,81,127,208,0
1236,\n\n,ERM:p97:3,ERM:p98:0,127,224,351,0
1237,\n\n,ERM:p98:0,ERM:p99:0,224,81,305,0
1238,\n\n,ERM:p99:0,ERM:p99:1,81,286,367,0
1239,\n\n,ERM:p99:1,ERM:p99:2,286,280,566,0
1240,\n\n,ERM:p99:2,ERM:p99:3,280,118,398,0
1241,\n\n,ERM:p99:3,ERM:p100:0,118,300,418,0
1242,\n\n,ERM:p100:0,ERM:p100:1,300,47,348,1
1243,\n\n,ERM:p100:1,ERM:p101:0,47,157,204,0
1244,\n\n,ERM:p101:0,ERM:p101:1,157,207,364,0
1245,\n\n,ERM:p101:1,ERM:p102:0,207,49,256,0
1246,\n\n,ERM:p102:0,ERM:p102:1,49,284,333,0
1247,\n\n,ERM:p102:1,ERM:p102:2,284,124,408,0
1248,\n\n,ERM:p102:2,ERM:p103:0,124,103,227,0
1249,\n\n,ERM:p103:0,ERM:p103:1,103,301,404,0
1250,\n\n,ERM:p103:1,ERM:p103:2,301,250,551,0
1251,\n\n,ERM:p103:2,ERM:p104:0,250,43,293,0
1252,\n\n,ERM:p104:0,ERM:p104:1,43,291,334,0
1253,\n\n,ERM:p104:1,ERM:p104:2,291,77,368,0
1254,\n\n,ERM:p104:2,ERM:p105:0,77,165,242,0
1255,\n\n,ERM:p105:0,ERM:p105:1,165,282,447,0
1256,\n\n,ERM:p105:1,ERM:p105:2,282,96,378,0
1257,\n\n,ERM:p105:2,ERM:p106:0,96,47,143,0
1258,\n\n,ERM:p106:0,ERM:p106:1,47,290,337,0
1259,\n\n,ERM:p106:1,ERM:p106:2,290,227,517,0
1260,\n\n,ERM:p106:2,ERM:p107:0,227,270,497,0
1261,\n\n,ERM:p107:0,ERM:p108:0,270,114,384,0
1262,\n\n,ERM:p108:0,ERM:p108:1,114,285,399,0
1263,\n\n,ERM:p108:1,ERM:p108:2,285,126,411,0
1264,\n\n,ERM:p108:2,ERM:p109:0,126,194,320,0
1265,\n\n,ERM:p109:0,ERM:p110:0,194,139,333,0
1266,\n\n,ERM:p110:0,ERM:p110:1,139,293,432,0
1267,\n\n,ERM:p110:1,ERM:p111:0,293,215,508,0
1268,\n\n,ERM:p111:0,ERM:p111:1,215,227,442,0
1269,\n\n,ERM:p111:1,ERM:p112:0,227,44,271,0
1270,\n\n,ERM:p112:0,ERM:p112:1,44,269,313,0
1271,\n\n,ERM:p112:1,ERM:p113:0,269,43,312,0
1272,\n\n,ERM:p113:0,ERM:p113:1,43,298,341,0
1273,\n\n,ERM:p113:1,ERM:p113:2,298,71,369,0
1274,\n\n,ERM:p113:2,ERM:p114:0,71,206,277,0
1275,\n\n,ERM:p114:0,ERM:p115:0,206,305,511,0
1276,\n\n,ERM:p115:0,ERM:p115:1,305,265,570,0
1277,\n\n,ERM:p115:1,ERM:p115:2,265,194,459,0
1278,\n\n,ERM:p115:2,ERM:p116:0,194,252,446,0
1279,\n\n,ERM:p116:0,ERM:p116:1,252,298,550,0
1280,\n\n,ERM:p116:1,ERM:p116:2,298,287,585,0
1281,\n\n,ERM:p116:2,ERM:p117:0,287,264,551,0
1282,\n\n,ERM:p117:0,ERM:p117:1,264,301,565,0
1283,\n\n,ERM:p117:1,ERM:p117:2,301,196,498,1
1284,\n\n,ERM:p117:2,ERM:p118:0,196,336,532,0
1285,\n\n,ERM:p118:0,ERM:p118:1,336,282,618,0
1286,\n\n,ERM:p118:1,ERM:p118:2,282,100,383,1
1287,\n\n,ERM:p118:2,ERM:p119:0,100,365,465,0
1288,\n\n,ERM:p119:0,ERM:p120:0,365,115,481,1
1289,\n\n,ERM:p120:0,ERM:p121:0,115,291,406,0
1290,\n\n,ERM:p121:0,ERM:p121:1,291,153,444,0
1291,\n\n,ERM:p121:1,ERM:p122:0,153,134,288,1
1292,\n\n,ERM:p122:0,ERM:p122:1,134,106,241,1
1293,\n\n,ERM:p122:1,ERM:p122:2,106,243,350,1
1294,\n\n,ERM:p122:2,ERM:p122:3,243,216,460,1
1295,\n\n,ERM:p122:3,ERM:p122:4,216,132,349,1
1296,\n\n,ERM:p122:4,ERM:p122:5,132,159,292,1
1297,\n\n,ERM:p122:5,ERM:p123:0,159,213,373,1
1298,\n\n,ERM:p123:0,ERM:p124:0,213,185,398,0
1299,\n\n,ERM:p124:0,ERM:p124:1,185,99,284,0
1300,\n\n,ERM:p124:1,ERM:p124:2,99,175,274,0
1301,\n\n,ERM:p124:2,ERM:p124:3,175,178,353,0
1302,\n\n,ERM:p124:3,ERM:p125:0,178,181,359,0
1303,\n\n,ERM:p125:0,ERM:p125:1,181,130,312,1
1304,\n\n,ERM:p125:1,ERM:p125:2,130,101,231,0
1305,\n\n,ERM:p125:2,ERM:p126:0,101,212,313,0
1306,\n\n,ERM:p126:0,ERM:p127:0,212,106,318,0
1307,\n\n,ERM:p127:0,ERM:p127:1,106,160,267,1
1308,\n\n,ERM:p127:1,ERM:p127:2,160,157,318,1
1309,\n\n,ERM:p127:2,ERM:p127:3,157,106,264,1
1310,\n\n,ERM:p127:3,ERM:p127:4,106,154,261,1
1311,\n\n,ERM:p127:4,ERM:p127:5,154,73,227,0
1312,\n\n,ERM:p127:5,ERM:p128:0,73,100,174,1
1313,\n\n,ERM:p128:0,ERM:p128:1,100,158,259,1
1314,\n\n,ERM:p128:1,ERM:p128:2,158,145,304,1
1315,\n\n,ERM:p128:2,ERM:p128:3,145,171,317,1
1316,\n\n,ERM:p128:3,ERM:p128:4,171,142,314,1
1317,\n\n,ERM:p128:4,ERM:p129:0,142,101,244,1
1318,\n\n,ERM:p129:0,ERM:p129:1,101,144,246,1
1319,\n\n,ERM:p129:1,ERM:p129:2,144,174,319,1
1320,\n\n,ERM:p129:2,ERM:p129:3,174,126,301,1
1321,\n\n,ERM:p129:3,ERM:p129:4,126,111,237,0
1322,\n\n,ERM:p129:4,ERM:p130:0,111,107,218,0
1323,\n\n,ERM:p130:0,ERM:p130:1,107,87,195,1
1324,\n\n,ERM:p130:1,ERM:p130:2,87,132,220,1
1325,\n\n,ERM:p130:2,ERM:p130:3,132,83,216,1
1326,\n\n,ERM:p130:3,ERM:p131:0,83,229,312,0
1327,\n\n,ERM:p131:0,ERM:p131:1,229,213,443,1
1328,\n\n,ERM:p131:1,ERM:p131:2,213,226,439,0
1329,\n\n,ERM:p131:2,ERM:p131:3,226,316,543,1
1330,\n\n,ERM:p131:3,ERM:p131:4,316,70,387,1
1331,\n\n,ERM:p131:4,ERM:p132:0,70,48,118,0
1332,\n\n,ERM:p132:0,ERM:p132:1,48,248,297,1
1333,\n\n,ERM:p132:1,ERM:p133:0,248,137,385,0
1334,\n\n,ERM:p133:0,ERM:p133:1,137,131,269,1
1335,\n\n,ERM:p133:1,ERM:p133:2,131,187,318,0
1336,\n\n,ERM:p133:2,ERM:p133:3,187,139,327,1
1337,\n\n,ERM:p133:3,ERM:p134:0,139,221,360,0
1338,\n\n,ERM:p134:0,ERM:p134:1,221,300,521,0
1339,\n\n,ERM:p134:1,ERM:p135:0,300,188,488,0
1340,\n\n,ERM:p135:0,ERM:p136:0,188,191,379,0
1341,\n\n,ERM:p136:0,ERM:p137:0,191,145,336,0
1342,\n\n,ERM:p137:0,ERM:p138:0,145,264,410,1
1343,\n\n,ERM:p138:0,ERM:p138:1,264,109,373,0
1344,\n\n,ERM:p138:1,ERM:p139:0,109,256,365,0
1345,\n\n,ERM:p139:0,ERM:p139:1,256,45,301,0
1346,\n\n,ERM:p139:1,ERM:p140:0,45,132,177,0
1347,\n\n,ERM:p140:0,ERM:p141:0,132,286,418,0
1348,\n\n,ERM:p141:0,ERM:p142:0,286,106,392,0
1349,\n\n,ERM:p142:0,ERM:p143:0,106,142,248,0
1350,\n\n,ERM:p143:0,ERM:p144:0,142,141,283,0
1351,\n\n,ERM:p144:0,ERM:p145:0,141,107,249,1
1352,\n\n,ERM:p145:0,ERM:p146:0,107,87,194,0
1353,\n\n,ERM:p146:0,ERM:p147:0,87,225,312,0
1354,\n\n,ERM:p147:0,ERM:p147:1,225,277,502,0
1355,\n\n,ERM:p147:1,ERM:p147:2,277,268,545,0
1356,\n\n,ERM:p147:2,ERM:p148:0,268,242,511,1
1357,\n\n,ERM:p148:0,ERM:p148:1,242,250,493,1
1358,\n\n,ERM:p148:1,ERM:p148:2,250,167,417,0
1359,\n\n,ERM:p148:2,ERM:p149:0,167,273,441,1
1360,\n\n,ERM:p149:0,ERM:p149:1,273,263,536,0
1361,\n\n,ERM:p149:1,ERM:p149:2,263,175,438,0
1362,\n\n,ERM:p149:2,ERM:p150:0,175,303,479,1
1363,\n\n,ERM:p150:0,ERM:p150:1,303,194,497,0
1364,\n\n,ERM:p150:1,ERM:p151:0,194,121,316,1
1365,\n\n,ERM:p151:0,ERM:p151:1,121,265,387,1
1366,\n\n,ERM:p151:1,ERM:p151:2,265,237,502,0
1367,\n\n,ERM:p151:2,FMM:p1:0,237,352,590,1
1368,\n\n,FMM:p1:0,FMM:p1:1,352,188,541,1
1369,\n\n,FMM:p1:1,FMM:p2:0,188,373,562,1
1370,\n\n,FMM:p2:0,FMM:p2:1,373,115,489,1
1371,\n\n,FMM:p2:1,FMM:p3:0,115,445,561,1
1372,\n\n,FMM:p3:0,FMM:p3:1,445,238,684,1
1373,\n\n,FMM:p3:1,FMM:p4:0,238,410,649,1
1374,\n\n,FMM:p4:0,FMM:p4:1,410,161,572,1
1375,\n\n,FMM:p4:1,FMM:p5:0,161,334,496,1
1376,\n\n,FMM:p5:0,FMM:p5:1,334,233,568,1
1377,\n\n,FMM:p5:1,FMM:p6:0,233,433,667,1
1378,\n\n,FMM:p6:0,FMM:p6:1,433,173,607,1
1379,\n\n,FMM:p6:1,FMM:p7:0,173,423,597,1
1380,\n\n,FMM:p7:0,FMM:p7:1,423,175,599,1
1381,\n\n,FMM:p7:1,FMM:p8:0,175,421,597,1
1382,\n\n,FMM:p8:0,FMM:p8:1,421,163,585,1
1383,\n\n,FMM:p8:1,FMM:p9:0,163,403,567,1
1384,\n\n,FMM:p9:0,FMM:p9:1,403,181,585,1
1385,\n\n,FMM:p9:1,FMM:p10:0,181,457,639,1
1386,\n\n,FMM:p10:0,FMM:p10:1,457,129,587,1
1387,\n\n,FMM:p10:1,FMM:p11:0,129,118,248,1
1388,\n\n,FMM:p11:0,FMM:p11:1,118,393,512,1
1389,\n\n,FMM:p11:1,FMM:p12:0,393,426,820,1
1390,\n\n,FMM:p12:0,FMM:p12:1,426,82,509,1
1391,\n\n,FMM:p12:1,FMM:p13:0,82,409,492,1
1392,\n\n,FMM:p13:0,FMM:p14:0,409,359,769,1
1393,\n\n,FMM:p14:0,FMM:p14:1,359,124,484,1
1394,\n\n,FMM:p14:1,FMM:p15:0,124,434,559,1
1395,\n\n,FMM:p15:0,FMM:p15:1,434,134,569,1
1396,\n\n,FMM:p15:1,FMM:p16:0,134,353,488,1
1397,\n\n,FMM:p16:0,FMM:p16:1,353,169,523,1
1398,\n\n,FMM:p16:1,FMM:p17:0,169,453,623,1
1399,\n\n,FMM:p17:0,FMM:p17:1,453,199,653,1
1400,\n\n,FMM:p17:1,FMM:p18:0,199,133,333,1
1401,\n\n,FMM:p18:0,FMM:p18:1,133,406,540,1
1402,\n\n,FMM:p18:1,FMM:p18:2,406,96,503,1
1403,\n\n,FMM:p18:2,FMM:p19:0,96,409,506,1
1404,\n\n,FMM:p19:0,FMM:p19:1,409,149,559,1
1405,\n\n,FMM:p19:1,FMM:p20:0,149,391,541,1
1406,\n\n,FMM:p20:0,FMM:p20:1,391,123,515,1
1407,\n\n,FMM:p20:1,FMM:p21:0,123,30,154,1
1408,\n\n,FMM:p21:0,FMM:p22:0,30,290,321,1
1409,\n\n,FMM:p22:0,FMM:p22:1,290,308,599,1
1410,\n\n,FMM:p22:1,FMM:p22:2,308,347,656,1
1411,\n\n,FMM:p22:2,FMM:p22:3,347,288,636,1
1412,\n\n,FMM:p22:3,FMM:p23:0,288,120,409,1
1413,\n\n,FMM:p23:0,FMM:p24:0,120,156,277,1
1414,\n\n,FMM:p24:0,FMM:p25:0,156,253,409,0
1415,\n\n,FMM:p25:0,FMM:p25:1,253,267,520,0
1416,\n\n,FMM:p25:1,FMM:p25:2,267,131,399,1
1417,\n\n,FMM:p25:2,FMM:p26:0,131,264,395,0
1418,\n\n,FMM:p26:0,FMM:p26:1,264,274,538,0
1419,\n\n,FMM:p26:1,FMM:p26:2,274,111,385,0
1420,\n\n,FMM:p26:2,FMM:p27:0,111,301,412,0
1421,\n\n,FMM:p27:0,FMM:p27:1,301,208,509,0
1422,\n\n,FMM:p27:1,FMM:p28:0,208,267,475,0
1423,\n\n,FMM:p28:0,FMM:p28:1,267,301,569,1
1424,\n\n,FMM:p28:1,FMM:p28:2,301,136,437,0
1425,\n\n,FMM:p28:2,FMM:p29:0,136,286,422,0
1426,\n\n,FMM:p29:0,FMM:p29:1,286,223,510,1
1427,\n\n,FMM:p29:1,FMM:p29:2,223,152,375,0
1428,\n\n,FMM:p29:2,FMM:p30:0,152,248,400,0
1429,\n\n,FMM:p30:0,FMM:p30:1,248,274,522,0
1430,\n\n,FMM:p30:1,FMM:p30:2,274,118,392,0
1431,\n\n,FMM:p30:2,FMM:p31:0,118,292,410,0
1432,\n\n,FMM:p31:0,FMM:p32:0,292,270,562,0
1433,\n\n,FMM:p32:0,FMM:p32:1,270,94,364,0
1434,\n\n,FMM:p32:1,FMM:p33:0,94,307,401,0
1435,\n\n,FMM:p33:0,FMM:p33:1,307,285,593,1
1436,\n\n,FMM:p33:1,FMM:p33:2,285,44,329,0
1437,\n\n,FMM:p33:2,FMM:p34:0,44,298,342,0
1438,\n\n,FMM:p34:0,FMM:p34:1,298,86,384,0
1439,\n\n,FMM:p34:1,FMM:p35:0,86,272,358,0
1440,\n\n,FMM:p35:0,FMM:p35:1,272,99,371,0
1441,\n\n,FMM:p35:1,FMM:p36:0,99,294,393,0
1442,\n\n,FMM:p36:0,FMM:p36:1,294,98,392,0
1443,\n\n,FMM:p36:1,FMM:p37:0,98,75,173,0
1444,\n\n,FMM:p37:0,FMM:p37:1,75,252,327,0
1445,\n\n,FMM:p37:1,FMM:p37:2,252,193,446,1
1446,\n\n,FMM:p37:2,FMM:p37:3,193,73,266,0
1447,\n\n,FMM:p37:3,FMM:p38:0,73,235,309,1
1448,\n\n,FMM:p38:0,FMM:p38:1,235,309,545,1
1449,\n\n,FMM:p38:1,FMM:p38:2,309,267,576,0
1450,\n\n,FMM:p38:2,FMM:p38:3,267,225,493,1
1451,\n\n,FMM:p38:3,FMM:p39:0,225,62,287,0
1452,\n\n,FMM:p39:0,FMM:p39:1,62,281,344,1
1453,\n\n,FMM:p39:1,FMM:p39:2,281,214,496,1
1454,\n\n,FMM:p39:2,FMM:p39:3,214,218,432,0
1455,\n\n,FMM:p39:3,FMM:p39:4,218,157,376,1
1456,\n\n,FMM:p39:4,FMM:p40:0,157,203,361,1
1457,\n\n,FMM:p40:0,FMM:p40:1,203,150,353,0
1458,\n\n,FMM:p40:1,FMM:p40:2,150,40,190,0
1459,\n\n,FMM:p40:2,FMM:p40:3,40,238,278,0
1460,\n\n,FMM:p40:3,FMM:p40:4,238,146,384,0
1461,\n\n,FMM:p40:4,FMM:p41:0,146,228,374,0
1462,\n\n,FMM:p41:0,FMM:p42:0,228,256,484,0
1463,\n\n,FMM:p42:0,FMM:p42:1,256,150,406,0
1464,\n\n,FMM:p42:1,FMM:p42:2,150,266,416,0
1465,\n\n,FMM:p42:2,FMM:p42:3,266,224,490,0
1466,\n\n,FMM:p42:3,FMM:p43:0,224,271,495,0
1467,\n\n,FMM:p43:0,FMM:p44:0,271,275,546,0
1468,\n\n,FMM:p44:0,FMM:p44:1,275,225,500,0
1469,\n\n,FMM:p44:1,FMM:p45:0,225,398,623,0
1470,\n\n,FMM:p45:0,FMM:p45:1,398,134,532,0
1471,\n\n,FMM:p45:1,FMM:p46:0,134,376,510,0
1472,\n\n,FMM:p46:0,FMM:p46:1,376,77,453,0
1473,\n\n,FMM:p46:1,FMM:p47:0,77,106,184,1
1474,\n\n,FMM:p47:0,FMM:p47:1,106,286,392,0
1475,\n\n,FMM:p47:1,FMM:p47:2,286,229,516,1
1476,\n\n,FMM:p47:2,FMM:p48:0,229,164,393,0
1477,\n\n,FMM:p48:0,FMM:p49:0,164,229,393,0
1478,\n\n,FMM:p49:0,FMM:p50:0,229,141,370,0
1479,\n\n,FMM:p50:0,FMM:p50:1,141,190,331,0
1480,\n\n,FMM:p50:1,FMM:p51:0,190,303,493,0
1481,\n\n,FMM:p51:0,FMM:p51:1,303,242,546,1
1482,\n\n,FMM:p51:1,FMM:p51:2,242,136,378,0
1483,\n\n,FMM:p51:2,FMM:p52:0,136,234,370,0
1484,\n\n,FMM:p52:0,FMM:p52:1,234,107,342,1
1485,\n\n,FMM:p52:1,FMM:p53:0,107,177,284,0
1486,\n\n,FMM:p53:0,FMM:p53:1,177,99,277,1
1487,\n\n,FMM:p53:1,FMM:p54:0,99,461,560,0
1488,\n\n,FMM:p54:0,FMM:p55:0,461,634,1096,1
1489,\n\n,FMM:p55:0,FMM:p55:1,634,158,793,1
1490,\n\n,FMM:p55:1,FMM:p56:0,158,454,613,1
1491,\n\n,FMM:p56:0,FMM:p56:1,454,131,586,1
1492,\n\n,FMM:p56:1,FMM:p57:0,131,164,296,1
1493,\n\n,FMM:p57:0,FMM:p57:1,164,244,409,1
1494,\n\n,FMM:p57:1,FMM:p58:0,244,229,474,1
1495,\n\n,FMM:p58:0,FMM:p58:1,229,233,463,1
1496,\n\n,FMM:p58:1,FMM:p58:2,233,208,442,1
1497,\n\n,FMM:p58:2,FMM:p59:0,208,47,255,0
1498,\n\n,FMM:p59:0,FMM:p59:1,47,226,274,1
1499,\n\n,FMM:p59:1,FMM:p59:2,226,38,264,0
1500,\n\n,FMM:p59:2,FMM:p59:3,38,247,285,0
1501,\n\n,FMM:p59:3,FMM:p60:0,247,197,445,1
1502,\n\n,FMM:p60:0,FMM:p60:1,197,261,459,1
1503,\n\n,FMM:p60:1,FMM:p61:0,261,180,442,1
1504,\n\n,FMM:p61:0,FMM:p61:1,180,163,344,1
1505,\n\n,FMM:p61:1,FMM:p61:2,163,193,357,1
1506,\n\n,FMM:p61:2,FMM:p62:0,193,215,409,1
1507,\n\n,FMM:p62:0,FMM:p62:1,215,177,393,1
1508,\n\n,FMM:p62:1,FMM:p62:2,177,178,356,1
1509,\n\n,FMM:p62:2,FMM:p63:0,178,254,433,1
1510,\n\n,FMM:p63:0,FMM:p63:1,254,189,444,1
1511,\n\n,FMM:p63:1,FMM:p63:2,189,181,371,1
1512,\n\n,FMM:p63:2,FMM:p63:3,181,243,425,1
1513,\n\n,FMM:p63:3,FMM:p64:0,243,117,361,1
1514,\n\n,FMM:p64:0,FMM:p64:1,117,221,339,1
1515,\n\n,FMM:p64:1,FMM:p64:2,221,250,472,1
1516,\n\n,FMM:p64:2,FMM:p64:3,250,51,301,0
1517,\n\n,FMM:p64:3,FMM:p65:0,51,18,70,1
1518,\n\n,FMM:p65:0,FMM:p65:1,18,273,292,1
1519,\n\n,FMM:p65:1,FMM:p65:2,273,209,483,1
1520,\n\n,FMM:p65:2,FMM:p65:3,209,80,290,1
1521,\n\n,FMM:p65:3,FMM:p66:0,80,286,366,0
1522,\n\n,FMM:p66:0,FMM:p66:1,286,253,540,1
1523,\n\n,FMM:p66:1,FMM:p67:0,253,49,303,1
1524,\n\n,FMM:p67:0,FMM:p67:1,49,253,303,1
1525,\n\n,FMM:p67:1,FMM:p67:2,253,74,327,0
1526,\n\n,FMM:p67:2,FMM:p67:3,74,285,359,0
1527,\n\n,FMM:p67:3,FMM:p68:0,285,298,583,0
1528,\n\n,FMM:p68:0,FMM:p68:1,298,18,317,1
1529,\n\n,FMM:p68:1,FMM:p68:2,18,258,277,1
1530,\n\n,FMM:p68:2,FMM:p68:3,258,100,359,1
1531,\n\n,FMM:p68:3,FMM:p69:0,100,18,119,1
1532,\n\n,FMM:p69:0,FMM:p69:1,18,237,256,1
1533,\n\n,FMM:p69:1,FMM:p69:2,237,171,408,0
1534,\n\n,FMM:p69:2,FMM:p69:3,171,292,463,0
1535,\n\n,FMM:p69:3,FMM:p70:0,292,279,572,1
1536,\n\n,FMM:p70:0,FMM:p70:1,279,215,495,1
1537,\n\n,FMM:p70:1,FMM:p71:0,215,18,234,1
1538,\n\n,FMM:p71:0,FMM:p71:1,18,261,280,1
1539,\n\n,FMM:p71:1,FMM:p71:2,261,65,326,0
1540,\n\n,FMM:p71:2,FMM:p71:3,65,49,114,0
1541,\n\n,FMM:p71:3,FMM:p71:4,49,275,325,1
1542,\n\n,FMM:p71:4,FMM:p72:0,275,217,493,1
1543,\n\n,FMM:p72:0,FMM:p72:1,217,181,399,1
1544,\n\n,FMM:p72:1,FMM:p72:2,181,189,371,1
1545,\n\n,FMM:p72:2,FMM:p73:0,189,192,382,1
1546,\n\n,FMM:p73:0,FMM:p73:1,192,196,389,1
1547,\n\n,FMM:p73:1,FMM:p73:2,196,161,358,1
1548,\n\n,FMM:p73:2,FMM:p73:3,161,156,318,1
1549,\n\n,FMM:p73:3,FMM:p74:0,156,447,603,0
1550,\n\n,FMM:p74:0,FMM:p75:0,447,279,727,1
1551,\n\n,FMM:p75:0,FMM:p75:1,279,223,503,1
1552,\n\n,FMM:p75:1,FMM:p76:0,223,149,373,1
1553,\n\n,FMM:p76:0,FMM:p76:1,149,168,317,0
1554,\n\n,FMM:p76:1,FMM:p76:2,168,160,329,1
1555,\n\n,FMM:p76:2,FMM:p76:3,160,83,243,0
1556,\n\n,FMM:p76:3,FMM:p77:0,83,221,305,1
1557,\n\n,FMM:p77:0,FMM:p77:1,221,198,419,0
1558,\n\n,FMM:p77:1,FMM:p77:2,198,255,453,0
1559,\n\n,FMM:p77:2,FMM:p78:0,255,296,551,0
1560,\n\n,FMM:p78:0,FMM:p78:1,296,232,528,0
1561,\n\n,FMM:p78:1,FMM:p79:0,232,80,313,1
1562,\n\n,FMM:p79:0,FMM:p79:1,80,224,305,1
1563,\n\n,FMM:p79:1,FMM:p79:2,224,176,401,1
1564,\n\n,FMM:p79:2,FMM:p79:3,176,52,229,1
1565,\n\n,FMM:p79:3,FMM:p80:0,52,227,280,1
1566,\n\n,FMM:p80:0,FMM:p80:1,227,341,569,1
1567,\n\n,FMM:p80:1,FMM:p81:0,341,299,640,0
1568,\n\n,FMM:p81:0,FMM:p81:1,299,99,398,0
1569,\n\n,FMM:p81:1,FMM:p82:0,99,342,441,0
1570,\n\n,FMM:p82:0,FMM:p82:1,342,224,566,0
1571,\n\n,FMM:p82:1,FMM:p82:2,224,67,292,1
1572,\n\n,FMM:p82:2,FMM:p83:0,67,182,249,0
1573,\n\n,FMM:p83:0,FMM:p83:1,182,195,378,1
1574,\n\n,FMM:p83:1,FMM:p83:2,195,100,296,1
1575,\n\n,FMM:p83:2,FMM:p84:0,100,186,286,0
1576,\n\n,FMM:p84:0,FMM:p84:1,186,169,355,0
1577,\n\n,FMM:p84:1,FMM:p85:0,169,563,732,0
1578,\n\n,FMM:p85:0,FMM:p86:0,563,534,1098,1
1579,\n\n,FMM:p86:0,FMM:p87:0,534,521,1056,1
1580,\n\n,FMM:p87:0,FMM:p88:0,521,504,1026,1
1581,\n\n,FMM:p88:0,FMM:p89:0,504,226,731,1
1582,\n\n,FMM:p89:0,FMM:p89:1,226,73,299,0
1583,\n\n,FMM:p89:1,FMM:p89:2,73,292,365,0
1584,\n\n,FMM:p89:2,FMM:p89:3,292,65,358,1
1585,\n\n,FMM:p89:3,FMM:p89:4,65,69,134,0
1586,\n\n,FMM:p89:4,FMM:p90:0,69,163,232,0
1587,\n\n,FMM:p90:0,FMM:p90:1,163,179,343,1
1588,\n\n,FMM:p90:1,FMM:p90:2,179,141,321,1
1589,\n\n,FMM:p90:2,FMM:p91:0,141,220,362,1
1590,\n\n,FMM:p91:0,FMM:p91:1,220,191,412,1
1591,\n\n,FMM:p91:1,FMM:p92:0,191,118,310,1
1592,\n\n,FMM:p92:0,FMM:p92:1,118,97,216,1
1593,\n\n,FMM:p92:1,FMM:p92:2,97,242,339,0
1594,\n\n,FMM:p92:2,FMM:p92:3,242,235,477,0
1595,\n\n,FMM:p92:3,FMM:p93:0,235,197,433,1
1596,\n\n,FMM:p93:0,FMM:p93:1,197,166,364,1
1597,\n\n,FMM:p93:1,FMM:p93:2,166,204,371,1
1598,\n\n,FMM:p93:2,FMM:p94:0,204,173,378,1
1599,\n\n,FMM:p94:0,FMM:p94:1,173,158,332,1
1600,\n\n,FMM:p94:1,FMM:p94:2,158,155,314,1
1601,\n\n,FMM:p94:2,FMM:p94:3,155,129,284,0
1602,\n\n,FMM:p94:3,FMM:p95:0,129,196,326,1
1603,\n\n,FMM:p95:0,FMM:p95:1,196,177,374,1
1604,\n\n,FMM:p95:1,FMM:p95:2,177,64,242,1
1605,\n\n,FMM:p95:2,FMM:p96:0,64,102,167,1
1606,\n\n,FMM:p96:0,FMM:p96:1,102,144,247,1
1607,\n\n,FMM:p96:1,FMM:p96:2,144,54,199,1
1608,\n\n,FMM:p96:2,FMM:p96:3,54,224,279,1
1609,\n\n,FMM:p96:3,FMM:p97:0,224,214,439,1
1610,\n\n,FMM:p97:0,FMM:p97:1,214,29,244,1
1611,\n\n,FMM:p97:1,FMM:p97:2,29,133,163,1
1612,\n\n,FMM:p97:2,FMM:p97:3,133,169,303,1
1613,\n\n,FMM:p97:3,FMM:p97:4,169,79,249,1
1614,\n\n,FMM:p97:4,FMM:p98:0,79,111,191,1
1615,\n\n,FMM:p98:0,FMM:p98:1,111,143,255,1
1616,\n\n,FMM:p98:1,FMM:p98:2,143,50,193,0
1617,\n\n,FMM:p98:2,FMM:p98:3,50,156,207,1
1618,\n\n,FMM:p98:3,FMM:p99:0,156,242,399,1
1619,\n\n,FMM:p99:0,FMM:p99:1,242,290,532,0
1620,\n\n,FMM:p99:1,FMM:p99:2,290,181,472,1
1621,\n\n,FMM:p99:2,FMM:p100:0,181,200,382,1
1622,\n\n,FMM:p100:0,FMM:p100:1,200,203,404,1
1623,\n\n,FMM:p100:1,FMM:p100:2,203,113,317,1
1624,\n\n,FMM:p100:2,FMM:p101:0,113,206,319,0
1625,\n\n,FMM:p101:0,FMM:p101:1,206,217,423,0
1626,\n\n,FMM:p101:1,FMM:p101:2,217,277,494,0
1627,\n\n,FMM:p101:2,FMM:p102:0,277,87,365,1
1628,\n\n,FMM:p102:0,FMM:p102:1,87,247,334,0
1629,\n\n,FMM:p102:1,FMM:p102:2,247,163,411,1
1630,\n\n,FMM:p102:2,FMM:p102:3,163,72,235,0
1631,\n\n,FMM:p102:3,FMM:p103:0,72,204,276,0
1632,\n\n,FMM:p103:0,FMM:p103:1,204,128,332,0
1633,\n\n,FMM:p103:1,FMM:p104:0,128,174,302,0
1634,\n\n,FMM:p104:0,FMM:p104:1,174,293,468,1
1635,\n\n,FMM:p104:1,FMM:p104:2,293,90,384,1
1636,\n\n,FMM:p104:2,FMM:p105:0,90,183,273,0
1637,\n\n,FMM:p105:0,FMM:p105:1,183,205,389,1
1638,\n\n,FMM:p105:1,FMM:p105:2,205,170,376,1
1639,\n\n,FMM:p105:2,FMM:p106:0,170,272,442,0
1640,\n\n,FMM:p106:0,FMM:p106:1,272,175,447,0
1641,\n\n,FMM:p106:1,FMM:p106:2,175,182,357,0
1642,\n\n,FMM:p106:2,FMM:p107:0,182,186,368,0
1643,\n\n,FMM:p107:0,FMM:p107:1,186,198,384,0
1644,\n\n,FMM:p107:1,FMM:p107:2,198,198,396,0
1645,\n\n,FMM:p107:2,FMM:p108:0,198,205,404,1
1646,\n\n,FMM:p108:0,FMM:p108:1,205,146,352,1
1647,\n\n,FMM:p108:1,FMM:p108:2,146,174,321,1
1648,\n\n,FMM:p108:2,FMM:p109:0,174,225,400,1
1649,\n\n,FMM:p109:0,FMM:p109:1,225,152,378,1
1650,\n\n,FMM:p109:1,FMM:p109:2,152,127,280,1
1651,\n\n,FMM:p109:2,FMM:p110:0,127,236,363,0
1652,\n\n,FMM:p110:0,FMM:p110:1,236,216,453,1
1653,\n\n,FMM:p110:1,FMM:p110:2,216,47,264,1
1654,\n\n,FMM:p110:2,FMM:p111:0,47,234,282,1
1655,\n\n,FMM:p111:0,FMM:p111:1,234,112,347,1
1656,\n\n,FMM:p111:1,FMM:p111:2,112,114,227,1
1657,\n\n,FMM:p111:2,FMM:p112:0,114,200,315,1
1658,\n\n,FMM:p112:0,FMM:p112:1,200,39,239,0
1659,\n\n,FMM:p112:1,FMM:p113:0,39,598,638,1
1660,\n\n,FMM:p113:0,FMM:p114:0,598,589,1188,1
1661,\n\n,FMM:p114:0,FMM:p115:0,589,470,1060,1
1662,\n\n,FMM:p115:0,FMM:p116:0,470,75,546,1
1663,\n\n,FMM:p116:0,FMM:p116:1,75,232,308,1
1664,\n\n,FMM:p116:1,FMM:p116:2,232,222,454,0
1665,\n\n,FMM:p116:2,FMM:p116:3,222,143,365,0
1666,\n\n,FMM:p116:3,FMM:p117:0,143,175,318,0
1667,\n\n,FMM:p117:0,FMM:p117:1,175,224,400,1
1668,\n\n,FMM:p117:1,FMM:p117:2,224,226,451,1
1669,\n\n,FMM:p117:2,FMM:p118:0,226,143,370,1
1670,\n\n,FMM:p118:0,FMM:p118:1,143,222,365,0
1671,\n\n,FMM:p118:1,FMM:p118:2,222,165,388,1
1672,\n\n,FMM:p118:2,FMM:p119:0,165,105,271,1
1673,\n\n,FMM:p119:0,FMM:p119:1,105,180,285,0
1674,\n\n,FMM:p119:1,FMM:p120:0,180,206,386,0
1675,\n\n,FMM:p120:0,FMM:p120:1,206,263,469,0
1676,\n\n,FMM:p120:1,FMM:p121:0,263,218,481,0
1677,\n\n,FMM:p121:0,FMM:p121:1,218,156,374,0
1678,\n\n,FMM:p121:1,FMM:p122:0,156,181,337,0
1679,\n\n,FMM:p122:0,FMM:p122:1,181,74,255,0
1680,\n\n,FMM:p122:1,FMM:p122:2,74,126,200,0
1681,\n\n,FMM:p122:2,FMM:p122:3,126,187,314,1
1682,\n\n,FMM:p122:3,FMM:p122:4,187,139,327,1
1683,\n\n,FMM:p122:4,FMM:p123:0,139,250,390,1
1684,\n\n,FMM:p123:0,FMM:p123:1,250,62,313,1
1685,\n\n,FMM:p123:1,FMM:p123:2,62,240,302,0
1686,\n\n,FMM:p123:2,FMM:p124:0,240,205,446,1
1687,\n\n,FMM:p124:0,FMM:p124:1,205,275,481,1
1688,\n\n,FMM:p124:1,FMM:p124:2,275,83,358,0
1689,\n\n,FMM:p124:2,FMM:p124:3,83,176,259,0
1690,\n\n,FMM:p124:3,FMM:p125:0,176,175,351,0
1691,\n\n,FMM:p125:0,FMM:p125:1,175,195,370,0
1692,\n\n,FMM:p125:1,FMM:p126:0,195,298,494,1
1693,\n\n,FMM:p126:0,FMM:p126:1,298,288,587,1
1694,\n\n,FMM:p126:1,FMM:p127:0,288,275,564,1
1695,\n\n,FMM:p127:0,FMM:p128:0,275,196,472,1
1696,\n\n,FMM:p128:0,FMM:p128:1,196,170,367,1
1697,\n\n,FMM:p128:1,FMM:p128:2,170,212,382,0
1698,\n\n,FMM:p128:2,FMM:p129:0,212,237,450,1
1699,\n\n,FMM:p129:0,FMM:p129:1,237,241,479,1
1700,\n\n,FMM:p129:1,FMM:p129:2,241,94,335,0
1701,\n\n,FMM:p129:2,FMM:p130:0,94,82,176,0
1702,\n\n,FMM:p130:0,FMM:p130:1,82,236,319,1
1703,\n\n,FMM:p130:1,FMM:p130:2,236,251,488,1
1704,\n\n,FMM:p130:2,FMM:p131:0,251,71,323,1
1705,\n\n,FMM:p131:0,FMM:p131:1,71,218,289,0
1706,\n\n,FMM:p131:1,FMM:p131:2,218,60,279,1
1707,\n\n,FMM:p131:2,FMM:p131:3,60,241,302,1
1708,\n\n,FMM:p131:3,FMM:p131:4,241,202,444,1
1709,\n\n,FMM:p131:4,FMM:p132:0,202,190,392,0
1710,\n\n,FMM:p132:0,FMM:p132:1,190,208,399,1
1711,\n\n,FMM:p132:1,FMM:p132:2,208,198,406,0
1712,\n\n,FMM:p132:2,FMM:p132:3,198,55,254,1
1713,\n\n,FMM:p132:3,FMM:p133:0,55,75,131,1
1714,\n\n,FMM:p133:0,FMM:p133:1,75,233,309,1
1715,\n\n,FMM:p133:1,FMM:p133:2,233,76,310,1
1716,\n\n,FMM:p133:2,FMM:p133:3,76,220,297,1
1717,\n\n,FMM:p133:3,FMM:p133:4,220,148,368,0
1718,\n\n,FMM:p133:4,FMM:p133:5,148,71,219,0
1719,\n\n,FMM:p133:5,FMM:p134:0,71,118,190,1
1720,\n\n,FMM:p134:0,FMM:p134:1,118,234,352,0
1721,\n\n,FMM:p134:1,FMM:p134:2,234,170,405,1
1722,\n\n,FMM:p134:2,FMM:p134:3,170,74,245,1
1723,\n\n,FMM:p134:3,FMM:p134:4,74,130,205,1
1724,\n\n,FMM:p134:4,FMM:p135:0,130,262,393,1
1725,\n\n,FMM:p135:0,FMM:p135:1,262,136,398,0
1726,\n\n,FMM:p135:1,FMM:p135:2,136,113,250,1
1727,\n\n,FMM:p135:2,FMM:p136:0,113,256,369,0
1728,\n\n,FMM:p136:0,FMM:p136:1,256,274,530,0
1729,\n\n,FMM:p136:1,FMM:p136:2,274,236,510,0
1730,\n\n,FMM:p136:2,FMM:p137:0,236,75,312,1
1731,\n\n,FMM:p137:0,FMM:p138:0,75,14,90,1
1732,\n\n,FMM:p138:0,FMM:p138:1,14,252,267,1
1733,\n\n,FMM:p138:1,FMM:p138:2,252,207,459,0
1734,\n\n,FMM:p138:2,FMM:p138:3,207,216,423,0
1735,\n\n,FMM:p138:3,FMM:p138:4,216,124,341,1
1736,\n\n,FMM:p138:4,FMM:p139:0,124,210,335,1
1737,\n\n,FMM:p139:0,FMM:p139:1,210,132,343,1
1738,\n\n,FMM:p139:1,FMM:p139:2,132,124,257,1
1739,\n\n,FMM:p139:2,FMM:p139:3,124,127,251,0
1740,\n\n,FMM:p139:3,FMM:p140:0,127,238,365,0
1741,\n\n,FMM:p140:0,FMM:p140:1,238,235,473,0
1742,\n\n,FMM:p140:1,FMM:p140:2,235,262,498,1
1743,\n\n,FMM:p140:2,FMM:p140:3,262,49,311,0
1744,\n\n,FMM:p140:3,FMM:p140:4,49,41,90,0
1745,\n\n,FMM:p140:4,FMM:p141:0,41,185,227,1
1746,\n\n,FMM:p141:0,FMM:p141:1,185,159,344,0
1747,\n\n,FMM:p141:1,FMM:p141:2,159,136,295,0
1748,\n\n,FMM:p141:2,FMM:p141:3,136,230,366,0
1749,\n\n,FMM:p141:3,FMM:p141:4,230,79,309,0
1750,\n\n,FMM:p141:4,FMM:p142:0,79,68,148,1
1751,\n\n,FMM:p142:0,FMM:p142:1,68,272,341,1
1752,\n\n,FMM:p142:1,FMM:p142:2,272,118,391,1
1753,\n\n,FMM:p142:2,FMM:p142:3,118,223,341,0
1754,\n\n,FMM:p142:3,FMM:p142:4,223,153,377,1
1755,\n\n,FMM:p142:4,FMM:p143:0,153,216,369,0
1756,\n\n,FMM:p143:0,FMM:p143:1,216,224,441,1
1757,\n\n,FMM:p143:1,FMM:p143:2,224,120,344,0
1758,\n\n,FMM:p143:2,FMM:p143:3,120,102,223,1
1759,\n\n,FMM:p143:3,FMM:p144:0,102,69,172,1
1760,\n\n,FMM:p144:0,FMM:p144:1,69,186,256,1
1761,\n\n,FMM:p144:1,FMM:p144:2,186,72,259,1
1762,\n\n,FMM:p144:2,FMM:p144:3,72,64,137,1
1763,\n\n,FMM:p144:3,FMM:p144:4,64,216,281,1
1764,\n\n,FMM:p144:4,FMM:p144:5,216,101,317,0
1765,\n\n,FMM:p144:5,FMM:p145:0,101,173,275,1
1766,\n\n,FMM:p145:0,FMM:p145:1,173,49,223,1
1767,\n\n,FMM:p145:1,FMM:p145:2,49,82,131,0
1768,\n\n,FMM:p145:2,FMM:p145:3,82,150,233,1
1769,\n\n,FMM:p145:3,FMM:p145:4,150,115,266,1
1770,\n\n,FMM:p145:4,FMM:p146:0,115,247,363,1
1771,\n\n,FMM:p146:0,FMM:p146:1,247,149,396,0
1772,\n\n,FMM:p146:1,FMM:p146:2,149,196,346,1
1773,\n\n,FMM:p146:2,FMM:p146:3,196,77,274,1
1774,\n\n,FMM:p146:3,FMM:p147:0,77,213,291,1
1775,\n\n,FMM:p147:0,FMM:p147:1,213,38,252,1
1776,\n\n,FMM:p147:1,FMM:p147:2,38,305,343,0
1777,\n\n,FMM:p147:2,FMM:p147:3,305,139,444,0
1778,\n\n,FMM:p147:3,FMM:p148:0,139,119,259,1
1779,\n\n,FMM:p148:0,FMM:p148:1,119,194,314,1
1780,\n\n,FMM:p148:1,FMM:p148:2,194,40,235,1
1781,\n\n,FMM:p148:2,FMM:p148:3,40,218,259,1
1782,\n\n,FMM:p148:3,FMM:p149:0,218,199,417,0
1783,\n\n,FMM:p149:0,FMM:p149:1,199,98,298,1
1784,\n\n,FMM:p149:1,FMM:p149:2,98,219,318,1
1785,\n\n,FMM:p149:2,FMM:p150:0,219,54,273,0
1786,\n\n,FMM:p150:0,FMM:p150:1,54,223,278,1
1787,\n\n,FMM:p150:1,FMM:p150:2,223,175,398,0
1788,\n\n,FMM:p150:2,FMM:p150:3,175,90,265,0
1789,\n\n,FMM:p150:3,FMM:p150:4,90,260,351,1
1790,\n\n,FMM:p150:4,FMM:p151:0,260,180,440,0
1791,\n\n,FMM:p151:0,FMM:p151:1,180,101,282,1
1792,\n\n,FMM:p151:1,FMM:p151:2,101,229,331,1
1793,\n\n,FMM:p151:2,FMM:p152:0,229,284,513,0
1794,\n\n,FMM:p152:0,FMM:p152:1,284,119,403,0
1795,\n\n,FMM:p152:1,FMM:p153:0,119,198,317,0
1796,\n\n,FMM:p153:0,FMM:p153:1,198,135,333,0
1797,\n\n,FMM:p153:1,FMM:p154:0,135,128,264,1
1798,\n\n,FMM:p154:0,FMM:p154:1,128,264,393,1
1799,\n\n,FMM:p154:1,FMM:p154:2,264,77,342,1
1800,\n\n,FMM:p154:2,FMM:p154:3,77,186,263,0
1801,\n\n,FMM:p154:3,FMM:p155:0,186,211,398,1
1802,\n\n,FMM:p155:0,FMM:p155:1,211,240,452,1
1803,\n\n,FMM:p155:1,FMM:p156:0,240,208,449,1
1804,\n\n,FMM:p156:0,FMM:p156:1,208,229,438,1
1805,\n\n,FMM:p156:1,FMM:p156:2,229,277,506,0
1806,\n\n,FMM:p156:2,FMM:p156:3,277,119,396,0
1807,\n\n,FMM:p156:3,FMM:p157:0,119,218,337,0
1808,\n\n,FMM:p157:0,FMM:p157:1,218,105,324,1
1809,\n\n,FMM:p157:1,FMM:p158:0,105,128,233,0
1810,\n\n,FMM:p158:0,FMM:p158:1,128,264,393,1
1811,\n\n,FMM:p158:1,FMM:p158:2,264,101,366,1
1812,\n\n,FMM:p158:2,FMM:p159:0,101,211,313,1
1813,\n\n,FMM:p159:0,FMM:p159:1,211,265,477,1
1814,\n\n,FMM:p159:1,FMM:p159:2,265,63,328,0
1815,\n\n,FMM:p159:2,FMM:p159:3,63,261,324,0
1816,\n\n,FMM:p159:3,FMM:p160:0,261,154,415,0
1817,\n\n,FMM:p160:0,FMM:p160:1,154,98,253,1
1818,\n\n,FMM:p160:1,FMM:p160:2,98,206,305,1
1819,\n\n,FMM:p160:2,FMM:p160:3,206,100,307,1
1820,\n\n,FMM:p160:3,FMM:p161:0,100,20,120,0
1821,\n\n,FMM:p161:0,FMM:p161:1,20,224,245,1
1822,\n\n,FMM:p161:1,FMM:p161:2,224,236,461,1
1823,\n\n,FMM:p161:2,FMM:p161:3,236,185,421,0
1824,\n\n,FMM:p161:3,FMM:p162:0,185,259,444,0
1825,\n\n,FMM:p162:0,FMM:p162:1,259,231,491,1
1826,\n\n,FMM:p162:1,FMM:p163:0,231,111,343,1
1827,\n\n,FMM:p163:0,FMM:p163:1,111,196,307,0
1828,\n\n,FMM:p163:1,FMM:p163:2,196,245,442,1
1829,\n\n,FMM:p163:2,FMM:p163:3,245,76,322,1
1830,\n\n,FMM:p163:3,FMM:p164:0,76,135,211,0
1831,\n\n,FMM:p164:0,FMM:p164:1,135,227,363,1
1832,\n\n,FMM:p164:1,FMM:p164:2,227,94,321,0
1833,\n\n,FMM:p164:2,FMM:p165:0,94,23,117,0
1834,\n\n,FMM:p165:0,FMM:p165:1,23,257,281,1
1835,\n\n,FMM:p165:1,FMM:p165:2,257,55,313,1
1836,\n\n,FMM:p165:2,FMM:p165:3,55,271,326,0
1837,\n\n,FMM:p165:3,FMM:p165:4,271,63,335,1
1838,\n\n,FMM:p165:4,FMM:p166:0,63,204,267,0
1839,\n\n,FMM:p166:0,FMM:p166:1,204,253,458,1
1840,\n\n,FMM:p166:1,FMM:p166:2,253,68,321,0
1841,\n\n,FMM:p166:2,FMM:p166:3,68,259,328,1
1842,\n\n,FMM:p166:3,FMM:p166:4,259,184,443,0
1843,\n\n,FMM:p166:4,FMM:p167:0,184,216,400,0
1844,\n\n,FMM:p167:0,FMM:p167:1,216,75,292,1
1845,\n\n,FMM:p167:1,FMM:p168:0,75,545,621,1
1846,\n\n,FMM:p168:0,FMM:p168:1,545,72,618,1
1847,\n\n,FMM:p168:1,FMM:p169:0,72,533,606,1
1848,\n\n,FMM:p169:0,FMM:p170:0,533,375,909,1
1849,\n\n,FMM:p170:0,FMM:p170:1,375,103,478,0
1850,\n\n,FMM:p170:1,FMM:p171:0,103,321,424,0
1851,\n\n,FMM:p171:0,FMM:p171:1,321,65,387,1
1852,\n\n,FMM:p171:1,FMM:p171:2,65,236,301,0
1853,\n\n,FMM:p171:2,FMM:p171:3,236,268,505,1
1854,\n\n,FMM:p171:3,FMM:p171:4,268,65,333,0
1855,\n\n,FMM:p171:4,FMM:p172:0,65,275,340,0
1856,\n\n,FMM:p172:0,FMM:p172:1,275,129,404,0
1857,\n\n,FMM:p172:1,FMM:p172:2,129,241,370,0
1858,\n\n,FMM:p172:2,FMM:p173:0,241,231,472,0
1859,\n\n,FMM:p173:0,FMM:p173:1,231,236,467,0
1860,\n\n,FMM:p173:1,FMM:p173:2,236,203,440,1
1861,\n\n,FMM:p173:2,FMM:p174:0,203,208,411,0
1862,\n\n,FMM:p174:0,FMM:p174:1,208,241,449,0
1863,\n\n,FMM:p174:1,FMM:p174:2,241,199,441,1
1864,\n\n,FMM:p174:2,FMM:p175:0,199,262,461,0
1865,\n\n,FMM:p175:0,FMM:p175:1,262,46,309,1
1866,\n\n,FMM:p175:1,FMM:p175:2,46,227,273,0
1867,\n\n,FMM:p175:2,FMM:p176:0,227,289,516,0
1868,\n\n,FMM:p176:0,FMM:p176:1,289,268,557,0
1869,\n\n,FMM:p176:1,FMM:p176:2,268,76,344,0
1870,\n\n,FMM:p176:2,FMM:p177:0,76,318,394,0
1871,\n\n,FMM:p177:0,FMM:p177:1,318,304,622,0
1872,\n\n,FMM:p177:1,FMM:p177:2,304,97,401,0
1873,\n\n,FMM:p177:2,FMM:p178:0,97,279,376,0
1874,\n\n,FMM:p178:0,FMM:p178:1,279,298,578,1
1875,\n\n,FMM:p178:1,FMM:p178:2,298,99,397,0
1876,\n\n,FMM:p178:2,FMM:p178:3,99,278,377,0
1877,\n\n,FMM:p178:3,FMM:p179:0,278,346,624,0
1878,\n\n,FMM:p179:0,FMM:p179:1,346,324,670,0
1879,\n\n,FMM:p179:1,FMM:p180:0,324,244,568,0
1880,\n\n,FMM:p180:0,FMM:p180:1,244,301,545,0
1881,\n\n,FMM:p180:1,FMM:p180:2,301,85,387,1
1882,\n\n,FMM:p180:2,FMM:p181:0,85,157,243,1
1883,\n\n,FMM:p181:0,FMM:p181:1,157,212,369,0
1884,\n\n,FMM:p181:1,FMM:p181:2,212,115,328,1
1885,\n\n,FMM:p181:2,FMM:p181:3,115,182,297,0
1886,\n\n,FMM:p181:3,FMM:p182:0,182,139,321,0
1887,\n\n,FMM:p182:0,FMM:p182:1,139,187,327,1
1888,\n\n,FMM:p182:1,FMM:p182:2,187,221,409,1
1889,\n\n,FMM:p182:2,FMM:p183:0,221,233,454,0
1890,\n\n,FMM:p183:0,FMM:p183:1,233,173,406,0
1891,\n\n,FMM:p183:1,FMM:p183:2,173,49,222,0
1892,\n\n,FMM:p183:2,FMM:p184:0,49,172,221,0
1893,\n\n,FMM:p184:0,FMM:p184:1,172,186,359,1
1894,\n\n,FMM:p184:1,FMM:p184:2,186,272,459,1
1895,\n\n,FMM:p184:2,FMM:p184:3,272,64,337,1
1896,\n\n,FMM:p184:3,FMM:p184:4,64,41,105,0
1897,\n\n,FMM:p184:4,FMM:p185:0,41,167,209,1
1898,\n\n,FMM:p185:0,FMM:p185:1,167,80,248,1
1899,\n\n,FMM:p185:1,FMM:p185:2,80,196,277,1
1900,\n\n,FMM:p185:2,FMM:p186:0,196,136,332,0
1901,\n\n,FMM:p186:0,FMM:p186:1,136,245,382,1
1902,\n\n,FMM:p186:1,FMM:p186:2,245,196,442,1
1903,\n\n,FMM:p186:2,FMM:p186:3,196,289,486,1
1904,\n\n,FMM:p186:3,FMM:p187:0,289,254,543,0
1905,\n\n,FMM:p187:0,FMM:p187:1,254,299,554,1
1906,\n\n,FMM:p187:1,FMM:p188:0,299,289,589,1
1907,\n\n,FMM:p188:0,FMM:p188:1,289,243,532,0
1908,\n\n,FMM:p188:1,FMM:p188:2,243,184,428,1
1909,\n\n,FMM:p188:2,FMM:p189:0,184,266,450,0
1910,\n\n,FMM:p189:0,FMM:p189:1,266,288,554,0
1911,\n\n,FMM:p189:1,FMM:p189:2,288,190,479,1
1912,\n\n,FMM:p189:2,FMM:p190:0,190,205,395,0
1913,\n\n,FMM:p190:0,FMM:p190:1,205,290,496,1
1914,\n\n,FMM:p190:1,FMM:p190:2,290,34,324,0
1915,\n\n,FMM:p190:2,FMM:p190:3,34,244,278,0
1916,\n\n,FMM:p190:3,FMM:p191:0,244,279,523,0
1917,\n\n,FMM:p191:0,FMM:p191:1,279,64,344,1
1918,\n\n,FMM:p191:1,FMM:p191:2,64,303,367,0
1919,\n\n,FMM:p191:2,FMM:p191:3,303,60,364,1
1920,\n\n,FMM:p191:3,FMM:p191:4,60,134,194,0
1921,\n\n,FMM:p191:4,FMM:p192:0,134,268,402,0
1922,\n\n,FMM:p192:0,FMM:p192:1,268,299,567,0
1923,\n\n,FMM:p192:1,FMM:p192:2,299,212,511,0
1924,\n\n,FMM:p192:2,FMM:p193:0,212,277,489,0
1925,\n\n,FMM:p193:0,FMM:p193:1,277,161,439,1
1926,\n\n,FMM:p193:1,FMM:p193:2,161,107,269,1
1927,\n\n,FMM:p193:2,FMM:p194:0,107,182,289,0
1928,\n\n,FMM:p194:0,FMM:p194:1,182,198,380,0
1929,\n\n,FMM:p194:1,FMM:p194:2,198,233,432,1
1930,\n\n,FMM:p194:2,FMM:p195:0,233,203,436,0
1931,\n\n,FMM:p195:0,FMM:p195:1,203,323,527,1
1932,\n\n,FMM:p195:1,FMM:p195:2,323,167,490,0
1933,\n\n,FMM:p195:2,FMM:p196:0,167,265,432,0
1934,\n\n,FMM:p196:0,FMM:p196:1,265,66,332,1
1935,\n\n,FMM:p196:1,FMM:p196:2,66,289,355,0
1936,\n\n,FMM:p196:2,FMM:p196:3,289,227,517,1
1937,\n\n,FMM:p196:3,FMM:p197:0,227,145,372,0
1938,\n\n,FMM:p197:0,FMM:p197:1,145,276,421,0
1939,\n\n,FMM:p197:1,FMM:p197:2,276,319,595,0
1940,\n\n,FMM:p197:2,FMM:p198:0,319,134,454,1
1941,\n\n,FMM:p198:0,FMM:p199:0,134,211,345,0
1942,\n\n,FMM:p199:0,FMM:p199:1,211,210,421,0
1943,\n\n,FMM:p199:1,FMM:p200:0,210,283,494,1
1944,\n\n,FMM:p200:0,FMM:p200:1,283,144,427,0
1945,\n\n,FMM:p200:1,FMM:p201:0,144,436,580,0
1946,\n\n,FMM:p201:0,FMM:p202:0,436,504,941,1
1947,\n\n,FMM:p202:0,FMM:p203:0,504,447,952,1
1948,\n\n,FMM:p203:0,FMM:p204:0,447,197,645,1
1949,\n\n,FMM:p204:0,FMM:p204:1,197,241,439,1
1950,\n\n,FMM:p204:1,FMM:p204:2,241,169,411,1
1951,\n\n,FMM:p204:2,FMM:p205:0,169,22,191,0
1952,\n\n,FMM:p205:0,FMM:p205:1,22,273,296,1
1953,\n\n,FMM:p205:1,FMM:p205:2,273,41,315,1
1954,\n\n,FMM:p205:2,FMM:p205:3,41,55,96,0
1955,\n\n,FMM:p205:3,FMM:p206:0,55,140,196,1
1956,\n\n,FMM:p206:0,FMM:p206:1,140,256,397,1
1957,\n\n,FMM:p206:1,FMM:p206:2,256,153,409,0
1958,\n\n,FMM:p206:2,FMM:p207:0,153,21,174,0
1959,\n\n,FMM:p207:0,FMM:p207:1,21,252,274,1
1960,\n\n,FMM:p207:1,FMM:p207:2,252,62,314,0
1961,\n\n,FMM:p207:2,FMM:p207:3,62,78,140,0
1962,\n\n,FMM:p207:3,FMM:p207:4,78,320,398,0
1963,\n\n,FMM:p207:4,FMM:p207:5,320,142,462,0
1964,\n\n,FMM:p207:5,FMM:p208:0,142,203,345,0
1965,\n\n,FMM:p208:0,FMM:p208:1,203,298,502,1
1966,\n\n,FMM:p208:1,FMM:p208:2,298,143,441,0
1967,\n\n,FMM:p208:2,FMM:p209:0,143,225,368,0
1968,\n\n,FMM:p209:0,FMM:p209:1,225,186,412,1
1969,\n\n,FMM:p209:1,FMM:p209:2,186,249,435,0
1970,\n\n,FMM:p209:2,FMM:p209:3,249,43,292,0
1971,\n\n,FMM:p209:3,FMM:p210:0,43,233,276,0
1972,\n\n,FMM:p210:0,FMM:p210:1,233,133,367,1
1973,\n\n,FMM:p210:1,FMM:p211:0,133,207,340,0
1974,\n\n,FMM:p211:0,FMM:p211:1,207,208,416,1
1975,\n\n,FMM:p211:1,FMM:p211:2,208,109,318,1
1976,\n\n,FMM:p211:2,FMM:p212:0,109,207,316,0
1977,\n\n,FMM:p212:0,FMM:p212:1,207,230,438,1
1978,\n\n,FMM:p212:1,FMM:p212:2,230,284,514,0
1979,\n\n,FMM:p212:2,FMM:p213:0,284,143,427,0
1980,\n\n,FMM:p213:0,FMM:p213:1,143,220,363,0
1981,\n\n,FMM:p213:1,FMM:p213:2,220,186,407,1
1982,\n\n,FMM:p213:2,FMM:p214:0,186,249,435,0
1983,\n\n,FMM:p214:0,FMM:p214:1,249,212,461,0
1984,\n\n,FMM:p214:1,FMM:p214:2,212,182,395,1
1985,\n\n,FMM:p214:2,FMM:p215:0,182,318,500,0
1986,\n\n,FMM:p215:0,FMM:p215:1,318,297,615,0
1987,\n\n,FMM:p215:1,FMM:p216:0,297,181,478,0
1988,\n\n,FMM:p216:0,FMM:p216:1,181,178,359,0
1989,\n\n,FMM:p216:1,FMM:p216:2,178,46,225,1
1990,\n\n,FMM:p216:2,FMM:p216:3,46,306,353,1
1991,\n\n,FMM:p216:3,FMM:p216:4,306,45,351,0
1992,\n\n,FMM:p216:4,FMM:p217:0,45,331,376,0
1993,\n\n,FMM:p217:0,FMM:p217:1,331,279,610,0
1994,\n\n,FMM:p217:1,FMM:p218:0,279,214,493,0
1995,\n\n,FMM:p218:0,FMM:p218:1,214,174,389,1
1996,\n\n,FMM:p218:1,FMM:p218:2,174,171,345,0
1997,\n\n,FMM:p218:2,FMM:p219:0,171,141,312,0
1998,\n\n,FMM:p219:0,FMM:p219:1,141,191,333,1
1999,\n\n,FMM:p219:1,FMM:p219:2,191,81,273,1
2000,\n\n,FMM:p219:2,FMM:p220:0,81,193,274,0
2001,\n\n,FMM:p220:0,FMM:p220:1,193,180,374,1
2002,\n\n,FMM:p220:1,FMM:p220:2,180,139,320,1
2003,\n\n,FMM:p220:2,FMM:p221:0,139,189,328,0
2004,\n\n,FMM:p221:0,FMM:p221:1,189,283,473,1
2005,\n\n,FMM:p221:1,FMM:p221:2,283,113,397,1
2006,\n\n,FMM:p221:2,FMM:p222:0,113,236,349,0
2007,\n\n,FMM:p222:0,FMM:p222:1,236,254,491,1
2008,\n\n,FMM:p222:1,FMM:p222:2,254,127,382,1
2009,\n\n,FMM:p222:2,FMM:p222:3,127,71,199,1
2010,\n\n,FMM:p222:3,FMM:p223:0,71,120,192,1
2011,\n\n,FMM:p223:0,FMM:p223:1,120,115,236,1
2012,\n\n,FMM:p223:1,FMM:p223:2,115,218,334,1
2013,\n\n,FMM:p223:2,FMM:p223:3,218,51,270,1
2014,\n\n,FMM:p223:3,FMM:p224:0,51,189,240,0
2015,\n\n,FMM:p224:0,FMM:p224:1,189,210,400,1
2016,\n\n,FMM:p224:1,FMM:p225:0,210,161,372,1
2017,\n\n,FMM:p225:0,FMM:p225:1,161,220,382,1
2018,\n\n,FMM:p225:1,FMM:p225:2,220,224,444,0
2019,\n\n,FMM:p225:2,FMM:p226:0,224,288,512,0
2020,\n\n,FMM:p226:0,FMM:p226:1,288,91,379,0
2021,\n\n,FMM:p226:1,FMM:p227:0,91,273,365,1
2022,\n\n,FMM:p227:0,FMM:p227:1,273,166,440,1
2023,\n\n,FMM:p227:1,FMM:p227:2,166,177,343,0
2024,\n\n,FMM:p227:2,FMM:p228:0,177,326,503,0
2025,\n\n,FMM:p228:0,FMM:p228:1,326,93,420,1
2026,\n\n,FMM:p228:1,FMM:p229:0,93,267,360,0
2027,\n\n,FMM:p229:0,FMM:p229:1,267,224,492,1
2028,\n\n,FMM:p229:1,FMM:p230:0,224,259,483,0
2029,\n\n,FMM:p230:0,FMM:p230:1,259,147,406,0
2030,\n\n,FMM:p230:1,FMM:p231:0,147,131,279,1
2031,\n\n,FMM:p231:0,FMM:p231:1,131,270,402,1
2032,\n\n,FMM:p231:1,FMM:p231:2,270,124,395,1
2033,\n\n,FMM:p231:2,FMM:p232:0,124,273,398,1
2034,\n\n,FMM:p232:0,FMM:p232:1,273,225,499,1
2035,\n\n,FMM:p232:1,FMM:p233:0,225,265,491,1
2036,\n\n,FMM:p233:0,FMM:p233:1,265,224,489,0
2037,\n\n,FMM:p233:1,FMM:p234:0,224,254,479,1
2038,\n\n,FMM:p234:0,FMM:p234:1,254,186,440,0
2039,\n\n,FMM:p234:1,FMM:p235:0,186,269,455,0
2040,\n\n,FMM:p235:0,FMM:p235:1,269,61,331,1
2041,\n\n,FMM:p235:1,FMM:p236:0,61,174,236,1
2042,\n\n,FMM:p236:0,FMM:p236:1,174,137,312,1
2043,\n\n,FMM:p236:1,FMM:p236:2,137,125,263,1
2044,\n\n,FMM:p236:2,FMM:p237:0,125,180,305,0
2045,\n\n,FMM:p237:0,FMM:p237:1,180,182,363,1
2046,\n\n,FMM:p237:1,FMM:p238:0,182,229,412,1
2047,\n\n,FMM:p238:0,FMM:p238:1,229,162,392,1
2048,\n\n,FMM:p238:1,FMM:p239:0,162,43,206,1
2049,\n\n,FMM:p239:0,FMM:p240:0,43,536,580,1
2050,\n\n,FMM:p240:0,FMM:p240:1,536,139,676,1
2051,\n\n,FMM:p240:1,FMM:p241:0,139,514,654,1
2052,\n\n,FMM:p241:0,FMM:p241:1,514,129,643,0
2053,\n\n,FMM:p241:1,FMM:p242:0,129,461,591,1
2054,\n\n,FMM:p242:0,FMM:p242:1,461,158,620,1
2055,\n\n,FMM:p242:1,FMM:p243:0,158,350,509,1
2056,\n\n,FMM:p243:0,FMM:p244:0,350,266,617,1
2057,\n\n,FMM:p244:0,FMM:p244:1,266,260,527,1
2058,\n\n,FMM:p244:1,FMM:p245:0,260,235,495,0
2059,\n\n,FMM:p245:0,FMM:p245:1,235,66,301,0
2060,\n\n,FMM:p245:1,FMM:p245:2,66,300,367,1
2061,\n\n,FMM:p245:2,FMM:p245:3,300,263,563,0
2062,\n\n,FMM:p245:3,FMM:p245:4,263,35,299,1
2063,\n\n,FMM:p245:4,FMM:p246:0,35,263,298,0
2064,\n\n,FMM:p246:0,FMM:p246:1,263,245,509,1
2065,\n\n,FMM:p246:1,FMM:p247:0,245,223,468,0
2066,\n\n,FMM:p247:0,FMM:p247:1,223,70,294,1
2067,\n\n,FMM:p247:1,FMM:p248:0,70,220,290,0
2068,\n\n,FMM:p248:0,FMM:p248:1,220,183,403,0
2069,\n\n,FMM:p248:1,FMM:p249:0,183,63,246,0
2070,\n\n,FMM:p249:0,FMM:p250:0,63,231,295,1
2071,\n\n,FMM:p250:0,FMM:p250:1,231,239,471,1
2072,\n\n,FMM:p250:1,FMM:p250:2,239,97,336,0
2073,\n\n,FMM:p250:2,FMM:p251:0,97,127,224,0
2074,\n\n,FMM:p251:0,FMM:p252:0,127,252,379,0
2075,\n\n,FMM:p252:0,FMM:p252:1,252,161,414,1
2076,\n\n,FMM:p252:1,FMM:p253:0,161,205,366,0
2077,\n\n,FMM:p253:0,FMM:p254:0,205,180,385,0
2078,\n\n,FMM:p254:0,FMM:p254:1,180,176,357,1
2079,\n\n,FMM:p254:1,FMM:p255:0,176,206,383,1
2080,\n\n,FMM:p255:0,FMM:p255:1,206,239,446,1
2081,\n\n,FMM:p255:1,FMM:p255:2,239,82,321,0
2082,\n\n,FMM:p255:2,FMM:p255:3,82,44,126,0
2083,\n\n,FMM:p255:3,FMM:p256:0,44,214,258,0
2084,\n\n,FMM:p256:0,FMM:p258:0,214,217,431,0
2085,\n\n,FMM:p258:0,FMM:p258:1,217,102,320,1
2086,\n\n,FMM:p258:1,FMM:p259:0,102,103,206,1
2087,\n\n,FMM:p259:0,FMM:p260:0,103,134,237,0
2088,\n\n,FMM:p260:0,FMM:p260:1,134,229,364,1
2089,\n\n,FMM:p260:1,FMM:p260:2,229,158,388,1
2090,\n\n,FMM:p260:2,FMM:p260:3,158,39,197,0
2091,\n\n,FMM:p260:3,FMM:p261:0,39,169,208,0
2092,\n\n,FMM:p261:0,FMM:p262:0,169,234,403,0
2093,\n\n,FMM:p262:0,FMM:p262:1,234,65,300,1
2094,\n\n,FMM:p262:1,FMM:p263:0,65,195,260,0
2095,\n\n,FMM:p263:0,FMM:p263:1,195,217,412,0
2096,\n\n,FMM:p263:1,FMM:p263:2,217,81,299,1
2097,\n\n,FMM:p263:2,FMM:p264:0,81,220,301,0
2098,\n\n,FMM:p264:0,FMM:p264:1,220,180,401,1
2099,\n\n,FMM:p264:1,FMM:p265:0,180,158,338,0
2100,\n\n,FMM:p265:0,FMM:p265:1,158,257,416,1
2101,\n\n,FMM:p265:1,FMM:p265:2,257,70,328,1
2102,\n\n,FMM:p265:2,FMM:p265:3,70,158,228,0
2103,\n\n,FMM:p265:3,FMM:p266:0,158,306,464,0
2104,\n\n,FMM:p266:0,FMM:p266:1,306,66,372,0
2105,\n\n,FMM:p266:1,FMM:p266:2,66,197,263,0
2106,\n\n,FMM:p266:2,FMM:p267:0,197,230,427,0
2107,\n\n,FMM:p267:0,FMM:p267:1,230,277,507,0
2108,\n\n,FMM:p267:1,FMM:p267:2,277,222,500,1
2109,\n\n,FMM:p267:2,FMM:p268:0,222,205,427,0
2110,\n\n,FMM:p268:0,FMM:p268:1,205,39,245,1
2111,\n\n,FMM:p268:1,FMM:p269:0,39,141,181,1
2112,\n\n,FMM:p269:0,FMM:p269:1,141,283,425,1
2113,\n\n,FMM:p269:1,FMM:p269:2,283,288,572,1
2114,\n\n,FMM:p269:2,FMM:p269:3,288,69,357,0
2115,\n\n,FMM:p269:3,FMM:p270:0,69,293,362,0
2116,\n\n,FMM:p270:0,FMM:p270:1,293,270,564,1
2117,\n\n,FMM:p270:1,FMM:p271:0,270,139,409,0
2118,\n\n,FMM:p271:0,FMM:p271:1,139,271,411,1
2119,\n\n,FMM:p271:1,FMM:p272:0,271,252,524,1
2120,\n\n,FMM:p272:0,FMM:p272:1,252,199,452,1
2121,\n\n,FMM:p272:1,FMM:p272:2,199,109,308,0
2122,\n\n,FMM:p272:2,FMM:p273:0,109,186,296,1
2123,\n\n,FMM:p273:0,FMM:p273:1,186,229,416,1
2124,\n\n,FMM:p273:1,FMM:p273:2,229,194,424,1
2125,\n\n,FMM:p273:2,FMM:p273:3,194,91,286,1
2126,\n\n,FMM:p273:3,FMM:p274:0,91,145,237,1
2127,\n\n,FMM:p274:0,FMM:p274:1,145,204,350,1
2128,\n\n,FMM:p274:1,FMM:p274:2,204,136,340,0
2129,\n\n,FMM:p274:2,FMM:p275:0,136,42,178,0
2130,\n\n,FMM:p275:0,FMM:p275:1,42,196,239,1
2131,\n\n,FMM:p275:1,FMM:p275:2,196,177,373,0
2132,\n\n,FMM:p275:2,FMM:p275:3,177,93,271,1
2133,\n\n,FMM:p275:3,FMM:p276:0,93,218,311,0
2134,\n\n,FMM:p276:0,FMM:p276:1,218,177,396,1
2135,\n\n,FMM:p276:1,FMM:p276:2,177,131,308,0
2136,\n\n,FMM:p276:2,FMM:p276:3,131,131,262,0
2137,\n\n,FMM:p276:3,FMM:p277:0,131,169,301,1
2138,\n\n,FMM:p277:0,FMM:p277:1,169,225,394,0
2139,\n\n,FMM:p277:1,FMM:p277:2,225,140,366,1
2140,\n\n,FMM:p277:2,FMM:p278:0,140,276,417,1
2141,\n\n,FMM:p278:0,FMM:p278:1,276,74,350,0
2142,\n\n,FMM:p278:1,FMM:p278:2,74,230,305,1
2143,\n\n,FMM:p278:2,FMM:p278:3,230,73,303,0
2144,\n\n,FMM:p278:3,FMM:p279:0,73,108,181,0
2145,\n\n,FMM:p279:0,FMM:p279:1,108,199,308,1
2146,\n\n,FMM:p279:1,FMM:p279:2,199,45,244,0
2147,\n\n,FMM:p279:2,FMM:p279:3,45,259,305,1
2148,\n\n,FMM:p279:3,FMM:p280:0,259,239,499,1
2149,\n\n,FMM:p280:0,FMM:p280:1,239,30,270,1
2150,\n\n,FMM:p280:1,FMM:p280:2,30,50,80,0
2151,\n\n,FMM:p280:2,FMM:p280:3,50,220,271,1
2152,\n\n,FMM:p280:3,FMM:p280:4,220,149,370,1
2153,\n\n,FMM:p280:4,FMM:p281:0,149,112,261,0
2154,\n\n,FMM:p281:0,FMM:p281:1,112,267,379,0
2155,\n\n,FMM:p281:1,FMM:p281:2,267,171,438,0
2156,\n\n,FMM:p281:2,FMM:p282:0,171,298,469,0
2157,\n\n,FMM:p282:0,FMM:p282:1,298,300,599,1
2158,\n\n,FMM:p282:1,FMM:p283:0,300,273,574,1
2159,\n\n,FMM:p283:0,FMM:p283:1,273,230,504,1
2160,\n\n,FMM:p283:1,FMM:p283:2,230,157,388,1
2161,\n\n,FMM:p283:2,FMM:p284:0,157,247,404,0
2162,\n\n,FMM:p284:0,FMM:p284:1,247,217,465,1
2163,\n\n,FMM:p284:1,FMM:p284:2,217,215,432,0
2164,\n\n,FMM:p284:2,FMM:p284:3,215,265,481,1
2165,\n\n,FMM:p284:3,FMM:p284:4,265,116,382,1
2166,\n\n,FMM:p284:4,FMM:p285:0,116,211,328,1
2167,\n\n,FMM:p285:0,FMM:p285:1,211,254,466,1
2168,\n\n,FMM:p285:1,FMM:p285:2,254,99,353,0
2169,\n\n,FMM:p285:2,FMM:p286:0,99,249,348,0
2170,\n\n,FMM:p286:0,FMM:p286:1,249,340,590,1
2171,\n\n,FMM:p286:1,FMM:p286:2,340,92,433,1
2172,\n\n,FMM:p286:2,FMM:p286:3,92,198,291,1
2173,\n\n,FMM:p286:3,FMM:p287:0,198,74,273,1
2174,\n\n,FMM:p287:0,FMM:p287:1,74,301,376,1
2175,\n\n,FMM:p287:1,FMM:p287:2,301,300,602,1
2176,\n\n,FMM:p287:2,FMM:p287:3,300,271,572,1
2177,\n\n,FMM:p287:3,FMM:p287:4,271,86,358,1
2178,\n\n,FMM:p287:4,FMM:p288:0,86,343,429,0
2179,\n\n,FMM:p288:0,FMM:p288:1,343,310,653,0
2180,\n\n,FMM:p288:1,FMM:p288:2,310,107,417,0
2181,\n\n,FMM:p288:2,FMM:p288:3,107,231,338,0
2182,\n\n,FMM:p288:3,FMM:p288:4,231,138,370,1
2183,\n\n,FMM:p288:4,FMM:p289:0,138,304,443,1
2184,\n\n,FMM:p289:0,FMM:p289:1,304,212,516,0
2185,\n\n,FMM:p289:1,FMM:p289:2,212,330,543,1
2186,\n\n,FMM:p289:2,FMM:p289:3,330,280,611,1
2187,\n\n,FMM:p289:3,FMM:p290:0,280,232,513,1
2188,\n\n,FMM:p290:0,FMM:p290:1,232,256,489,1
2189,\n\n,FMM:p290:1,FMM:p290:2,256,288,545,1
2190,\n\n,FMM:p290:2,FMM:p290:3,288,153,442,1
2191,\n\n,FMM:p290:3,FMM:p291:0,153,361,514,0
2192,\n\n,FMM:p291:0,FMM:p291:1,361,272,634,1
2193,\n\n,FMM:p291:1,FMM:p291:2,272,341,613,0
2194,\n\n,FMM:p291:2,FMM:p291:3,341,53,394,0
2195,\n\n,FMM:p291:3,FMM:p291:4,53,198,251,0
2196,\n\n,FMM:p291:4,FMM:p292:0,198,136,335,1
2197,\n\n,FMM:p292:0,FMM:p292:1,136,208,345,1
2198,\n\n,FMM:p292:1,FMM:p292:2,208,271,480,1
2199,\n\n,FMM:p292:2,FMM:p292:3,271,184,456,1
2200,\n\n,FMM:p292:3,FMM:p293:0,184,253,438,1
2201,\n\n,FMM:p293:0,FMM:p293:1,253,155,408,0
2202,\n\n,FMM:p293:1,FMM:p293:2,155,133,288,0
2203,\n\n,FMM:p293:2,FMM:p293:3,133,199,332,0
2204,\n\n,FMM:p293:3,FMM:p294:0,199,252,452,1
2205,\n\n,FMM:p294:0,FMM:p294:1,252,139,392,1
2206,\n\n,FMM:p294:1,FMM:p294:2,139,260,400,1
2207,\n\n,FMM:p294:2,FMM:p294:3,260,68,329,1
2208,\n\n,FMM:p294:3,FMM:p295:0,68,237,306,1
2209,\n\n,FMM:p295:0,FMM:p295:1,237,42,280,1
2210,\n\n,FMM:p295:1,FMM:p295:2,42,227,269,0
2211,\n\n,FMM:p295:2,FMM:p295:3,227,174,401,0
2212,\n\n,FMM:p295:3,FMM:p296:0,174,192,367,1
2213,\n\n,FMM:p296:0,FMM:p296:1,192,250,443,1
2214,\n\n,FMM:p296:1,FMM:p296:2,250,195,445,0
2215,\n\n,FMM:p296:2,FMM:p297:0,195,142,337,0
2216,\n\n,FMM:p297:0,FMM:p297:1,142,249,392,1
2217,\n\n,FMM:p297:1,FMM:p297:2,249,195,444,0
2218,\n\n,FMM:p297:2,FMM:p298:0,195,136,331,0
2219,\n\n,FMM:p298:0,FMM:p298:1,136,245,382,1
2220,\n\n,FMM:p298:1,FMM:p298:2,245,225,470,0
2221,\n\n,FMM:p298:2,FMM:p298:3,225,69,294,0
2222,\n\n,FMM:p298:3,FMM:p299:0,69,209,279,1
2223,\n\n,FMM:p299:0,FMM:p299:1,209,184,393,0
2224,\n\n,FMM:p299:1,FMM:p299:2,184,202,386,0
2225,\n\n,FMM:p299:2,FMM:p300:0,202,195,397,0
2226,\n\n,FMM:p300:0,FMM:p300:1,195,189,384,0
2227,\n\n,FMM:p300:1,FMM:p301:0,189,98,288,1
2228,\n\n,FMM:p301:0,FMM:p301:1,98,241,339,0
2229,\n\n,FMM:p301:1,FMM:p301:2,241,178,420,1
2230,\n\n,FMM:p301:2,FMM:p302:0,178,219,398,1
2231,\n\n,FMM:p302:0,FMM:p302:1,219,211,431,1
2232,\n\n,FMM:p302:1,FMM:p303:0,211,205,417,1
2233,\n\n,FMM:p303:0,FMM:p303:1,205,192,398,1
2234,\n\n,FMM:p303:1,FMM:p304:0,192,289,482,1
2235,\n\n,FMM:p304:0,FMM:p304:1,289,282,571,0
2236,\n\n,FMM:p304:1,FMM:p304:2,282,94,376,0
2237,\n\n,FMM:p304:2,FMM:p305:0,94,177,271,0
2238,\n\n,FMM:p305:0,FMM:p305:1,177,217,394,0
2239,\n\n,FMM:p305:1,FMM:p305:2,217,131,349,1
2240,\n\n,FMM:p305:2,FMM:p306:0,131,24,155,0
2241,\n\n,FMM:p306:0,FMM:p306:1,24,252,277,1
2242,\n\n,FMM:p306:1,FMM:p306:2,252,265,518,1
2243,\n\n,FMM:p306:2,FMM:p306:3,265,123,389,1
2244,\n\n,FMM:p306:3,FMM:p306:4,123,71,194,0
2245,\n\n,FMM:p306:4,FMM:p307:0,71,216,288,1
2246,\n\n,FMM:p307:0,FMM:p307:1,216,54,270,0
2247,\n\n,FMM:p307:1,FMM:p307:2,54,218,273,1
2248,\n\n,FMM:p307:2,FMM:p307:3,218,214,433,1
2249,\n\n,FMM:p307:3,FMM:p308:0,214,172,387,1
2250,\n\n,FMM:p308:0,NPM:p1:0,172,364,536,0
2251,\n\n,NPM:p1:0,NPM:p1:1,364,86,451,1
2252,\n\n,NPM:p1:1,NPM:p2:0,86,378,465,1
2253,\n\n,NPM:p2:0,NPM:p2:1,378,115,493,0
2254,\n\n,NPM:p2:1,NPM:p3:0,115,368,484,1
2255,\n\n,NPM:p3:0,NPM:p3:1,368,126,495,1
2256,\n\n,NPM:p3:1,NPM:p4:0,126,247,374,1
2257,\n\n,NPM:p4:0,NPM:p5:0,247,270,518,1
2258,\n\n,NPM:p5:0,NPM:p5:1,270,258,529,1
2259,\n\n,NPM:p5:1,NPM:p5:2,258,343,602,1
2260,\n\n,NPM:p5:2,NPM:p5:3,343,307,651,1
2261,\n\n,NPM:p5:3,NPM:p5:4,307,75,383,1
2262,\n\n,NPM:p5:4,NPM:p6:0,75,344,420,1
2263,\n\n,NPM:p6:0,NPM:p6:1,344,309,654,1
2264,\n\n,NPM:p6:1,NPM:p6:2,309,349,659,1
2265,\n\n,NPM:p6:2,NPM:p6:3,349,89,439,1
2266,\n\n,NPM:p6:3,NPM:p7:0,89,238,328,1
2267,\n\n,NPM:p7:0,NPM:p8:0,238,218,456,0
2268,\n\n,NPM:p8:0,NPM:p8:1,218,232,450,0
2269,\n\n,NPM:p8:1,NPM:p8:2,232,105,337,0
2270,\n\n,NPM:p8:2,NPM:p9:0,105,262,367,0
2271,\n\n,NPM:p9:0,NPM:p9:1,262,245,507,0
2272,\n\n,NPM:p9:1,NPM:p9:2,245,111,356,0
2273,\n\n,NPM:p9:2,NPM:p10:0,111,305,416,0
2274,\n\n,NPM:p10:0,NPM:p10:1,305,209,514,0
2275,\n\n,NPM:p10:1,NPM:p10:2,209,287,496,0
2276,\n\n,NPM:p10:2,NPM:p10:3,287,60,347,0
2277,\n\n,NPM:p10:3,NPM:p11:0,60,280,340,0
2278,\n\n,NPM:p11:0,NPM:p11:1,280,313,593,0
2279,\n\n,NPM:p11:1,NPM:p12:0,313,292,605,0
2280,\n\n,NPM:p12:0,NPM:p12:1,292,222,514,0
2281,\n\n,NPM:p12:1,NPM:p12:2,222,213,435,0
2282,\n\n,NPM:p12:2,NPM:p13:0,213,46,260,1
2283,\n\n,NPM:p13:0,NPM:p14:0,46,98,144,0
2284,\n\n,NPM:p14:0,NPM:p14:1,98,222,321,1
2285,\n\n,NPM:p14:1,NPM:p14:2,222,179,402,1
2286,\n\n,NPM:p14:2,NPM:p14:3,179,191,370,0
2287,\n\n,NPM:p14:3,NPM:p14:4,191,176,367,0
2288,\n\n,NPM:p14:4,NPM:p14:5,176,176,353,1
2289,\n\n,NPM:p14:5,NPM:p14:6,176,159,336,1
2290,\n\n,NPM:p14:6,NPM:p14:7,159,173,332,0
2291,\n\n,NPM:p14:7,NPM:p14:8,173,88,261,0
2292,\n\n,NPM:p14:8,NPM:p14:9,88,35,123,0
2293,\n\n,NPM:p14:9,NPM:p15:0,35,197,232,0
2294,\n\n,NPM:p15:0,NPM:p16:0,197,250,447,0
2295,\n\n,NPM:p16:0,NPM:p16:1,250,262,512,0
2296,\n\n,NPM:p16:1,NPM:p16:2,262,159,421,0
2297,\n\n,NPM:p16:2,NPM:p16:3,159,236,395,0
2298,\n\n,NPM:p16:3,NPM:p17:0,236,287,523,0
2299,\n\n,NPM:p17:0,NPM:p17:1,287,302,589,0
2300,\n\n,NPM:p17:1,NPM:p17:2,302,104,406,0
2301,\n\n,NPM:p17:2,NPM:p18:0,104,110,214,0
2302,\n\n,NPM:p18:0,NPM:p18:1,110,284,394,0
2303,\n\n,NPM:p18:1,NPM:p18:2,284,286,570,0
2304,\n\n,NPM:p18:2,NPM:p18:3,286,91,377,0
2305,\n\n,NPM:p18:3,NPM:p18:4,91,50,141,0
2306,\n\n,NPM:p18:4,NPM:p19:0,50,240,290,0
2307,\n\n,NPM:p19:0,NPM:p19:1,240,164,404,0
2308,\n\n,NPM:p19:1,NPM:p19:2,164,250,415,1
2309,\n\n,NPM:p19:2,NPM:p19:3,250,158,408,0
2310,\n\n,NPM:p19:3,NPM:p20:0,158,280,438,0
2311,\n\n,NPM:p20:0,NPM:p20:1,280,245,525,0
2312,\n\n,NPM:p20:1,NPM:p21:0,245,317,562,0
2313,\n\n,NPM:p21:0,NPM:p21:1,317,161,479,1
2314,\n\n,NPM:p21:1,NPM:p22:0,161,139,300,0
2315,\n\n,NPM:p22:0,NPM:p23:0,139,251,390,0
2316,\n\n,NPM:p23:0,NPM:p23:1,251,243,494,0
2317,\n\n,NPM:p23:1,NPM:p23:2,243,149,393,1
2318,\n\n,NPM:p23:2,NPM:p24:0,149,294,443,0
2319,\n\n,NPM:p24:0,NPM:p24:1,294,231,525,0
2320,\n\n,NPM:p24:1,NPM:p24:2,231,284,515,0
2321,\n\n,NPM:p24:2,NPM:p25:0,284,244,528,0
2322,\n\n,NPM:p25:0,NPM:p25:1,244,229,474,1
2323,\n\n,NPM:p25:1,NPM:p25:2,229,208,437,0
2324,\n\n,NPM:p25:2,NPM:p26:0,208,300,508,0
2325,\n\n,NPM:p26:0,NPM:p26:1,300,145,446,1
2326,\n\n,NPM:p26:1,NPM:p26:2,145,301,446,0
2327,\n\n,NPM:p26:2,NPM:p26:3,301,132,433,0
2328,\n\n,NPM:p26:3,NPM:p27:0,132,293,425,0
2329,\n\n,NPM:p27:0,NPM:p27:1,293,130,424,1
2330,\n\n,NPM:p27:1,NPM:p27:2,130,261,392,1
2331,\n\n,NPM:p27:2,NPM:p27:3,261,152,414,1
2332,\n\n,NPM:p27:3,NPM:p28:0,152,266,418,0
2333,\n\n,NPM:p28:0,NPM:p28:1,266,258,525,1
2334,\n\n,NPM:p28:1,NPM:p28:2,258,209,467,0
2335,\n\n,NPM:p28:2,NPM:p29:0,209,214,423,0
2336,\n\n,NPM:p29:0,NPM:p29:1,214,316,530,0
2337,\n\n,NPM:p29:1,NPM:p29:2,316,267,583,0
2338,\n\n,NPM:p29:2,NPM:p29:3,267,52,319,0
2339,\n\n,NPM:p29:3,NPM:p30:0,52,192,244,0
2340,\n\n,NPM:p30:0,NPM:p30:1,192,249,441,0
2341,\n\n,NPM:p30:1,NPM:p31:0,249,306,555,0
2342,\n\n,NPM:p31:0,NPM:p31:1,306,211,518,1
2343,\n\n,NPM:p31:1,NPM:p31:2,211,116,327,0
2344,\n\n,NPM:p31:2,NPM:p32:0,116,287,403,0
2345,\n\n,NPM:p32:0,NPM:p32:1,287,168,455,0
2346,\n\n,NPM:p32:1,NPM:p32:2,168,310,478,0
2347,\n\n,NPM:p32:2,NPM:p32:3,310,53,363,0
2348,\n\n,NPM:p32:3,NPM:p33:0,53,291,344,0
2349,\n\n,NPM:p33:0,NPM:p33:1,291,219,510,0
2350,\n\n,NPM:p33:1,NPM:p33:2,219,305,524,0
2351,\n\n,NPM:p33:2,NPM:p34:0,305,281,586,0
2352,\n\n,NPM:p34:0,NPM:p34:1,281,190,471,0
2353,\n\n,NPM:p34:1,NPM:p35:0,190,198,388,0
2354,\n\n,NPM:p35:0,NPM:p35:1,198,159,357,0
2355,\n\n,NPM:p35:1,NPM:p35:2,159,129,289,1
2356,\n\n,NPM:p35:2,NPM:p35:3,129,249,378,0
2357,\n\n,NPM:p35:3,NPM:p36:0,249,183,432,0
2358,\n\n,NPM:p36:0,NPM:p37:0,183,219,402,0
2359,\n\n,NPM:p37:0,NPM:p37:1,219,179,398,0
2360,\n\n,NPM:p37:1,NPM:p38:0,179,270,449,0
2361,\n\n,NPM:p38:0,NPM:p38:1,270,68,338,0
2362,\n\n,NPM:p38:1,NPM:p39:0,68,138,206,0
2363,\n\n,NPM:p39:0,NPM:p39:1,138,210,349,1
2364,\n\n,NPM:p39:1,NPM:p39:2,210,290,501,1
2365,\n\n,NPM:p39:2,NPM:p39:3,290,176,466,0
2366,\n\n,NPM:p39:3,NPM:p40:0,176,289,465,0
2367,\n\n,NPM:p40:0,NPM:p40:1,289,242,531,0
2368,\n\n,NPM:p40:1,NPM:p40:2,242,90,332,0
2369,\n\n,NPM:p40:2,NPM:p41:0,90,242,332,0
2370,\n\n,NPM:p41:0,NPM:p41:1,242,283,525,0
2371,\n\n,NPM:p41:1,NPM:p42:0,283,243,526,0
2372,\n\n,NPM:p42:0,NPM:p42:1,243,263,506,0
2373,\n\n,NPM:p42:1,NPM:p42:2,263,223,486,0
2374,\n\n,NPM:p42:2,NPM:p43:0,223,298,521,0
2375,\n\n,NPM:p43:0,NPM:p43:1,298,123,421,0
2376,\n\n,NPM:p43:1,NPM:p43:2,123,312,435,0
2377,\n\n,NPM:p43:2,NPM:p44:0,312,230,542,0
2378,\n\n,NPM:p44:0,NPM:p44:1,230,291,522,1
2379,\n\n,NPM:p44:1,NPM:p44:2,291,266,558,1
2380,\n\n,NPM:p44:2,NPM:p44:3,266,38,304,0
2381,\n\n,NPM:p44:3,NPM:p45:0,38,315,353,0
2382,\n\n,NPM:p45:0,NPM:p46:0,315,167,482,0
2383,\n\n,NPM:p46:0,NPM:p46:1,167,294,461,0
2384,\n\n,NPM:p46:1,NPM:p47:0,294,416,710,0
2385,\n\n,NPM:p47:0,NPM:p47:1,416,339,755,0
2386,\n\n,NPM:p47:1,NPM:p48:0,339,327,666,0
2387,\n\n,NPM:p48:0,NPM:p48:1,327,272,599,0
2388,\n\n,NPM:p48:1,NPM:p48:2,272,158,430,0
2389,\n\n,NPM:p48:2,NPM:p49:0,158,267,425,0
2390,\n\n,NPM:p49:0,NPM:p49:1,267,266,533,0
2391,\n\n,NPM:p49:1,NPM:p49:2,266,180,446,0
2392,\n\n,NPM:p49:2,NPM:p50:0,180,259,439,0
2393,\n\n,NPM:p50:0,NPM:p50:1,259,154,414,1
2394,\n\n,NPM:p50:1,NPM:p50:2,154,267,421,0
2395,\n\n,NPM:p50:2,NPM:p50:3,267,70,338,1
2396,\n\n,NPM:p50:3,NPM:p51:0,70,184,254,0
2397,\n\n,NPM:p51:0,NPM:p51:1,184,296,480,0
2398,\n\n,NPM:p51:1,NPM:p51:2,296,76,372,0
2399,\n\n,NPM:p51:2,NPM:p51:3,76,281,357,0
2400,\n\n,NPM:p51:3,NPM:p52:0,281,255,536,0
2401,\n\n,NPM:p52:0,NPM:p52:1,255,266,521,0
2402,\n\n,NPM:p52:1,NPM:p52:2,266,71,337,0
2403,\n\n,NPM:p52:2,NPM:p52:3,71,286,358,1
2404,\n\n,NPM:p52:3,NPM:p52:4,286,106,392,0
2405,\n\n,NPM:p52:4,NPM:p52:5,106,38,144,0
2406,\n\n,NPM:p52:5,NPM:p53:0,38,227,265,0
2407,\n\n,NPM:p53:0,NPM:p53:1,227,308,536,1
2408,\n\n,NPM:p53:1,NPM:p53:2,308,214,522,0
2409,\n\n,NPM:p53:2,NPM:p53:3,214,99,314,1
2410,\n\n,NPM:p53:3,NPM:p54:0,99,190,289,0
2411,\n\n,NPM:p54:0,NPM:p54:1,190,266,457,1
2412,\n\n,NPM:p54:1,NPM:p54:2,266,268,535,1
2413,\n\n,NPM:p54:2,NPM:p54:3,268,125,394,1
2414,\n\n,NPM:p54:3,NPM:p55:0,125,251,376,0
2415,\n\n,NPM:p55:0,NPM:p55:1,251,224,475,0
2416,\n\n,NPM:p55:1,NPM:p55:2,224,242,466,0
2417,\n\n,NPM:p55:2,NPM:p55:3,242,28,270,0
2418,\n\n,NPM:p55:3,NPM:p55:4,28,113,141,0
2419,\n\n,NPM:p55:4,NPM:p56:0,113,239,353,1
2420,\n\n,NPM:p56:0,NPM:p56:1,239,243,482,0
2421,\n\n,NPM:p56:1,NPM:p56:2,243,149,392,0
2422,\n\n,NPM:p56:2,NPM:p57:0,149,211,360,0
2423,\n\n,NPM:p57:0,NPM:p57:1,211,298,510,1
2424,\n\n,NPM:p57:1,NPM:p57:2,298,247,546,1
2425,\n\n,NPM:p57:2,NPM:p58:0,247,272,519,0
2426,\n\n,NPM:p58:0,NPM:p58:1,272,120,393,1
2427,\n\n,NPM:p58:1,NPM:p58:2,120,311,431,0
2428,\n\n,NPM:p58:2,NPM:p58:3,311,120,432,1
2429,\n\n,NPM:p58:3,NPM:p59:0,120,217,337,0
2430,\n\n,NPM:p59:0,NPM:p59:1,217,244,462,1
2431,\n\n,NPM:p59:1,NPM:p59:2,244,133,378,1
2432,\n\n,NPM:p59:2,NPM:p60:0,133,245,378,0
2433,\n\n,NPM:p60:0,NPM:p60:1,245,296,541,0
2434,\n\n,NPM:p60:1,NPM:p60:2,296,109,405,0
2435,\n\n,NPM:p60:2,NPM:p61:0,109,301,410,0
2436,\n\n,NPM:p61:0,NPM:p61:1,301,222,524,1
2437,\n\n,NPM:p61:1,NPM:p61:2,222,85,307,0
2438,\n\n,NPM:p61:2,NPM:p62:0,85,76,161,0
2439,\n\n,NPM:p62:0,NPM:p63:0,76,262,338,0
2440,\n\n,NPM:p63:0,NPM:p63:1,262,277,539,0
2441,\n\n,NPM:p63:1,NPM:p63:2,277,187,464,0
2442,\n\n,NPM:p63:2,NPM:p64:0,187,270,457,0
2443,\n\n,NPM:p64:0,NPM:p64:1,270,79,350,1
2444,\n\n,NPM:p64:1,NPM:p64:2,79,180,259,0
2445,\n\n,NPM:p64:2,NPM:p64:3,180,160,341,1
2446,\n\n,NPM:p64:3,NPM:p64:4,160,158,319,1
2447,\n\n,NPM:p64:4,NPM:p64:5,158,170,328,0
2448,\n\n,NPM:p64:5,NPM:p64:6,170,54,225,1
2449,\n\n,NPM:p64:6,NPM:p65:0,54,255,309,0
2450,\n\n,NPM:p65:0,NPM:p65:1,255,63,318,0
2451,\n\n,NPM:p65:1,NPM:p65:2,63,272,335,0
2452,\n\n,NPM:p65:2,NPM:p65:3,272,140,413,1
2453,\n\n,NPM:p65:3,NPM:p65:4,140,141,281,0
2454,\n\n,NPM:p65:4,NPM:p66:0,141,139,280,0
2455,\n\n,NPM:p66:0,NPM:p66:1,139,275,414,0
2456,\n\n,NPM:p66:1,NPM:p66:2,275,101,376,0
2457,\n\n,NPM:p66:2,NPM:p67:0,101,251,352,0
2458,\n\n,NPM:p67:0,NPM:p67:1,251,277,528,0
2459,\n\n,NPM:p67:1,NPM:p67:2,277,177,454,0
2460,\n\n,NPM:p67:2,NPM:p68:0,177,205,382,0
2461,\n\n,NPM:p68:0,NPM:p68:1,205,241,447,1
2462,\n\n,NPM:p68:1,NPM:p68:2,241,195,436,0
2463,\n\n,NPM:p68:2,NPM:p68:3,195,212,407,0
2464,\n\n,NPM:p68:3,NPM:p69:0,212,290,503,1
2465,\n\n,NPM:p69:0,NPM:p69:1,290,288,578,0
2466,\n\n,NPM:p69:1,NPM:p69:2,288,279,567,0
2467,\n\n,NPM:p69:2,NPM:p69:3,279,272,551,0
2468,\n\n,NPM:p69:3,NPM:p69:4,272,55,327,0
2469,\n\n,NPM:p69:4,NPM:p70:0,55,103,158,0
2470,\n\n,NPM:p70:0,NPM:p70:1,103,286,389,0
2471,\n\n,NPM:p70:1,NPM:p70:2,286,269,556,1
2472,\n\n,NPM:p70:2,NPM:p70:3,269,237,506,0
2473,\n\n,NPM:p70:3,NPM:p70:4,237,279,516,0
2474,\n\n,NPM:p70:4,NPM:p71:0,279,318,597,0
2475,\n\n,NPM:p71:0,NPM:p72:0,318,122,440,0
2476,\n\n,NPM:p72:0,NPM:p72:1,122,133,255,0
2477,\n\n,NPM:p72:1,NPM:p72:2,133,47,181,1
2478,\n\n,NPM:p72:2,NPM:p72:3,47,268,316,1
2479,\n\n,NPM:p72:3,NPM:p72:4,268,127,395,0
2480,\n\n,NPM:p72:4,NPM:p73:0,127,272,399,0
2481,\n\n,NPM:p73:0,NPM:p73:1,272,266,538,0
2482,\n\n,NPM:p73:1,NPM:p73:2,266,89,356,1
2483,\n\n,NPM:p73:2,NPM:p74:0,89,136,225,0
2484,\n\n,NPM:p74:0,NPM:p74:1,136,285,421,0
2485,\n\n,NPM:p74:1,NPM:p74:2,285,208,493,0
2486,\n\n,NPM:p74:2,NPM:p74:3,208,309,517,0
2487,\n\n,NPM:p74:3,NPM:p74:4,309,101,411,1
2488,\n\n,NPM:p74:4,NPM:p75:0,101,50,151,0
2489,\n\n,NPM:p75:0,NPM:p75:1,50,288,338,0
2490,\n\n,NPM:p75:1,NPM:p75:2,288,97,385,0
2491,\n\n,NPM:p75:2,NPM:p75:3,97,98,195,0
2492,\n\n,NPM:p75:3,NPM:p75:4,98,279,377,0
2493,\n\n,NPM:p75:4,NPM:p75:5,279,304,583,0
2494,\n\n,NPM:p75:5,NPM:p76:0,304,252,556,0
2495,\n\n,NPM:p76:0,NPM:p76:1,252,191,443,0
2496,\n\n,NPM:p76:1,NPM:p76:2,191,290,481,0
2497,\n\n,NPM:p76:2,NPM:p76:3,290,194,485,1
2498,\n\n,NPM:p76:3,NPM:p76:4,194,102,296,0
2499,\n\n,NPM:p76:4,NPM:p77:0,102,116,218,0
2500,\n\n,NPM:p77:0,NPM:p78:0,116,267,383,0
2501,\n\n,NPM:p78:0,NPM:p78:1,267,201,469,1
2502,\n\n,NPM:p78:1,NPM:p78:2,201,227,428,0
2503,\n\n,NPM:p78:2,NPM:p78:3,227,151,378,0
2504,\n\n,NPM:p78:3,NPM:p79:0,151,344,495,0
2505,\n\n,NPM:p79:0,NPM:p79:1,344,38,382,0
2506,\n\n,NPM:p79:1,NPM:p80:0,38,166,204,0
2507,\n\n,NPM:p80:0,NPM:p80:1,166,218,384,0
2508,\n\n,NPM:p80:1,NPM:p80:2,218,281,499,0
2509,\n\n,NPM:p80:2,NPM:p80:3,281,153,434,0
2510,\n\n,NPM:p80:3,NPM:p81:0,153,298,451,0
2511,\n\n,NPM:p81:0,NPM:p81:1,298,142,440,0
2512,\n\n,NPM:p81:1,NPM:p81:2,142,305,447,0
2513,\n\n,NPM:p81:2,NPM:p81:3,305,165,470,0
2514,\n\n,NPM:p81:3,NPM:p81:4,165,70,235,0
2515,\n\n,NPM:p81:4,NPM:p82:0,70,219,289,0
2516,\n\n,NPM:p82:0,NPM:p82:1,219,234,453,0
2517,\n\n,NPM:p82:1,NPM:p83:0,234,248,482,0
2518,\n\n,NPM:p83:0,NPM:p83:1,248,215,463,0
2519,\n\n,NPM:p83:1,NPM:p83:2,215,281,496,0
2520,\n\n,NPM:p83:2,NPM:p83:3,281,152,433,0
2521,\n\n,NPM:p83:3,NPM:p84:0,152,222,374,0
2522,\n\n,NPM:p84:0,NPM:p84:1,222,154,376,0
2523,\n\n,NPM:p84:1,NPM:p84:2,154,39,194,1
2524,\n\n,NPM:p84:2,NPM:p85:0,39,118,157,0
2525,\n\n,NPM:p85:0,NPM:p85:1,118,311,429,0
2526,\n\n,NPM:p85:1,NPM:p85:2,311,214,525,0
2527,\n\n,NPM:p85:2,NPM:p85:3,214,273,487,0
2528,\n\n,NPM:p85:3,NPM:p85:4,273,41,314,0
2529,\n\n,NPM:p85:4,NPM:p86:0,41,314,355,0
2530,\n\n,NPM:p86:0,NPM:p86:1,314,44,358,0
2531,\n\n,NPM:p86:1,NPM:p87:0,44,312,356,0
2532,\n\n,NPM:p87:0,NPM:p87:1,312,260,572,0
2533,\n\n,NPM:p87:1,NPM:p87:2,260,75,335,0
2534,\n\n,NPM:p87:2,NPM:p88:0,75,322,397,0
2535,\n\n,NPM:p88:0,NPM:p88:1,322,63,385,0
2536,\n\n,NPM:p88:1,QMM:p1:0,63,343,406,0
2537,\n\n,QMM:p1:0,QMM:p1:1,343,150,494,1
2538,\n\n,QMM:p1:1,QMM:p2:0,150,354,505,1
2539,\n\n,QMM:p2:0,QMM:p2:1,354,150,505,1
2540,\n\n,QMM:p2:1,QMM:p3:0,150,337,488,1
2541,\n\n,QMM:p3:0,QMM:p3:1,337,135,473,1
2542,\n\n,QMM:p3:1,QMM:p4:0,135,387,523,1
2543,\n\n,QMM:p4:0,QMM:p4:1,387,70,458,1
2544,\n\n,QMM:p4:1,QMM:p5:0,70,359,429,0
2545,\n\n,QMM:p5:0,QMM:p5:1,359,74,434,1
2546,\n\n,QMM:p5:1,QMM:p6:0,74,352,426,0
2547,\n\n,QMM:p6:0,QMM:p6:1,352,94,447,1
2548,\n\n,QMM:p6:1,QMM:p7:0,94,104,199,1
2549,\n\n,QMM:p7:0,QMM:p8:0,104,264,369,1
2550,\n\n,QMM:p8:0,QMM:p8:1,264,285,550,1
2551,\n\n,QMM:p8:1,QMM:p8:2,285,375,661,1
2552,\n\n,QMM:p8:2,QMM:p8:3,375,310,686,1
2553,\n\n,QMM:p8:3,QMM:p9:0,310,301,612,1
2554,\n\n,QMM:p9:0,QMM:p9:1,301,179,481,1
2555,\n\n,QMM:p9:1,QMM:p10:0,179,283,463,1
2556,\n\n,QMM:p10:0,QMM:p10:1,283,228,511,0
2557,\n\n,QMM:p10:1,QMM:p11:0,228,215,444,1
2558,\n\n,QMM:p11:0,QMM:p11:1,215,246,461,0
2559,\n\n,QMM:p11:1,QMM:p11:2,246,80,326,0
2560,\n\n,QMM:p11:2,QMM:p12:0,80,250,330,0
2561,\n\n,QMM:p12:0,QMM:p12:1,250,334,585,1
2562,\n\n,QMM:p12:1,QMM:p12:2,334,278,613,1
2563,\n\n,QMM:p12:2,QMM:p12:3,278,88,367,1
2564,\n\n,QMM:p12:3,QMM:p12:4,88,142,231,1
2565,\n\n,QMM:p12:4,QMM:p13:0,142,272,415,1
2566,\n\n,QMM:p13:0,QMM:p13:1,272,240,513,1
2567,\n\n,QMM:p13:1,QMM:p13:2,240,216,457,1
2568,\n\n,QMM:p13:2,QMM:p13:3,216,340,557,1
2569,\n\n,QMM:p13:3,QMM:p14:0,340,250,591,1
2570,\n\n,QMM:p14:0,QMM:p15:0,250,73,323,0
2571,\n\n,QMM:p15:0,QMM:p15:1,73,116,190,1
2572,\n\n,QMM:p15:1,QMM:p15:2,116,118,235,1
2573,\n\n,QMM:p15:2,QMM:p15:3,118,64,182,0
2574,\n\n,QMM:p15:3,QMM:p15:4,64,75,140,1
2575,\n\n,QMM:p15:4,QMM:p16:0,75,62,137,0
2576,\n\n,QMM:p16:0,QMM:p16:1,62,147,209,0
2577,\n\n,QMM:p16:1,QMM:p16:2,147,164,312,1
2578,\n\n,QMM:p16:2,QMM:p17:0,164,67,231,0
2579,\n\n,QMM:p17:0,QMM:p17:1,67,157,225,1
2580,\n\n,QMM:p17:1,QMM:p17:2,157,138,295,0
2581,\n\n,QMM:p17:2,QMM:p17:3,138,85,223,0
2582,\n\n,QMM:p17:3,QMM:p17:4,85,100,185,0
2583,\n\n,QMM:p17:4,QMM:p17:5,100,30,130,0
2584,\n\n,QMM:p17:5,QMM:p18:0,30,131,161,0
2585,\n\n,QMM:p18:0,QMM:p18:1,131,99,230,0
2586,\n\n,QMM:p18:1,QMM:p18:2,99,96,196,1
2587,\n\n,QMM:p18:2,QMM:p18:3,96,105,202,1
2588,\n\n,QMM:p18:3,QMM:p18:4,105,75,181,1
2589,\n\n,QMM:p18:4,QMM:p19:0,75,72,147,0
2590,\n\n,QMM:p19:0,QMM:p20:0,72,259,332,1
2591,\n\n,QMM:p20:0,QMM:p20:1,259,73,332,0
2592,\n\n,QMM:p20:1,QMM:p20:2,73,162,235,0
2593,\n\n,QMM:p20:2,QMM:p21:0,162,35,198,1
2594,\n\n,QMM:p21:0,QMM:p21:1,35,267,302,0
2595,\n\n,QMM:p21:1,QMM:p21:2,267,103,370,0
2596,\n\n,QMM:p21:2,QMM:p21:3,103,263,366,0
2597,\n\n,QMM:p21:3,QMM:p21:4,263,36,299,0
2598,\n\n,QMM:p21:4,QMM:p22:0,36,47,83,0
2599,\n\n,QMM:p22:0,QMM:p22:1,47,222,269,0
2600,\n\n,QMM:p22:1,QMM:p22:2,222,86,308,0
2601,\n\n,QMM:p22:2,QMM:p22:3,86,146,233,1
2602,\n\n,QMM:p22:3,QMM:p22:4,146,61,207,0
2603,\n\n,QMM:p22:4,QMM:p23:0,61,299,360,0
2604,\n\n,QMM:p23:0,QMM:p23:1,299,41,340,0
2605,\n\n,QMM:p23:1,QMM:p24:0,41,216,257,0
2606,\n\n,QMM:p24:0,QMM:p24:1,216,286,502,0
2607,\n\n,QMM:p24:1,QMM:p25:0,286,177,463,0
2608,\n\n,QMM:p25:0,QMM:p26:0,177,68,245,0
2609,\n\n,QMM:p26:0,QMM:p27:0,68,69,137,0
2610,\n\n,QMM:p27:0,QMM:p27:1,69,223,292,0
2611,\n\n,QMM:p27:1,QMM:p27:2,223,173,396,0
2612,\n\n,QMM:p27:2,QMM:p27:3,173,24,197,0
2613,\n\n,QMM:p27:3,QMM:p28:0,24,227,251,0
2614,\n\n,QMM:p28:0,QMM:p28:1,227,173,400,0
2615,\n\n,QMM:p28:1,QMM:p28:2,173,77,250,0
2616,\n\n,QMM:p28:2,QMM:p28:3,77,73,150,0
2617,\n\n,QMM:p28:3,QMM:p29:0,73,215,288,0
2618,\n\n,QMM:p29:0,QMM:p29:1,215,42,257,0
2619,\n\n,QMM:p29:1,QMM:p29:2,42,122,164,0
2620,\n\n,QMM:p29:2,QMM:p30:0,122,247,369,0
2621,\n\n,QMM:p30:0,QMM:p30:1,247,70,317,0
2622,\n\n,QMM:p30:1,QMM:p31:0,70,175,245,0
2623,\n\n,QMM:p31:0,QMM:p31:1,175,73,248,0
2624,\n\n,QMM:p31:1,QMM:p32:0,73,39,112,0
2625,\n\n,QMM:p32:0,QMM:p32:1,39,255,294,0
2626,\n\n,QMM:p32:1,QMM:p32:2,255,54,309,0
2627,\n\n,QMM:p32:2,QMM:p32:3,54,274,328,0
2628,\n\n,QMM:p32:3,QMM:p32:4,274,179,453,0
2629,\n\n,QMM:p32:4,QMM:p32:5,179,159,338,0
2630,\n\n,QMM:p32:5,QMM:p33:0,159,142,301,0
2631,\n\n,QMM:p33:0,QMM:p33:1,142,239,381,0
2632,\n\n,QMM:p33:1,QMM:p33:2,239,196,435,0
2633,\n\n,QMM:p33:2,QMM:p33:3,196,221,417,0
2634,\n\n,QMM:p33:3,QMM:p34:0,221,167,388,0
2635,\n\n,QMM:p34:0,QMM:p34:1,167,193,361,1
2636,\n\n,QMM:p34:1,QMM:p34:2,193,290,484,1
2637,\n\n,QMM:p34:2,QMM:p34:3,290,284,574,0
2638,\n\n,QMM:p34:3,QMM:p35:0,284,279,564,1
2639,\n\n,QMM:p35:0,QMM:p35:1,279,278,557,0
2640,\n\n,QMM:p35:1,QMM:p36:0,278,226,504,0
2641,\n\n,QMM:p36:0,QMM:p36:1,226,260,486,0
2642,\n\n,QMM:p36:1,QMM:p36:2,260,105,365,0
2643,\n\n,QMM:p36:2,QMM:p37:0,105,249,354,0
2644,\n\n,QMM:p37:0,QMM:p37:1,249,59,308,0
2645,\n\n,QMM:p37:1,QMM:p37:2,59,295,354,0
2646,\n\n,QMM:p37:2,QMM:p37:3,295,274,570,1
2647,\n\n,QMM:p37:3,QMM:p37:4,274,47,322,1
2648,\n\n,QMM:p37:4,QMM:p38:0,47,308,355,0
2649,\n\n,QMM:p38:0,QMM:p38:1,308,54,363,1
2650,\n\n,QMM:p38:1,QMM:p38:2,54,242,296,0
2651,\n\n,QMM:p38:2,QMM:p38:3,242,190,432,0
2652,\n\n,QMM:p38:3,QMM:p39:0,190,233,423,0
2653,\n\n,QMM:p39:0,QMM:p39:1,233,264,497,0
2654,\n\n,QMM:p39:1,QMM:p39:2,264,265,529,0
2655,\n\n,QMM:p39:2,QMM:p39:3,265,45,310,0
2656,\n\n,QMM:p39:3,QMM:p40:0,45,295,340,0
2657,\n\n,QMM:p40:0,QMM:p40:1,295,244,539,0
2658,\n\n,QMM:p40:1,QMM:p40:2,244,89,333,0
2659,\n\n,QMM:p40:2,QMM:p41:0,89,222,311,0
2660,\n\n,QMM:p41:0,QMM:p41:1,222,182,404,0
2661,\n\n,QMM:p41:1,QMM:p41:2,182,286,468,0
2662,\n\n,QMM:p41:2,QMM:p42:0,286,112,398,0
2663,\n\n,QMM:p42:0,QMM:p42:1,112,269,381,0
2664,\n\n,QMM:p42:1,QMM:p42:2,269,58,327,0
2665,\n\n,QMM:p42:2,QMM:p42:3,58,241,299,0
2666,\n\n,QMM:p42:3,QMM:p43:0,241,246,487,0
2667,\n\n,QMM:p43:0,QMM:p43:1,246,136,382,0
2668,\n\n,QMM:p43:1,QMM:p43:2,136,63,199,0
2669,\n\n,QMM:p43:2,QMM:p43:3,63,264,327,0
2670,\n\n,QMM:p43:3,QMM:p43:4,264,89,353,0
2671,\n\n,QMM:p43:4,QMM:p44:0,89,260,349,0
2672,\n\n,QMM:p44:0,QMM:p44:1,260,65,326,1
2673,\n\n,QMM:p44:1,QMM:p44:2,65,269,334,0
2674,\n\n,QMM:p44:2,QMM:p44:3,269,86,356,1
2675,\n\n,QMM:p44:3,QMM:p45:0,86,104,190,0
2676,\n\n,QMM:p45:0,QMM:p45:1,104,248,352,0
2677,\n\n,QMM:p45:1,QMM:p45:2,248,32,280,0
2678,\n\n,QMM:p45:2,QMM:p45:3,32,159,191,0
2679,\n\n,QMM:p45:3,QMM:p46:0,159,218,377,0
2680,\n\n,QMM:p46:0,QMM:p46:1,218,294,512,0
2681,\n\n,QMM:p46:1,QMM:p46:2,294,109,403,0
2682,\n\n,QMM:p46:2,QMM:p46:3,109,154,263,0
2683,\n\n,QMM:p46:3,QMM:p47:0,154,95,249,0
2684,\n\n,QMM:p47:0,QMM:p48:0,95,270,365,0
2685,\n\n,QMM:p48:0,QMM:p48:1,270,248,518,0
2686,\n\n,QMM:p48:1,QMM:p48:2,248,55,303,0
2687,\n\n,QMM:p48:2,QMM:p49:0,55,281,336,0
2688,\n\n,QMM:p49:0,QMM:p49:1,281,208,489,0
2689,\n\n,QMM:p49:1,QMM:p50:0,208,227,436,1
2690,\n\n,QMM:p50:0,QMM:p50:1,227,192,419,0
2691,\n\n,QMM:p50:1,QMM:p51:0,192,278,470,0
2692,\n\n,QMM:p51:0,QMM:p51:1,278,226,504,0
2693,\n\n,QMM:p51:1,QMM:p51:2,226,212,438,0
2694,\n\n,QMM:p51:2,QMM:p52:0,212,242,454,0
2695,\n\n,QMM:p52:0,QMM:p52:1,242,208,451,1
2696,\n\n,QMM:p52:1,QMM:p53:0,208,238,446,0
2697,\n\n,QMM:p53:0,QMM:p53:1,238,79,318,1
2698,\n\n,QMM:p53:1,QMM:p53:2,79,135,215,1
2699,\n\n,QMM:p53:2,QMM:p53:3,135,269,404,0
2700,\n\n,QMM:p53:3,QMM:p53:4,269,86,355,0
2701,\n\n,QMM:p53:4,QMM:p54:0,86,295,381,0
2702,\n\n,QMM:p54:0,QMM:p54:1,295,295,590,0
2703,\n\n,QMM:p54:1,QMM:p54:2,295,146,441,0
2704,\n\n,QMM:p54:2,QMM:p55:0,146,295,442,1
2705,\n\n,QMM:p55:0,QMM:p55:1,295,274,569,0
2706,\n\n,QMM:p55:1,QMM:p55:2,274,120,394,0
2707,\n\n,QMM:p55:2,QMM:p56:0,120,263,383,0
2708,\n\n,QMM:p56:0,QMM:p56:1,263,265,528,0
2709,\n\n,QMM:p56:1,QMM:p56:2,265,151,416,0
2710,\n\n,QMM:p56:2,QMM:p57:0,151,113,264,0
2711,\n\n,QMM:p57:0,QMM:p57:1,113,269,383,1
2712,\n\n,QMM:p57:1,QMM:p57:2,269,183,453,1
2713,\n\n,QMM:p57:2,QMM:p57:3,183,281,464,0
2714,\n\n,QMM:p57:3,QMM:p58:0,281,271,552,0
2715,\n\n,QMM:p58:0,QMM:p58:1,271,280,551,0
2716,\n\n,QMM:p58:1,QMM:p58:2,280,51,331,0
2717,\n\n,QMM:p58:2,QMM:p59:0,51,281,333,1
2718,\n\n,QMM:p59:0,QMM:p59:1,281,319,601,1
2719,\n\n,QMM:p59:1,QMM:p59:2,319,40,359,0
2720,\n\n,QMM:p59:2,QMM:p60:0,40,234,274,0
2721,\n\n,QMM:p60:0,QMM:p60:1,234,36,270,0
2722,\n\n,QMM:p60:1,QMM:p61:0,36,97,133,0
2723,\n\n,QMM:p61:0,QMM:p62:0,97,275,372,0
2724,\n\n,QMM:p62:0,QMM:p62:1,275,152,427,0
2725,\n\n,QMM:p62:1,QMM:p63:0,152,95,247,0
2726,\n\n,QMM:p63:0,QMM:p64:0,95,95,190,0
2727,\n\n,QMM:p64:0,QMM:p65:0,95,276,371,0
2728,\n\n,QMM:p65:0,QMM:p65:1,276,286,562,0
2729,\n\n,QMM:p65:1,QMM:p65:2,286,37,323,0
2730,\n\n,QMM:p65:2,QMM:p66:0,37,244,281,0
2731,\n\n,QMM:p66:0,QMM:p66:1,244,141,385,0
2732,\n\n,QMM:p66:1,QMM:p67:0,141,174,315,0
2733,\n\n,QMM:p67:0,QMM:p67:1,174,266,441,1
2734,\n\n,QMM:p67:1,QMM:p67:2,266,286,552,0
2735,\n\n,QMM:p67:2,QMM:p67:3,286,62,348,0
2736,\n\n,QMM:p67:3,QMM:p68:0,62,307,369,0
2737,\n\n,QMM:p68:0,QMM:p68:1,307,45,353,1
2738,\n\n,QMM:p68:1,QMM:p68:2,45,211,256,0
2739,\n\n,QMM:p68:2,QMM:p69:0,211,210,421,0
2740,\n\n,QMM:p69:0,QMM:p69:1,210,220,431,1
2741,\n\n,QMM:p69:1,QMM:p69:2,220,240,461,1
2742,\n\n,QMM:p69:2,QMM:p69:3,240,86,327,1
2743,\n\n,QMM:p69:3,QMM:p70:0,86,251,337,0
2744,\n\n,QMM:p70:0,QMM:p70:1,251,203,454,0
2745,\n\n,QMM:p70:1,QMM:p70:2,203,156,359,0
2746,\n\n,QMM:p70:2,QMM:p71:0,156,258,414,0
2747,\n\n,QMM:p71:0,QMM:p71:1,258,215,474,1
2748,\n\n,QMM:p71:1,QMM:p72:0,215,278,493,0
2749,\n\n,QMM:p72:0,QMM:p72:1,278,112,391,1
2750,\n\n,QMM:p72:1,QMM:p73:0,112,303,415,0
2751,\n\n,QMM:p73:0,QMM:p73:1,303,230,533,0
2752,\n\n,QMM:p73:1,QMM:p74:0,230,284,514,0
2753,\n\n,QMM:p74:0,QMM:p74:1,284,284,568,0
2754,\n\n,QMM:p74:1,QMM:p74:2,284,116,400,0
2755,\n\n,QMM:p74:2,QMM:p75:0,116,101,217,0
2756,\n\n,QMM:p75:0,QMM:p75:1,101,179,280,0
2757,\n\n,QMM:p75:1,QMM:p75:2,179,132,311,0
2758,\n\n,QMM:p75:2,QMM:p75:3,132,254,386,0
2759,\n\n,QMM:p75:3,QMM:p76:0,254,202,456,0
2760,\n\n,QMM:p76:0,QMM:p76:1,202,126,328,0
2761,\n\n,QMM:p76:1,QMM:p76:2,126,215,342,1
2762,\n\n,QMM:p76:2,QMM:p76:3,215,180,395,0
2763,\n\n,QMM:p76:3,QMM:p77:0,180,261,441,0
2764,\n\n,QMM:p77:0,QMM:p77:1,261,287,548,0
2765,\n\n,QMM:p77:1,QMM:p78:0,287,204,491,0
2766,\n\n,QMM:p78:0,QMM:p78:1,204,254,458,0
2767,\n\n,QMM:p78:1,QMM:p78:2,254,261,515,0
2768,\n\n,QMM:p78:2,QMM:p79:0,261,235,496,0
2769,\n\n,QMM:p79:0,QMM:p79:1,235,286,522,1
2770,\n\n,QMM:p79:1,QMM:p79:2,286,154,440,0
2771,\n\n,QMM:p79:2,QMM:p80:0,154,262,416,0
2772,\n\n,QMM:p80:0,QMM:p80:1,262,269,531,0
2773,\n\n,QMM:p80:1,QMM:p80:2,269,137,406,0
2774,\n\n,QMM:p80:2,QMM:p81:0,137,240,378,1
2775,\n\n,QMM:p81:0,QMM:p81:1,240,268,508,0
2776,\n\n,QMM:p81:1,QMM:p81:2,268,108,376,0
2777,\n\n,QMM:p81:2,QMM:p82:0,108,336,444,0
2778,\n\n,QMM:p82:0,QMM:p82:1,336,249,585,0
2779,\n\n,QMM:p82:1,QMM:p82:2,249,210,459,0
2780,\n\n,QMM:p82:2,QMM:p83:0,210,240,450,0
2781,\n\n,QMM:p83:0,QMM:p83:1,240,190,430,0
2782,\n\n,QMM:p83:1,QMM:p83:2,190,202,393,1
2783,\n\n,QMM:p83:2,QMM:p84:0,202,214,416,0
2784,\n\n,QMM:p84:0,QMM:p84:1,214,256,470,0
2785,\n\n,QMM:p84:1,QMM:p84:2,256,46,302,0
2786,\n\n,QMM:p84:2,QMM:p85:0,46,124,171,1
2787,\n\n,QMM:p85:0,QMM:p85:1,124,76,201,1
2788,\n\n,QMM:p85:1,QMM:p85:2,76,165,241,0
2789,\n\n,QMM:p85:2,QMM:p85:3,165,222,387,0
2790,\n\n,QMM:p85:3,QMM:p85:4,222,85,307,0
2791,\n\n,QMM:p85:4,QMM:p86:0,85,215,300,0
2792,\n\n,QMM:p86:0,QMM:p86:1,215,316,531,0
2793,\n\n,QMM:p86:1,QMM:p86:2,316,227,543,0
2794,\n\n,QMM:p86:2,QMM:p87:0,227,207,434,0
2795,\n\n,QMM:p87:0,QMM:p87:1,207,63,271,1
2796,\n\n,QMM:p87:1,QMM:p88:0,63,58,121,0
2797,\n\n,QMM:p88:0,QMM:p88:1,58,59,118,1
2798,\n\n,QMM:p88:1,QMM:p88:2,59,173,233,1
2799,\n\n,QMM:p88:2,QMM:p88:3,173,101,274,0
2800,\n\n,QMM:p88:3,QMM:p89:0,101,271,372,0
2801,\n\n,QMM:p89:0,QMM:p89:1,271,97,368,0
2802,\n\n,QMM:p89:1,QMM:p90:0,97,250,347,0
2803,\n\n,QMM:p90:0,QMM:p90:1,250,74,324,0
2804,\n\n,QMM:p90:1,QMM:p90:2,74,139,213,0
2805,\n\n,QMM:p90:2,QMM:p90:3,139,203,342,0
2806,\n\n,QMM:p90:3,QMM:p91:0,203,205,409,1
2807,\n\n,QMM:p91:0,QMM:p92:0,205,247,452,0
2808,\n\n,QMM:p92:0,QMM:p92:1,247,191,439,1
2809,\n\n,QMM:p92:1,QMM:p92:2,191,225,417,1
2810,\n\n,QMM:p92:2,QMM:p93:0,225,190,415,0
2811,\n\n,QMM:p93:0,QMM:p93:1,190,247,437,0
2812,\n\n,QMM:p93:1,QMM:p93:2,247,212,459,0
2813,\n\n,QMM:p93:2,QMM:p93:3,212,116,328,0
2814,\n\n,QMM:p93:3,QMM:p94:0,116,295,411,0
2815,\n\n,QMM:p94:0,QMM:p94:1,295,262,557,0
2816,\n\n,QMM:p94:1,QMM:p94:2,262,73,335,0
2817,\n\n,QMM:p94:2,QMM:p95:0,73,239,312,0
2818,\n\n,QMM:p95:0,QMM:p95:1,239,251,490,0
2819,\n\n,QMM:p95:1,QMM:p95:2,251,139,390,0
2820,\n\n,QMM:p95:2,QMM:p96:0,139,291,430,0
2821,\n\n,QMM:p96:0,QMM:p96:1,291,255,546,0
2822,\n\n,QMM:p96:1,QMM:p96:2,255,66,321,0
2823,\n\n,QMM:p96:2,QMM:p97:0,66,253,319,0
2824,\n\n,QMM:p97:0,QMM:p97:1,253,206,460,1
2825,\n\n,QMM:p97:1,QMM:p98:0,206,35,241,0
2826,\n\n,QMM:p98:0,QMM:p98:1,35,263,298,0
2827,\n\n,QMM:p98:1,QMM:p98:2,263,115,378,0
2828,\n\n,QMM:p98:2,QMM:p98:3,115,233,348,0
2829,\n\n,QMM:p98:3,QMM:p98:4,233,103,336,0
2830,\n\n,QMM:p98:4,QMM:p99:0,103,271,374,0
2831,\n\n,QMM:p99:0,QMM:p99:1,271,266,538,1
2832,\n\n,QMM:p99:1,QMM:p100:0,266,83,349,0
2833,\n\n,QMM:p100:0,QMM:p100:1,83,122,206,1
2834,\n\n,QMM:p100:1,QMM:p100:2,122,184,306,0
2835,\n\n,QMM:p100:2,QMM:p100:3,184,192,376,0
2836,\n\n,QMM:p100:3,QMM:p101:0,192,212,404,0
2837,\n\n,QMM:p101:0,QMM:p101:1,212,260,472,0
2838,\n\n,QMM:p101:1,QMM:p101:2,260,134,395,1
2839,\n\n,QMM:p101:2,QMM:p102:0,134,224,358,0
2840,\n\n,QMM:p102:0,QMM:p102:1,224,119,344,1
2841,\n\n,QMM:p102:1,QMM:p103:0,119,177,297,1
2842,\n\n,QMM:p103:0,QMM:p103:1,177,150,327,0
2843,\n\n,QMM:p103:1,QMM:p104:0,150,239,389,0
2844,\n\n,QMM:p104:0,QMM:p104:1,239,141,380,0
2845,\n\n,QMM:p104:1,QMM:p105:0,141,213,354,0
2846,\n\n,QMM:p105:0,QMM:p106:0,213,207,421,1
2847,\n\n,QMM:p106:0,QMM:p106:1,207,244,451,0
2848,\n\n,QMM:p106:1,QMM:p106:2,244,87,331,0
2849,\n\n,QMM:p106:2,QMM:p106:3,87,92,179,0
2850,\n\n,QMM:p106:3,QMM:p107:0,92,278,370,0
2851,\n\n,QMM:p107:0,QMM:p107:1,278,193,471,0
2852,\n\n,QMM:p107:1,QMM:p108:0,193,280,473,0
2853,\n\n,QMM:p108:0,QMM:p108:1,280,259,539,0
2854,\n\n,QMM:p108:1,QMM:p108:2,259,234,493,0
2855,\n\n,QMM:p108:2,QMM:p109:0,234,257,491,0
2856,\n\n,QMM:p109:0,QMM:p109:1,257,288,546,1
2857,\n\n,QMM:p109:1,QMM:p109:2,288,76,365,1
2858,\n\n,QMM:p109:2,QMM:p110:0,76,222,298,0
2859,\n\n,QMM:p110:0,QMM:p111:0,222,262,484,0
2860,\n\n,QMM:p111:0,QMM:p111:1,262,251,513,0
2861,\n\n,QMM:p111:1,QMM:p111:2,251,183,434,0
2862,\n\n,QMM:p111:2,QMM:p112:0,183,119,302,0
2863,\n\n,QMM:p112:0,QMM:p112:1,119,189,308,0
2864,\n\n,QMM:p112:1,QMM:p112:2,189,166,355,0
2865,\n\n,QMM:p112:2,QMM:p112:3,166,186,352,0
2866,\n\n,QMM:p112:3,QMM:p113:0,186,263,449,0
2867,\n\n,QMM:p113:0,QMM:p113:1,263,283,547,1
2868,\n\n,QMM:p113:1,QMM:p113:2,283,62,345,0
2869,\n\n,QMM:p113:2,QMM:p114:0,62,140,202,0
2870,\n\n,QMM:p114:0,QMM:p115:0,140,253,394,1
2871,\n\n,QMM:p115:0,QMM:p115:1,253,148,401,0
2872,\n\n,QMM:p115:1,QMM:p116:0,148,218,366,0
2873,\n\n,QMM:p116:0,QMM:p116:1,218,24,243,1
2874,\n\n,QMM:p116:1,QMM:p116:2,24,283,308,1
2875,\n\n,QMM:p116:2,QMM:p117:0,283,230,513,0
2876,\n\n,QMM:p117:0,QMM:p117:1,230,50,280,0
2877,\n\n,QMM:p117:1,QMM:p118:0,50,282,332,0
2878,\n\n,QMM:p118:0,QMM:p118:1,282,108,391,1
2879,\n\n,QMM:p118:1,QMM:p119:0,108,295,403,0
2880,\n\n,QMM:p119:0,QMM:p119:1,295,86,381,0
2881,\n\n,QMM:p119:1,QMM:p120:0,86,46,132,0
2882,\n\n,QMM:p120:0,QMM:p121:0,46,134,180,0
2883,\n\n,QMM:p121:0,QMM:p122:0,134,220,354,0
2884,\n\n,QMM:p122:0,QMM:p122:1,220,106,327,1
2885,\n\n,QMM:p122:1,QMM:p122:2,106,266,372,0
2886,\n\n,QMM:p122:2,QMM:p122:3,266,47,313,0
2887,\n\n,QMM:p122:3,QMM:p123:0,47,245,292,0
2888,\n\n,QMM:p123:0,QMM:p123:1,245,268,513,0
2889,\n\n,QMM:p123:1,QMM:p123:2,268,179,447,0
2890,\n\n,QMM:p123:2,QMM:p124:0,179,118,297,0
2891,\n\n,QMM:p124:0,QMM:p124:1,118,295,413,0
2892,\n\n,QMM:p124:1,QMM:p124:2,295,133,428,0
2893,\n\n,QMM:p124:2,QMM:p125:0,133,215,348,0
2894,\n\n,QMM:p125:0,QMM:p125:1,215,294,509,0
2895,\n\n,QMM:p125:1,QMM:p126:0,294,268,562,0
2896,\n\n,QMM:p126:0,QMM:p126:1,268,188,456,0
2897,\n\n,QMM:p126:1,QMM:p127:0,188,226,414,0
2898,\n\n,QMM:p127:0,QMM:p127:1,226,79,305,0
2899,\n\n,QMM:p127:1,QMM:p128:0,79,273,353,1
2900,\n\n,QMM:p128:0,QMM:p128:1,273,250,524,1
2901,\n\n,QMM:p128:1,QMM:p128:2,250,39,289,0
2902,\n\n,QMM:p128:2,QMM:p128:3,39,48,88,1
2903,\n\n,QMM:p128:3,QMM:p129:0,48,256,305,1
2904,\n\n,QMM:p129:0,QMM:p129:1,256,226,482,0
2905,\n\n,QMM:p129:1,QMM:p130:0,226,229,456,1
2906,\n\n,QMM:p130:0,QMM:p130:1,229,116,345,0
2907,\n\n,QMM:p130:1,QMM:p131:0,116,197,314,1
2908,\n\n,QMM:p131:0,QMM:p132:0,197,126,324,1
2909,\n\n,QMM:p132:0,QMM:p132:1,126,259,385,0
2910,\n\n,QMM:p132:1,QMM:p132:2,259,38,297,0
2911,\n\n,QMM:p132:2,QMM:p133:0,38,201,240,1
2912,\n\n,QMM:p133:0,QMM:p133:1,201,226,427,0
2913,\n\n,QMM:p133:1,QMM:p133:2,226,132,358,0
2914,\n\n,QMM:p133:2,QMM:p134:0,132,251,384,1
2915,\n\n,QMM:p134:0,QMM:p134:1,251,211,462,0
2916,\n\n,QMM:p134:1,QMM:p135:0,211,150,362,1
2917,\n\n,QMM:p135:0,QMM:p135:1,150,268,418,0
2918,\n\n,QMM:p135:1,QMM:p135:2,268,253,521,0
2919,\n\n,QMM:p135:2,QMM:p135:3,253,38,291,0
2920,\n\n,QMM:p135:3,QMM:p136:0,38,248,287,1
2921,\n\n,QMM:p136:0,QMM:p136:1,248,123,371,0
2922,\n\n,QMM:p136:1,QMM:p137:0,123,234,358,1
2923,\n\n,QMM:p137:0,QMM:p137:1,234,145,379,0
2924,\n\n,QMM:p137:1,QMM:p138:0,145,255,401,1
2925,\n\n,QMM:p138:0,QMM:p138:1,255,113,368,0
2926,\n\n,QMM:p138:1,QMM:p149:0,113,226,340,1
2927,\n\n,QMM:p149:0,QMM:p149:1,226,79,305,0
2928,\n\n,QMM:p149:1,QMM:p150:0,79,273,353,1
2929,\n\n,QMM:p150:0,QMM:p150:1,273,250,524,1
2930,\n\n,QMM:p150:1,QMM:p150:2,250,39,289,0
2931,\n\n,QMM:p150:2,QMM:p150:3,39,48,88,1
2932,\n\n,QMM:p150:3,QMM:p151:0,48,256,305,1
2933,\n\n,QMM:p151:0,QMM:p151:1,256,226,482,0
2934,\n\n,QMM:p151:1,QMM:p152:0,226,229,456,1
2935,\n\n,QMM:p152:0,QMM:p152:1,229,116,345,0
2936,\n\n,QMM:p152:1,QMM:p153:0,116,197,314,1
2937,\n\n,QMM:p153:0,QMM:p154:0,197,126,324,1
2938,\n\n,QMM:p154:0,QMM:p154:1,126,259,385,0
2939,\n\n,QMM:p154:1,QMM:p154:2,259,38,297,0
2940,\n\n,QMM:p154:2,QMM:p155:0,38,201,240,1
2941,\n\n,QMM:p155:0,QMM:p155:1,201,226,427,0
2942,\n\n,QMM:p155:1,QMM:p155:2,226,132,358,0
2943,\n\n,QMM:p155:2,QMM:p156:0,132,251,384,1
2944,\n\n,QMM:p156:0,QMM:p156:1,251,211,462,0
2945,\n\n,QMM:p156:1,QMM:p157:0,211,150,362,1
2946,\n\n,QMM:p157:0,QMM:p157:1,150,268,418,0
2947,\n\n,QMM:p157:1,QMM:p157:2,268,253,521,0
2948,\n\n,QMM:p157:2,QMM:p157:3,253,38,291,0
2949,\n\n,QMM:p157:3,QMM:p158:0,38,248,287,1
2950,\n\n,QMM:p158:0,QMM:p158:1,248,123,371,0
2951,\n\n,QMM:p158:1,QMM:p159:0,123,234,358,1
2952,\n\n,QMM:p159:0,QMM:p159:1,234,145,379,0
2953,\n\n,QMM:p159:1,QMM:p160:0,145,255,401,1
2954,\n\n,QMM:p160:0,QMM:p160:1,255,113,368,0
2955,\n\n,QMM:p160:1,QMM:p161:0,113,133,247,1
2956,\n\n,QMM:p161:0,QMM:p162:0,133,116,250,1
2957,\n\n,QMM:p162:0,QMM:p163:0,116,194,311,1
2958,\n\n,QMM:p163:0,QMM:p164:0,194,136,331,1
2959,\n\n,QMM:p164:0,SMM:p1:0,136,321,457,0
2960,\n\n,SMM:p1:0,SMM:p1:1,321,101,423,1
2961,\n\n,SMM:p1:1,SMM:p2:0,101,376,478,1
2962,\n\n,SMM:p2:0,SMM:p2:1,376,138,515,1
2963,\n\n,SMM:p2:1,SMM:p3:0,138,345,483,0
2964,\n\n,SMM:p3:0,SMM:p3:1,345,141,487,1
2965,\n\n,SMM:p3:1,SMM:p4:0,141,339,481,1
2966,\n\n,SMM:p4:0,SMM:p4:1,339,181,521,1
2967,\n\n,SMM:p4:1,SMM:p5:0,181,389,571,1
2968,\n\n,SMM:p5:0,SMM:p5:1,389,130,520,1
2969,\n\n,SMM:p5:1,SMM:p6:0,130,366,497,1
2970,\n\n,SMM:p6:0,SMM:p6:1,366,138,505,1
2971,\n\n,SMM:p6:1,SMM:p7:0,138,337,476,1
2972,\n\n,SMM:p7:0,SMM:p7:1,337,222,560,1
2973,\n\n,SMM:p7:1,SMM:p8:0,222,72,295,1
2974,\n\n,SMM:p8:0,SMM:p9:0,72,308,381,1
2975,\n\n,SMM:p9:0,SMM:p9:1,308,400,709,1
2976,\n\n,SMM:p9:1,SMM:p9:2,400,284,685,1
2977,\n\n,SMM:p9:2,SMM:p9:3,284,204,489,1
2978,\n\n,SMM:p9:3,SMM:p10:0,204,284,489,1
2979,\n\n,SMM:p10:0,SMM:p10:1,284,340,625,1
2980,\n\n,SMM:p10:1,SMM:p10:2,340,255,596,1
2981,\n\n,SMM:p10:2,SMM:p10:3,255,203,458,0
2982,\n\n,SMM:p10:3,SMM:p11:0,203,315,519,1
2983,\n\n,SMM:p11:0,SMM:p11:1,315,327,643,1
2984,\n\n,SMM:p11:1,SMM:p11:2,327,71,399,1
2985,\n\n,SMM:p11:2,SMM:p12:0,71,191,263,1
2986,\n\n,SMM:p12:0,SMM:p13:0,191,282,474,1
2987,\n\n,SMM:p13:0,SMM:p13:1,282,257,539,0
2988,\n\n,SMM:p13:1,SMM:p13:2,257,67,324,0
2989,\n\n,SMM:p13:2,SMM:p14:0,67,198,265,0
2990,\n\n,SMM:p14:0,SMM:p14:1,198,241,439,0
2991,\n\n,SMM:p14:1,SMM:p14:2,241,232,473,0
2992,\n\n,SMM:p14:2,SMM:p14:3,232,222,455,1
2993,\n\n,SMM:p14:3,SMM:p14:4,222,42,265,1
2994,\n\n,SMM:p14:4,SMM:p15:0,42,222,264,0
2995,\n\n,SMM:p15:0,SMM:p15:1,222,238,461,1
2996,\n\n,SMM:p15:1,SMM:p15:2,238,111,350,1
2997,\n\n,SMM:p15:2,SMM:p15:3,111,246,357,0
2998,\n\n,SMM:p15:3,SMM:p15:4,246,89,336,1
2999,\n\n,SMM:p15:4,SMM:p16:0,89,178,267,0
3000,\n\n,SMM:p16:0,SMM:p16:1,178,247,425,0
3001,\n\n,SMM:p16:1,SMM:p16:2,247,213,461,1
3002,\n\n,SMM:p16:2,SMM:p16:3,213,232,445,0
3003,\n\n,SMM:p16:3,SMM:p16:4,232,78,311,1
3004,\n\n,SMM:p16:4,SMM:p17:0,78,218,296,0
3005,\n\n,SMM:p17:0,SMM:p17:1,218,195,413,0
3006,\n\n,SMM:p17:1,SMM:p17:2,195,132,327,0
3007,\n\n,SMM:p17:2,SMM:p17:3,132,203,335,0
3008,\n\n,SMM:p17:3,SMM:p17:4,203,78,282,1
3009,\n\n,SMM:p17:4,SMM:p18:0,78,238,317,1
3010,\n\n,SMM:p18:0,SMM:p18:1,238,252,490,0
3011,\n\n,SMM:p18:1,SMM:p18:2,252,142,394,0
3012,\n\n,SMM:p18:2,SMM:p19:0,142,234,376,0
3013,\n\n,SMM:p19:0,SMM:p20:0,234,264,498,0
3014,\n\n,SMM:p20:0,SMM:p20:1,264,242,506,0
3015,\n\n,SMM:p20:1,SMM:p21:0,242,251,493,0
3016,\n\n,SMM:p21:0,SMM:p21:1,251,156,407,0
3017,\n\n,SMM:p21:1,SMM:p21:2,156,165,321,0
3018,\n\n,SMM:p21:2,SMM:p22:0,165,254,420,1
3019,\n\n,SMM:p22:0,SMM:p22:1,254,66,321,1
3020,\n\n,SMM:p22:1,SMM:p23:0,66,132,198,0
3021,\n\n,SMM:p23:0,SMM:p23:1,132,97,230,1
3022,\n\n,SMM:p23:1,SMM:p23:2,97,139,237,1
3023,\n\n,SMM:p23:2,SMM:p23:3,139,139,279,1
3024,\n\n,SMM:p23:3,SMM:p23:4,139,160,300,1
3025,\n\n,SMM:p23:4,SMM:p23:5,160,116,277,1
3026,\n\n,SMM:p23:5,SMM:p23:6,116,106,222,0
3027,\n\n,SMM:p23:6,SMM:p23:7,106,114,221,1
3028,\n\n,SMM:p23:7,SMM:p23:8,114,42,156,0
3029,\n\n,SMM:p23:8,SMM:p23:9,42,151,194,1
3030,\n\n,SMM:p23:9,SMM:p23:10,151,139,290,0
3031,\n\n,SMM:p23:10,SMM:p23:11,139,128,267,0
3032,\n\n,SMM:p23:11,SMM:p23:12,128,104,233,1
3033,\n\n,SMM:p23:12,SMM:p24:0,104,103,207,0
3034,\n\n,SMM:p24:0,SMM:p24:1,103,140,243,0
3035,\n\n,SMM:p24:1,SMM:p24:2,140,135,275,0
3036,\n\n,SMM:p24:2,SMM:p24:3,135,196,331,0
3037,\n\n,SMM:p24:3,SMM:p24:4,196,83,279,0
3038,\n\n,SMM:p24:4,SMM:p25:0,83,289,372,0
3039,\n\n,SMM:p25:0,SMM:p25:1,289,148,438,1
3040,\n\n,SMM:p25:1,SMM:p26:0,148,262,410,0
3041,\n\n,SMM:p26:0,SMM:p26:1,262,66,328,0
3042,\n\n,SMM:p26:1,SMM:p26:2,66,95,161,0
3043,\n\n,SMM:p26:2,SMM:p27:0,95,274,369,0
3044,\n\n,SMM:p27:0,SMM:p27:1,274,205,479,0
3045,\n\n,SMM:p27:1,SMM:p28:0,205,68,274,1
3046,\n\n,SMM:p28:0,SMM:p28:1,68,148,216,0
3047,\n\n,SMM:p28:1,SMM:p28:2,148,155,304,1
3048,\n\n,SMM:p28:2,SMM:p28:3,155,152,308,1
3049,\n\n,SMM:p28:3,SMM:p28:4,152,137,290,1
3050,\n\n,SMM:p28:4,SMM:p28:5,137,45,183,1
3051,\n\n,SMM:p28:5,SMM:p29:0,45,214,260,1
3052,\n\n,SMM:p29:0,SMM:p29:1,214,162,376,0
3053,\n\n,SMM:p29:1,SMM:p30:0,162,242,404,0
3054,\n\n,SMM:p30:0,SMM:p30:1,242,322,564,0
3055,\n\n,SMM:p30:1,SMM:p30:2,322,116,439,1
3056,\n\n,SMM:p30:2,SMM:p31:0,116,298,414,0
3057,\n\n,SMM:p31:0,SMM:p32:0,298,243,541,0
3058,\n\n,SMM:p32:0,SMM:p32:1,243,139,382,0
3059,\n\n,SMM:p32:1,SMM:p32:2,139,212,351,0
3060,\n\n,SMM:p32:2,SMM:p33:0,212,202,414,0
3061,\n\n,SMM:p33:0,SMM:p34:0,202,68,270,0
3062,\n\n,SMM:p34:0,SMM:p35:0,68,167,236,1
3063,\n\n,SMM:p35:0,SMM:p35:1,167,103,270,0
3064,\n\n,SMM:p35:1,SMM:p35:2,103,238,341,0
3065,\n\n,SMM:p35:2,SMM:p36:0,238,242,480,0
3066,\n\n,SMM:p36:0,SMM:p37:0,242,164,406,0
3067,\n\n,SMM:p37:0,SMM:p38:0,164,256,420,0
3068,\n\n,SMM:p38:0,SMM:p39:0,256,140,396,0
3069,\n\n,SMM:p39:0,SMM:p40:0,140,101,241,0
3070,\n\n,SMM:p40:0,SMM:p41:0,101,222,323,0
3071,\n\n,SMM:p41:0,SMM:p41:1,222,282,504,0
3072,\n\n,SMM:p41:1,SMM:p41:2,282,82,364,0
3073,\n\n,SMM:p41:2,SMM:p41:3,82,102,184,0
3074,\n\n,SMM:p41:3,SMM:p42:0,102,278,380,0
3075,\n\n,SMM:p42:0,SMM:p42:1,278,286,565,1
3076,\n\n,SMM:p42:1,SMM:p43:0,286,244,530,0
3077,\n\n,SMM:p43:0,SMM:p43:1,244,229,474,1
3078,\n\n,SMM:p43:1,SMM:p44:0,229,143,372,0
3079,\n\n,SMM:p44:0,SMM:p44:1,143,289,433,1
3080,\n\n,SMM:p44:1,SMM:p44:2,289,260,549,0
3081,\n\n,SMM:p44:2,SMM:p45:0,260,166,426,0
3082,\n\n,SMM:p45:0,SMM:p45:1,166,276,443,1
3083,\n\n,SMM:p45:1,SMM:p45:2,276,41,317,0
3084,\n\n,SMM:p45:2,SMM:p45:3,41,258,299,0
3085,\n\n,SMM:p45:3,SMM:p45:4,258,61,320,1
3086,\n\n,SMM:p45:4,SMM:p46:0,61,279,341,1
3087,\n\n,SMM:p46:0,SMM:p46:1,279,282,561,0
3088,\n\n,SMM:p46:1,SMM:p46:2,282,202,484,0
3089,\n\n,SMM:p46:2,SMM:p46:3,202,160,363,1
3090,\n\n,SMM:p46:3,SMM:p47:0,160,190,350,0
3091,\n\n,SMM:p47:0,SMM:p47:1,190,207,397,0
3092,\n\n,SMM:p47:1,SMM:p48:0,207,334,542,1
3093,\n\n,SMM:p48:0,SMM:p49:0,334,218,552,0
3094,\n\n,SMM:p49:0,SMM:p49:1,218,93,312,1
3095,\n\n,SMM:p49:1,SMM:p50:0,93,289,382,0
3096,\n\n,SMM:p50:0,SMM:p50:1,289,303,593,1
3097,\n\n,SMM:p50:1,SMM:p51:0,303,269,572,0
3098,\n\n,SMM:p51:0,SMM:p51:1,269,272,541,0
3099,\n\n,SMM:p51:1,SMM:p51:2,272,288,560,0
3100,\n\n,SMM:p51:2,SMM:p52:0,288,250,538,0
3101,\n\n,SMM:p52:0,SMM:p52:1,250,240,490,0
3102,\n\n,SMM:p52:1,SMM:p53:0,240,191,432,1
3103,\n\n,SMM:p53:0,SMM:p53:1,191,269,460,0
3104,\n\n,SMM:p53:1,SMM:p53:2,269,221,490,0
3105,\n\n,SMM:p53:2,SMM:p54:0,221,280,501,0
3106,\n\n,SMM:p54:0,SMM:p54:1,280,175,455,0
3107,\n\n,SMM:p54:1,SMM:p54:2,175,277,452,0
3108,\n\n,SMM:p54:2,SMM:p55:0,277,242,520,1
3109,\n\n,SMM:p55:0,SMM:p55:1,242,190,433,1
3110,\n\n,SMM:p55:1,SMM:p56:0,190,307,497,0
3111,\n\n,SMM:p56:0,SMM:p56:1,307,265,573,1
3112,\n\n,SMM:p56:1,SMM:p56:2,265,309,574,0
3113,\n\n,SMM:p56:2,SMM:p56:3,309,207,516,0
3114,\n\n,SMM:p56:3,SMM:p57:0,207,43,250,0
3115,\n\n,SMM:p57:0,SMM:p57:1,43,291,334,0
3116,\n\n,SMM:p57:1,SMM:p57:2,291,88,379,0
3117,\n\n,SMM:p57:2,SMM:p57:3,88,137,225,0
3118,\n\n,SMM:p57:3,SMM:p57:4,137,227,364,0
3119,\n\n,SMM:p57:4,SMM:p57:5,227,121,348,0
3120,\n\n,SMM:p57:5,SMM:p58:0,121,78,199,0
3121,\n\n,SMM:p58:0,SMM:p59:0,78,53,132,1
3122,\n\n,SMM:p59:0,SMM:p59:1,53,52,106,1
3123,\n\n,SMM:p59:1,SMM:p59:2,52,40,93,1
3124,\n\n,SMM:p59:2,SMM:p59:3,40,49,90,1
3125,\n\n,SMM:p59:3,SMM:p59:4,49,33,82,0
3126,\n\n,SMM:p59:4,SMM:p59:5,33,49,83,1
3127,\n\n,SMM:p59:5,SMM:p59:6,49,26,76,1
3128,\n\n,SMM:p59:6,SMM:p59:7,26,60,86,0
3129,\n\n,SMM:p59:7,SMM:p59:8,60,51,112,1
3130,\n\n,SMM:p59:8,SMM:p59:9,51,51,103,1
3131,\n\n,SMM:p59:9,SMM:p59:10,51,37,89,1
3132,\n\n,SMM:p59:10,SMM:p59:11,37,62,100,1
3133,\n\n,SMM:p59:11,SMM:p59:12,62,34,97,1
3134,\n\n,SMM:p59:12,SMM:p59:13,34,57,92,1
3135,\n\n,SMM:p59:13,SMM:p59:14,57,57,115,1
3136,\n\n,SMM:p59:14,SMM:p59:15,57,50,108,1
3137,\n\n,SMM:p59:15,SMM:p59:16,50,50,101,1
3138,\n\n,SMM:p59:16,SMM:p59:17,50,52,103,1
3139,\n\n,SMM:p59:17,SMM:p59:18,52,49,102,1
3140,\n\n,SMM:p59:18,SMM:p59:19,49,58,108,1
3141,\n\n,SMM:p59:19,SMM:p59:20,58,52,111,1
3142,\n\n,SMM:p59:20,SMM:p59:21,52,50,103,1
3143,\n\n,SMM:p59:21,SMM:p59:22,50,62,113,1
3144,\n\n,SMM:p59:22,SMM:p59:23,62,35,98,1
3145,\n\n,SMM:p59:23,SMM:p59:24,35,66,102,1
3146,\n\n,SMM:p59:24,SMM:p60:0,66,244,311,1
3147,\n\n,SMM:p60:0,SMM:p60:1,244,259,504,1
3148,\n\n,SMM:p60:1,SMM:p60:2,259,164,423,0
3149,\n\n,SMM:p60:2,SMM:p61:0,164,249,413,0
3150,\n\n,SMM:p61:0,SMM:p61:1,249,271,520,0
3151,\n\n,SMM:p61:1,SMM:p61:2,271,284,555,0
3152,\n\n,SMM:p61:2,SMM:p61:3,284,74,358,0
3153,\n\n,SMM:p61:3,SMM:p62:0,74,236,310,0
3154,\n\n,SMM:p62:0,SMM:p62:1,236,200,436,0
3155,\n\n,SMM:p62:1,SMM:p63:0,200,300,500,0
3156,\n\n,SMM:p63:0,SMM:p63:1,300,302,602,0
3157,\n\n,SMM:p63:1,SMM:p63:2,302,130,432,0
3158,\n\n,SMM:p63:2,SMM:p64:0,130,247,377,0
3159,\n\n,SMM:p64:0,SMM:p64:1,247,212,459,0
3160,\n\n,SMM:p64:1,SMM:p65:0,212,90,302,0
3161,\n\n,SMM:p65:0,SMM:p65:1,90,224,314,0
3162,\n\n,SMM:p65:1,SMM:p65:2,224,49,274,1
3163,\n\n,SMM:p65:2,SMM:p65:3,49,281,331,1
3164,\n\n,SMM:p65:3,SMM:p65:4,281,36,317,0
3165,\n\n,SMM:p65:4,SMM:p66:0,36,267,303,0
3166,\n\n,SMM:p66:0,SMM:p66:1,267,189,457,1
3167,\n\n,SMM:p66:1,SMM:p67:0,189,284,474,1
3168,\n\n,SMM:p67:0,SMM:p67:1,284,234,519,1
3169,\n\n,SMM:p67:1,SMM:p67:2,234,297,531,0
3170,\n\n,SMM:p67:2,SMM:p68:0,297,276,573,0
3171,\n\n,SMM:p68:0,SMM:p68:1,276,282,558,0
3172,\n\n,SMM:p68:1,SMM:p68:2,282,283,565,0
3173,\n\n,SMM:p68:2,SMM:p68:3,283,53,337,1
3174,\n\n,SMM:p68:3,SMM:p68:4,53,58,111,0
3175,\n\n,SMM:p68:4,SMM:p69:0,58,45,104,1
3176,\n\n,SMM:p69:0,SMM:p69:1,45,293,339,1
3177,\n\n,SMM:p69:1,SMM:p69:2,293,34,327,0
3178,\n\n,SMM:p69:2,SMM:p69:3,34,264,298,0
3179,\n\n,SMM:p69:3,SMM:p69:4,264,160,425,1
3180,\n\n,SMM:p69:4,SMM:p70:0,160,251,411,0
3181,\n\n,SMM:p70:0,SMM:p70:1,251,85,336,0
3182,\n\n,SMM:p70:1,SMM:p71:0,85,360,445,0
3183,\n\n,SMM:p71:0,SMM:p71:1,360,53,413,0
3184,\n\n,SMM:p71:1,SMM:p72:0,53,242,296,1
3185,\n\n,SMM:p72:0,SMM:p72:1,242,268,510,0
3186,\n\n,SMM:p72:1,SMM:p72:2,268,134,402,0
3187,\n\n,SMM:p72:2,SMM:p73:0,134,104,238,0
3188,\n\n,SMM:p73:0,SMM:p73:1,104,288,392,0
3189,\n\n,SMM:p73:1,SMM:p73:2,288,208,496,0
3190,\n\n,SMM:p73:2,SMM:p73:3,208,201,409,0
3191,\n\n,SMM:p73:3,SMM:p74:0,201,296,497,0
3192,\n\n,SMM:p74:0,SMM:p74:1,296,103,399,0
3193,\n\n,SMM:p74:1,SMM:p74:2,103,269,373,1
3194,\n\n,SMM:p74:2,SMM:p74:3,269,103,372,0
3195,\n\n,SMM:p74:3,SMM:p75:0,103,271,374,0
3196,\n\n,SMM:p75:0,SMM:p75:1,271,269,540,0
3197,\n\n,SMM:p75:1,SMM:p75:2,269,254,523,0
3198,\n\n,SMM:p75:2,SMM:p76:0,254,305,559,0
3199,\n\n,SMM:p76:0,SMM:p76:1,305,258,563,0
3200,\n\n,SMM:p76:1,SMM:p76:2,258,240,498,0
3201,\n\n,SMM:p76:2,SMM:p77:0,240,280,520,0
3202,\n\n,SMM:p77:0,SMM:p77:1,280,283,563,0
3203,\n\n,SMM:p77:1,SMM:p77:2,283,32,316,1
3204,\n\n,SMM:p77:2,SMM:p77:3,32,268,300,0
3205,\n\n,SMM:p77:3,SMM:p77:4,268,228,496,0
3206,\n\n,SMM:p77:4,SMM:p78:0,228,289,517,0
3207,\n\n,SMM:p78:0,SMM:p78:1,289,89,378,0
3208,\n\n,SMM:p78:1,SMM:p79:0,89,278,367,0
3209,\n\n,SMM:p79:0,SMM:p79:1,278,99,377,0
3210,\n\n,SMM:p79:1,SMM:p80:0,99,75,174,0
3211,\n\n,SMM:p80:0,SMM:p80:1,75,275,350,0
3212,\n\n,SMM:p80:1,SMM:p80:2,275,254,530,1
3213,\n\n,SMM:p80:2,SMM:p80:3,254,82,336,0
3214,\n\n,SMM:p80:3,SMM:p81:0,82,293,375,0
3215,\n\n,SMM:p81:0,SMM:p81:1,293,37,330,0
3216,\n\n,SMM:p81:1,SMM:p81:2,37,283,321,1
3217,\n\n,SMM:p81:2,SMM:p81:3,283,120,404,1
3218,\n\n,SMM:p81:3,SMM:p82:0,120,306,426,0
3219,\n\n,SMM:p82:0,SMM:p82:1,306,339,645,0
3220,\n\n,SMM:p82:1,SMM:p82:2,339,108,447,0
3221,\n\n,SMM:p82:2,SMM:p83:0,108,270,379,1
3222,\n\n,SMM:p83:0,SMM:p83:1,270,114,385,1
3223,\n\n,SMM:p83:1,SMM:p84:0,114,315,429,0
3224,\n\n,SMM:p84:0,SMM:p84:1,315,208,524,1
3225,\n\n,SMM:p84:1,SMM:p85:0,208,301,509,0
3226,\n\n,SMM:p85:0,SMM:p85:1,301,256,557,0
3227,\n\n,SMM:p85:1,SMM:p85:2,256,222,479,1
3228,\n\n,SMM:p85:2,SMM:p86:0,222,217,439,0
3229,\n\n,SMM:p86:0,SMM:p86:1,217,222,439,0
3230,\n\n,SMM:p86:1,SMM:p86:2,222,136,358,0
3231,\n\n,SMM:p86:2,SMM:p87:0,136,165,301,0
3232,\n\n,SMM:p87:0,SMM:p87:1,165,245,410,0
3233,\n\n,SMM:p87:1,SMM:p88:0,245,295,540,0
3234,\n\n,SMM:p88:0,SMM:p88:1,295,273,568,0
3235,\n\n,SMM:p88:1,SMM:p88:2,273,172,445,0
3236,\n\n,SMM:p88:2,SMM:p89:0,172,54,227,1
3237,\n\n,SMM:p89:0,SMM:p90:0,54,191,245,0
3238,\n\n,SMM:p90:0,SMM:p91:0,191,289,480,0
3239,\n\n,SMM:p91:0,SMM:p91:1,289,287,576,0
3240,\n\n,SMM:p91:1,SMM:p91:2,287,74,361,0
3241,\n\n,SMM:p91:2,SMM:p92:0,74,240,315,1
3242,\n\n,SMM:p92:0,SMM:p93:0,240,103,343,0
3243,\n\n,SMM:p93:0,SMM:p93:1,103,268,371,0
3244,\n\n,SMM:p93:1,SMM:p93:2,268,272,540,0
3245,\n\n,SMM:p93:2,SMM:p93:3,272,42,315,1
3246,\n\n,SMM:p93:3,SMM:p94:0,42,275,317,0
3247,\n\n,SMM:p94:0,SMM:p94:1,275,234,509,0
3248,\n\n,SMM:p94:1,SMM:p94:2,234,95,329,0
3249,\n\n,SMM:p94:2,SMM:p95:0,95,236,331,0
3250,\n\n,SMM:p95:0,SMM:p95:1,236,190,426,0
3251,\n\n,SMM:p95:1,SMM:p96:0,190,133,323,0
3252,\n\n,SMM:p96:0,SMM:p96:1,133,284,417,0
3253,\n\n,SMM:p96:1,SMM:p96:2,284,39,324,1
3254,\n\n,SMM:p96:2,SMM:p96:3,39,275,314,0
3255,\n\n,SMM:p96:3,SMM:p97:0,275,289,564,0
3256,\n\n,SMM:p97:0,SMM:p97:1,289,294,584,1
3257,\n\n,SMM:p97:1,SMM:p97:2,294,142,437,1
3258,\n\n,SMM:p97:2,SMM:p97:3,142,191,334,1
3259,\n\n,SMM:p97:3,SMM:p98:0,191,294,485,0
3260,\n\n,SMM:p98:0,SMM:p98:1,294,267,561,0
3261,\n\n,SMM:p98:1,SMM:p98:2,267,195,462,0
3262,\n\n,SMM:p98:2,SMM:p98:3,195,124,319,0
3263,\n\n,SMM:p98:3,TACM:p1:0,124,368,492,0
3264,\n\n,TACM:p1:0,TACM:p1:1,368,88,457,1
3265,\n\n,TACM:p1:1,TACM:p2:0,88,303,392,1
3266,\n\n,TACM:p2:0,TACM:p3:0,303,294,598,1
3267,\n\n,TACM:p3:0,TACM:p3:1,294,277,571,0
3268,\n\n,TACM:p3:1,TACM:p3:2,277,301,578,0
3269,\n\n,TACM:p3:2,TACM:p3:3,301,43,344,0
3270,\n\n,TACM:p3:3,TACM:p4:0,43,44,88,1
3271,\n\n,TACM:p4:0,TACM:p5:0,44,201,245,0
3272,\n\n,TACM:p5:0,TACM:p6:0,201,193,394,0
3273,\n\n,TACM:p6:0,TACM:p7:0,193,291,484,0
3274,\n\n,TACM:p7:0,TACM:p7:1,291,147,438,0
3275,\n\n,TACM:p7:1,TACM:p8:0,147,170,317,0
3276,\n\n,TACM:p8:0,TACM:p8:1,170,148,318,0
3277,\n\n,TACM:p8:1,TACM:p8:2,148,257,405,0
3278,\n\n,TACM:p8:2,TACM:p8:3,257,39,296,0
3279,\n\n,TACM:p8:3,TACM:p9:0,39,207,246,0
3280,\n\n,TACM:p9:0,TACM:p9:1,207,257,464,0
3281,\n\n,TACM:p9:1,TACM:p9:2,257,116,374,1
3282,\n\n,TACM:p9:2,TACM:p10:0,116,264,381,1
3283,\n\n,TACM:p10:0,TACM:p10:1,264,213,477,0
3284,\n\n,TACM:p10:1,TACM:p11:0,213,142,355,0
3285,\n\n,TACM:p11:0,TACM:p11:1,142,163,306,1
3286,\n\n,TACM:p11:1,TACM:p11:2,163,30,193,0
3287,\n\n,TACM:p11:2,TACM:p11:3,30,73,103,0
3288,\n\n,TACM:p11:3,TACM:p12:0,73,255,329,1
3289,\n\n,TACM:p12:0,TACM:p13:0,255,78,334,1
3290,\n\n,TACM:p13:0,TACM:p14:0,78,77,155,0
3291,\n\n,TACM:p14:0,TACM:p14:1,77,316,393,0
3292,\n\n,TACM:p14:1,TACM:p14:2,316,123,440,1
3293,\n\n,TACM:p14:2,TACM:p15:0,123,384,508,1
3294,\n\n,TACM:p15:0,TACM:p15:1,384,171,556,1
3295,\n\n,TACM:p15:1,TACM:p16:0,171,378,550,1
3296,\n\n,TACM:p16:0,TACM:p16:1,378,123,502,1
3297,\n\n,TACM:p16:1,TACM:p17:0,123,124,248,1
3298,\n\n,TACM:p17:0,TACM:p17:1,124,230,355,1
3299,\n\n,TACM:p17:1,TACM:p18:0,230,242,473,1
3300,\n\n,TACM:p18:0,TACM:p19:0,242,268,511,1
3301,\n\n,TACM:p19:0,TACM:p20:0,268,254,523,1
3302,\n\n,TACM:p20:0,TACM:p20:1,254,228,483,1
3303,\n\n,TACM:p20:1,TACM:p20:2,228,83,312,1
3304,\n\n,TACM:p20:2,TACM:p21:0,83,288,371,0
3305,\n\n,TACM:p21:0,TACM:p21:1,288,206,494,0
3306,\n\n,TACM:p21:1,TACM:p21:2,206,188,394,0
3307,\n\n,TACM:p21:2,TACM:p21:3,188,87,276,1
3308,\n\n,TACM:p21:3,TACM:p22:0,87,207,295,1
3309,\n\n,TACM:p22:0,TACM:p22:1,207,230,438,1
3310,\n\n,TACM:p22:1,TACM:p22:2,230,54,285,1
3311,\n\n,TACM:p22:2,TACM:p23:0,54,261,316,1
3312,\n\n,TACM:p23:0,TACM:p23:1,261,94,355,0
3313,\n\n,TACM:p23:1,TACM:p24:0,94,71,165,0
3314,\n\n,TACM:p24:0,TACM:p25:0,71,68,139,0
3315,\n\n,TACM:p25:0,TACM:p26:0,68,37,105,0
3316,\n\n,TACM:p26:0,TACM:p27:0,37,36,73,0
3317,\n\n,TACM:p27:0,TACM:p28:0,36,257,293,0
3318,\n\n,TACM:p28:0,TACM:p28:1,257,222,480,1
3319,\n\n,TACM:p28:1,TACM:p29:0,222,264,486,0
3320,\n\n,TACM:p29:0,TACM:p30:0,264,79,344,1
3321,\n\n,TACM:p30:0,TACM:p31:0,79,226,305,0
3322,\n\n,TACM:p31:0,TACM:p32:0,226,362,588,0
3323,\n\n,TACM:p32:0,TACM:p32:1,362,230,593,1
3324,\n\n,TACM:p32:1,TACM:p33:0,230,293,524,1
3325,\n\n,TACM:p33:0,TACM:p33:1,293,135,429,1
3326,\n\n,TACM:p33:1,TACM:p34:0,135,364,500,1
3327,\n\n,TACM:p34:0,TACM:p34:1,364,230,595,1
3328,\n\n,TACM:p34:1,TACM:p35:0,230,305,535,0
3329,\n\n,TACM:p35:0,TACM:p35:1,305,77,383,1
3330,\n\n,TACM:p35:1,TACM:p35:2,77,192,270,1
3331,\n\n,TACM:p35:2,TACM:p36:0,192,267,460,1
3332,\n\n,TACM:p36:0,TACM:p36:1,267,200,468,1
3333,\n\n,TACM:p36:1,TACM:p37:0,200,242,442,0
3334,\n\n,TACM:p37:0,TACM:p38:0,242,147,390,1
3335,\n\n,TACM:p38:0,TACM:p104:0,147,171,319,1
3336,\n\n,TACM:p104:0,TACM:p104:1,171,410,582,1
3337,\n\n,TACM:p104:1,TACM:p104:2,410,104,515,1
3338,\n\n,TACM:p104:2,TACM:p104:3,104,178,283,1
3339,\n\n,TACM:p104:3,TACM:p104:4,178,307,486,1
3340,\n\n,TACM:p104:4,TACM:p104:5,307,348,656,1
3341,\n\n,TACM:p104:5,TACM:p104:6,348,55,404,1
3342,\n\n,TACM:p104:6,TACM:p105:0,55,408,464,1
3343,\n\n,TACM:p105:0,TACM:p105:1,408,417,826,1
3344,\n\n,TACM:p105:1,TACM:p105:2,417,67,485,1
3345,\n\n,TACM:p105:2,TACM:p105:3,67,347,415,1
3346,\n\n,TACM:p105:3,TACM:p105:4,347,78,426,1
3347,\n\n,TACM:p105:4,TACM:p106:0,78,108,187,1
3348,\n\n,TACM:p106:0,TACM:p106:1,108,396,505,1
3349,\n\n,TACM:p106:1,TACM:p106:2,396,254,651,1
3350,\n\n,TACM:p106:2,TACM:p106:3,254,143,398,1
3351,\n\n,TACM:p106:3,TACM:p106:4,143,409,553,1
3352,\n\n,TACM:p106:4,TACM:p106:5,409,145,555,1
3353,\n\n,TACM:p106:5,TACM:p106:6,145,122,268,1
3354,\n\n,TACM:p106:6,TACM:p107:0,122,473,596,1
3355,\n\n,TACM:p107:0,TACM:p107:1,473,267,741,1
3356,\n\n,TACM:p107:1,TACM:p108:0,267,396,664,1
3357,\n\n,TACM:p108:0,TACM:p108:1,396,293,690,1
3358,\n\n,TACM:p108:1,TACM:p108:2,293,182,476,1
3359,\n\n,TACM:p108:2,TACM:p108:3,182,408,591,1
3360,\n\n,TACM:p108:3,TACM:p108:4,408,87,496,1
3361,\n\n,TACM:p108:4,TACM:p108:5,87,388,476,1
3362,\n\n,TACM:p108:5,TACM:p108:6,388,83,472,1
3363,\n\n,TACM:p108:6,TACM:p108:7,83,56,140,1
3364,\n\n,TACM:p108:7,TACM:p109:0,56,79,136,1
3365,\n\n,TACM:p109:0,TACM:p109:1,79,376,456,1
3366,\n\n,TACM:p109:1,TACM:p109:2,376,361,737,0
3367,\n\n,TACM:p109:2,TACM:p109:3,361,336,698,1
3368,\n\n,TACM:p109:3,TACM:p109:4,336,232,569,1
3369,\n\n,TACM:p109:4,TACM:p109:5,232,53,286,1
3370,\n\n,TACM:p109:5,TACM:p110:0,53,381,435,1
3371,\n\n,TACM:p110:0,TACM:p110:1,381,45,427,1
3372,\n\n,TACM:p110:1,TACM:p110:2,45,308,354,1
3373,\n\n,TACM:p110:2,TACM:p110:3,308,75,384,1
3374,\n\n,TACM:p110:3,TACM:p110:4,75,431,507,1
3375,\n\n,TACM:p110:4,TACM:p110:5,431,209,641,1
3376,\n\n,TACM:p110:5,TACM:p110:6,209,56,266,1
3377,\n\n,TACM:p110:6,TACM:p111:0,56,261,318,1
3378,\n\n,TACM:p111:0,TACM:p111:1,261,415,677,1
3379,\n\n,TACM:p111:1,TACM:p111:2,415,149,565,1
3380,\n\n,TACM:p111:2,TACM:p111:3,149,425,575,1
3381,\n\n,TACM:p111:3,TACM:p111:4,425,74,500,1
3382,\n\n,TACM:p111:4,TACM:p111:5,74,294,369,1
3383,\n\n,TACM:p111:5,TACM:p112:0,294,476,771,1
3384,\n\n,TACM:p112:0,TACM:p112:1,476,106,583,1
3385,\n\n,TACM:p112:1,TACM:p112:2,106,182,289,1
3386,\n\n,TACM:p112:2,TACM:p112:3,182,309,492,1
3387,\n\n,TACM:p112:3,TACM:p112:4,309,398,708,1
3388,\n\n,TACM:p112:4,TACM:p112:5,398,220,619,1
3389,\n\n,TACM:p112:5,TACM:p112:6,220,55,276,1
3390,\n\n,TACM:p112:6,TACM:p113:0,55,446,502,1
3391,\n\n,TACM:p113:0,TACM:p113:1,446,332,778,0
3392,\n\n,TACM:p113:1,TACM:p113:2,332,356,689,1
3393,\n\n,TACM:p113:2,TACM:p113:3,356,106,462,0
3394,\n\n,TACM:p113:3,TACM:p113:4,106,196,303,1
3395,\n\n,TACM:p113:4,TACM:p114:0,196,328,525,1
3396,\n\n,TACM:p114:0,TACM:p114:1,328,402,731,1
3397,\n\n,TACM:p114:1,TACM:p114:2,402,258,661,1
3398,\n\n,TACM:p114:2,TACM:p114:3,258,340,599,1
3399,\n\n,TACM:p114:3,TACM:p114:4,340,55,396,1
3400,\n\n,TACM:p114:4,TACM:p115:0,55,429,485,1
3401,\n\n,TACM:p115:0,TACM:p115:1,429,489,919,1
3402,\n\n,TACM:p115:1,TACM:p115:2,489,328,818,1
3403,\n\n,TACM:p115:2,TACM:p116:0,328,130,459,1
3404,\n\n,TACM:p116:0,TACM:p117:0,130,212,342,0
3405,\n\n,TACM:p117:0,TACM:p118:0,212,101,314,1
3406,\n\n,TACM:p118:0,TACM:p119:0,101,162,264,1
3407,\n\n,TACM:p119:0,TACM:p120:0,162,276,438,0
